templateCode,fieldKey,fieldLabel,required,dataSourceKind,classification,recommendedPrefillKind,reason,currentSampleValue,controlType
BM-001,"document.issuePlaceDateLine","Địa điểm, ngày lập",true,SYSTEM,SAFE_RUNTIME_DEFAULT,DOCUMENT_PLACE_DATE,"SYSTEM/CURRENT_DATE field. Label ""Địa điểm, ngày lập"" matches safe document place/date pattern.","TP. Hồ Chí Minh, ngày 01 tháng 01 năm 2026",TEXT
BM-001,"receiver.fullName","Họ tên người tiếp nhận",true,MANUAL,NEVER_AUTO,NONE,"Label ""Họ tên người tiếp nhận"" matches NEVER_AUTO pattern.",,TEXT
BM-001,"receiver.positionTitle","Chức vụ",true,OFFICIAL,NEVER_AUTO,NONE,"Label ""Chức vụ"" matches NEVER_AUTO pattern.",,TEXT
BM-001,"receiver.departmentName","Đơn vị công tác",true,MANUAL,NEVER_AUTO,NONE,"Label ""Đơn vị công tác"" matches NEVER_AUTO pattern.",,TEXT
BM-001,"informant.fullName","Họ tên người cung cấp tin",true,MANUAL,NEVER_AUTO,NONE,"Label ""Họ tên người cung cấp tin"" matches NEVER_AUTO pattern.",,TEXT
BM-001,"informant.genderLabel","Giới tính",true,MANUAL,NEVER_AUTO,NONE,"Label ""Giới tính"" matches NEVER_AUTO pattern.",,TEXT
BM-001,"informant.otherName","Tên gọi khác",true,MANUAL,NEVER_AUTO,NONE,"Label ""Tên gọi khác"" matches NEVER_AUTO pattern.",,TEXT
BM-001,"informant.birthDay","Ngày sinh",true,MANUAL,NEVER_AUTO,NONE,"Label ""Ngày sinh"" matches NEVER_AUTO pattern.",,TEXT
BM-001,"informant.birthMonth","Tháng sinh",true,MANUAL,NEVER_AUTO,NONE,"Label ""Tháng sinh"" matches NEVER_AUTO pattern.",,TEXT
BM-001,"informant.birthYear","Năm sinh",true,MANUAL,NEVER_AUTO,NONE,"Label ""Năm sinh"" matches NEVER_AUTO pattern.",,TEXT
BM-001,"informant.placeOfBirth","Nơi sinh",true,MANUAL,NEVER_AUTO,NONE,"Label ""Nơi sinh"" matches NEVER_AUTO pattern.",,TEXT
BM-001,"informant.nationality","Quốc tịch",true,MANUAL,NEVER_AUTO,NONE,"Label ""Quốc tịch"" matches NEVER_AUTO pattern.",,TEXT
BM-001,"informant.ethnicity","Dân tộc",true,MANUAL,NEVER_AUTO,NONE,"Label ""Dân tộc"" matches NEVER_AUTO pattern.",,TEXT
BM-001,"informant.religion","Tôn giáo",true,MANUAL,NEVER_AUTO,NONE,"Label ""Tôn giáo"" matches NEVER_AUTO pattern.",,TEXT
BM-001,"informant.occupation","Nghề nghiệp",true,MANUAL,NEVER_AUTO,NONE,"Label ""Nghề nghiệp"" matches NEVER_AUTO pattern.",,TEXT
BM-001,"informant.identityNo","Số CCCD/CMND",true,MANUAL,NEVER_AUTO,NONE,"Label ""Số CCCD/CMND"" matches NEVER_AUTO pattern.",,TEXT
BM-001,"informant.identityIssuedDay","Ngày cấp",true,MANUAL,NEVER_AUTO,NONE,"Label ""Ngày cấp"" matches NEVER_AUTO pattern.",,TEXT
BM-001,"informant.identityIssuedMonth","Tháng cấp",true,MANUAL,NEVER_AUTO,NONE,"Label ""Tháng cấp"" matches NEVER_AUTO pattern.",,TEXT
BM-001,"informant.identityIssuedYear","Năm cấp",true,MANUAL,NEVER_AUTO,NONE,"Label ""Năm cấp"" matches NEVER_AUTO pattern.",,TEXT
BM-001,"informant.identityIssuedPlace","Nơi cấp",true,MANUAL,NEVER_AUTO,NONE,"Label ""Nơi cấp"" matches NEVER_AUTO pattern.",,TEXT
BM-001,"informant.permanentAddress","Nơi thường trú",true,MANUAL,NEVER_AUTO,NONE,"Label ""Nơi thường trú"" matches NEVER_AUTO pattern.",,TEXT
BM-001,"informant.temporaryAddress","Nơi tạm trú",true,MANUAL,NEVER_AUTO,NONE,"Label ""Nơi tạm trú"" matches NEVER_AUTO pattern.",,TEXT
BM-001,"informant.currentAddress","Nơi ở hiện tại",true,MANUAL,NEVER_AUTO,NONE,"Label ""Nơi ở hiện tại"" matches NEVER_AUTO pattern.",,TEXT
BM-001,"informant.phone","Số điện thoại",true,MANUAL,NEVER_AUTO,NONE,"Label ""Số điện thoại"" matches NEVER_AUTO pattern.",,TEXT
BM-001,"informant.representedOrganization","Người đại diện cơ quan, tổ chức",true,MANUAL,NEVER_AUTO,NONE,"Label ""Người đại diện cơ quan, tổ chức"" matches NEVER_AUTO pattern.",,TEXT
BM-001,"informant.signerName","Người ký",true,OFFICIAL,NEVER_AUTO,NONE,"Label ""Người ký"" matches NEVER_AUTO pattern.",,TEXT
BM-001,"receiver.signerName","Người ký",true,OFFICIAL,NEVER_AUTO,NONE,"Label ""Người ký"" matches NEVER_AUTO pattern.",,TEXT
BM-001,"recipients.archiveLine","Nơi lưu",true,MANUAL,SAFE_GENERIC_PREFILL,GENERIC_TEXT,"Path ""recipients.archiveLine"" is generic/common boilerplate safe for prefill.",,TEXT
BM-001,"reception.startedAtTimeText","Giờ bắt đầu tiếp nhận",true,MANUAL,NEVER_AUTO,NONE,"Label ""Giờ bắt đầu tiếp nhận"" matches NEVER_AUTO pattern.",,TEXT
BM-001,"reception.startedAtDay","Ngày bắt đầu tiếp nhận",true,MANUAL,NEVER_AUTO,NONE,"Label ""Ngày bắt đầu tiếp nhận"" matches NEVER_AUTO pattern.",,TEXT
BM-001,"reception.startedAtMonth","Tháng bắt đầu tiếp nhận",true,MANUAL,NEVER_AUTO,NONE,"Label ""Tháng bắt đầu tiếp nhận"" matches NEVER_AUTO pattern.",,TEXT
BM-001,"reception.startedAtYear","Năm bắt đầu tiếp nhận",true,MANUAL,NEVER_AUTO,NONE,"Label ""Năm bắt đầu tiếp nhận"" matches NEVER_AUTO pattern.",,TEXT
BM-001,"reception.locationName","Địa điểm tiếp nhận",true,MANUAL,NEVER_AUTO,NONE,"Label ""Địa điểm tiếp nhận"" matches NEVER_AUTO pattern.",,TEXT
BM-001,"crimeReport.content","Nội dung nguồn tin, vụ việc",true,MANUAL,NEVER_AUTO,NONE,"Label ""Nội dung nguồn tin, vụ việc"" matches NEVER_AUTO pattern.",,TEXTAREA
BM-001,"crimeReport.attachedItemsDescription","Tài liệu, đồ vật kèm theo",false,MANUAL,NEVER_AUTO,NONE,"Label ""Tài liệu, đồ vật kèm theo"" matches NEVER_AUTO pattern.",,TEXTAREA
BM-001,"reception.endedAtTimeText","Giờ kết thúc tiếp nhận",true,MANUAL,NEVER_AUTO,NONE,"Label ""Giờ kết thúc tiếp nhận"" matches NEVER_AUTO pattern.",,TEXT
BM-001,"reception.endedAtDay","Ngày kết thúc tiếp nhận",true,MANUAL,REVIEW_REQUIRED,NONE,"Label ""Ngày kết thúc tiếp nhận"" is ambiguous — requires manual classification before auto-fill.",,TEXT
BM-001,"reception.endedAtMonth","Tháng kết thúc tiếp nhận",true,MANUAL,NEVER_AUTO,NONE,"Label ""Tháng kết thúc tiếp nhận"" matches NEVER_AUTO pattern.",,TEXT
BM-001,"reception.endedAtYear","Năm kết thúc tiếp nhận",true,MANUAL,NEVER_AUTO,NONE,"Label ""Năm kết thúc tiếp nhận"" matches NEVER_AUTO pattern.",,TEXT
BM-002,"agency.parentName","Cơ quan cấp trên",true,AGENCY,NEVER_AUTO,NONE,"Label ""Cơ quan cấp trên"" matches NEVER_AUTO pattern.",,TEXT
BM-002,"agency.name","Tên cơ quan",true,AGENCY,NEVER_AUTO,NONE,"Label ""Tên cơ quan"" matches NEVER_AUTO pattern.",,TEXT
BM-002,"document.documentCode","Số văn bản",true,MANUAL,NEVER_AUTO,NONE,"Label ""Số văn bản"" matches NEVER_AUTO pattern.",,TEXT
BM-002,"document.issuePlaceAndDateLine","Địa điểm, ngày tháng năm",true,SYSTEM,SAFE_RUNTIME_DEFAULT,DOCUMENT_PLACE_DATE,"SYSTEM/CURRENT_DATE field. Label ""Địa điểm, ngày tháng năm"" matches safe document place/date pattern.","TP. Hồ Chí Minh, ngày 01 tháng 01 năm 2026",TEXT
BM-002,"receiver.name","Tên người tiếp nhận",true,MANUAL,NEVER_AUTO,NONE,"Label ""Tên người tiếp nhận"" matches NEVER_AUTO pattern.",,TEXT
BM-002,"sourceReport.receivedDateLine","Ngày tiếp nhận",true,SYSTEM,NEVER_AUTO,NONE,"Label ""Ngày tiếp nhận"" matches NEVER_AUTO pattern.",,TEXT
BM-002,"agency.bodyName","Tên cơ quan",true,AGENCY,NEVER_AUTO,NONE,"Label ""Tên cơ quan"" matches NEVER_AUTO pattern.",,TEXT
BM-002,"reporter.fullName","Họ tên người báo tin",true,MANUAL,NEVER_AUTO,NONE,"Label ""Họ tên người báo tin"" matches NEVER_AUTO pattern.",,TEXT
BM-002,"reporter.genderText","Giới tính",true,MANUAL,NEVER_AUTO,NONE,"Label ""Giới tính"" matches NEVER_AUTO pattern.",,TEXT
BM-002,"reporter.otherName","Tên gọi khác",true,MANUAL,NEVER_AUTO,NONE,"Label ""Tên gọi khác"" matches NEVER_AUTO pattern.",,TEXT
BM-002,"reporter.birthDateLine","Sinh ngày",true,SYSTEM,NEVER_AUTO,NONE,"Label ""Sinh ngày"" matches NEVER_AUTO pattern.",,TEXT
BM-002,"reporter.birthPlace","Nơi sinh",true,MANUAL,NEVER_AUTO,NONE,"Label ""Nơi sinh"" matches NEVER_AUTO pattern.",,TEXT
BM-002,"reporter.nationality","Quốc tịch",true,MANUAL,NEVER_AUTO,NONE,"Label ""Quốc tịch"" matches NEVER_AUTO pattern.",,TEXT
BM-002,"reporter.ethnicity","Dân tộc",true,MANUAL,NEVER_AUTO,NONE,"Label ""Dân tộc"" matches NEVER_AUTO pattern.",,TEXT
BM-002,"reporter.religion","Tôn giáo",true,MANUAL,NEVER_AUTO,NONE,"Label ""Tôn giáo"" matches NEVER_AUTO pattern.",,TEXT
BM-002,"reporter.occupation","Nghề nghiệp",true,MANUAL,NEVER_AUTO,NONE,"Label ""Nghề nghiệp"" matches NEVER_AUTO pattern.",,TEXT
BM-002,"reporter.identityNumber","Số CCCD/CMND",true,MANUAL,NEVER_AUTO,NONE,"Label ""Số CCCD/CMND"" matches NEVER_AUTO pattern.",,TEXT
BM-002,"reporter.identityIssueDateLine","Cấp ngày",true,SYSTEM,NEVER_AUTO,NONE,"Label ""Cấp ngày"" matches NEVER_AUTO pattern.",,TEXT
BM-002,"reporter.identityIssuePlace","Nơi cấp",true,MANUAL,NEVER_AUTO,NONE,"Label ""Nơi cấp"" matches NEVER_AUTO pattern.",,TEXT
BM-002,"reporter.permanentResidence","Nơi thường trú",true,MANUAL,NEVER_AUTO,NONE,"Label ""Nơi thường trú"" matches NEVER_AUTO pattern.",,TEXT
BM-002,"reporter.temporaryResidence","Nơi tạm trú",true,MANUAL,NEVER_AUTO,NONE,"Label ""Nơi tạm trú"" matches NEVER_AUTO pattern.",,TEXT
BM-002,"reporter.currentResidence","Nơi ở hiện tại",true,MANUAL,NEVER_AUTO,NONE,"Label ""Nơi ở hiện tại"" matches NEVER_AUTO pattern.",,TEXT
BM-002,"reporter.phoneNumber","Số điện thoại",true,MANUAL,NEVER_AUTO,NONE,"Label ""Số điện thoại"" matches NEVER_AUTO pattern.",,TEXT
BM-002,"reporter.organizationRepresentative","Người đại diện cơ quan, tổ chức",true,MANUAL,NEVER_AUTO,NONE,"Label ""Người đại diện cơ quan, tổ chức"" matches NEVER_AUTO pattern.",,TEXT
BM-002,"sourceReport.content","Nội dung",true,MANUAL,REVIEW_REQUIRED,NONE,"Label ""Nội dung"" is ambiguous — requires manual classification before auto-fill.",,TEXT
BM-002,"recipients.primaryLine","Nơi nhận",true,MANUAL,SAFE_GENERIC_PREFILL,GENERIC_TEXT,"Path ""recipients.primaryLine"" is generic/common boilerplate safe for prefill.",,TEXT
BM-002,"recipients.archiveLine","Nơi lưu",true,MANUAL,SAFE_GENERIC_PREFILL,GENERIC_TEXT,"Path ""recipients.archiveLine"" is generic/common boilerplate safe for prefill.",,TEXT
BM-002,"signature.positionTitle","Chức vụ",true,OFFICIAL,NEVER_AUTO,NONE,"Label ""Chức vụ"" matches NEVER_AUTO pattern.",,TEXT
BM-002,"signature.signerName","Người ký",true,OFFICIAL,NEVER_AUTO,NONE,"Label ""Người ký"" matches NEVER_AUTO pattern.",,TEXT
BM-002,"sourceTransfer.attachedItemsDescription","Tài liệu, đồ vật kèm theo",false,MANUAL,NEVER_AUTO,NONE,"Label ""Tài liệu, đồ vật kèm theo"" matches NEVER_AUTO pattern.",,TEXTAREA
BM-003,"agency.parentName","Cơ quan cấp trên",true,AGENCY,NEVER_AUTO,NONE,"Label ""Cơ quan cấp trên"" matches NEVER_AUTO pattern.",,TEXT
BM-003,"agency.name","Tên cơ quan",true,AGENCY,NEVER_AUTO,NONE,"Label ""Tên cơ quan"" matches NEVER_AUTO pattern.",,TEXT
BM-003,"document.documentCode","Số văn bản",true,MANUAL,NEVER_AUTO,NONE,"Label ""Số văn bản"" matches NEVER_AUTO pattern.",,TEXT
BM-003,"document.issuePlaceAndDateLine","Địa điểm, ngày lập văn bản",true,SYSTEM,SAFE_RUNTIME_DEFAULT,DOCUMENT_PLACE_DATE,"SYSTEM/CURRENT_DATE field. Label ""Địa điểm, ngày lập văn bản"" matches safe document place/date pattern.","TP. Hồ Chí Minh, ngày 01 tháng 01 năm 2026",TEXT
BM-003,"legalBasis.procedureArticlesLine","Căn cứ pháp lý",true,OFFICIAL,NEVER_AUTO,NONE,"Label ""Căn cứ pháp lý"" matches NEVER_AUTO pattern.",,TEXT
BM-003,"official.issuerTitle","Chủ thể ban hành",true,OFFICIAL,NEVER_AUTO,NONE,"Label ""Chủ thể ban hành"" matches NEVER_AUTO pattern.",,TEXT
BM-003,"recipients.primaryLine","Nơi nhận",true,MANUAL,SAFE_GENERIC_PREFILL,GENERIC_TEXT,"Path ""recipients.primaryLine"" is generic/common boilerplate safe for prefill.",,TEXT
BM-003,"recipients.archiveLine","Lưu hồ sơ",true,MANUAL,SAFE_GENERIC_PREFILL,GENERIC_TEXT,"Path ""recipients.archiveLine"" is generic/common boilerplate safe for prefill.",,TEXT
BM-003,"signature.signMode","Phương thức ký",true,OFFICIAL,NEVER_AUTO,NONE,"Label ""Phương thức ký"" matches NEVER_AUTO pattern.",,TEXT
BM-003,"signature.positionTitle","Chức vụ",true,OFFICIAL,NEVER_AUTO,NONE,"Label ""Chức vụ"" matches NEVER_AUTO pattern.",,TEXT
BM-003,"signature.signerName","Người ký",true,OFFICIAL,NEVER_AUTO,NONE,"Label ""Người ký"" matches NEVER_AUTO pattern.",,TEXT
BM-003,"sourceAssignment.article1Line","Điều 1",true,MANUAL,NEVER_AUTO,NONE,"Label ""Điều 1"" matches NEVER_AUTO pattern.",,TEXTAREA
BM-003,"sourceAssignment.article2Line","Điều 2",true,MANUAL,NEVER_AUTO,NONE,"Label ""Điều 2"" matches NEVER_AUTO pattern.",,TEXTAREA
BM-003,"sourceAssignment.article3Line","Điều 3",true,MANUAL,NEVER_AUTO,NONE,"Label ""Điều 3"" matches NEVER_AUTO pattern.",,TEXTAREA
BM-004,"agency.vienKiem","Tên cơ quan",false,AGENCY,NEVER_AUTO,NONE,"Label ""Tên cơ quan"" matches NEVER_AUTO pattern.",,TEXT
BM-004,"agency.tenCo","Tên cơ quan",false,AGENCY,NEVER_AUTO,NONE,"Label ""Tên cơ quan"" matches NEVER_AUTO pattern.",,TEXT
BM-004,"document.vietTat","Tên viết tắt",false,MANUAL,NEVER_AUTO,NONE,"Label ""Tên viết tắt"" matches NEVER_AUTO pattern.",,TEXT
BM-004,"signature.positionTitle","Chức danh",false,OFFICIAL,NEVER_AUTO,NONE,"Label ""Chức danh"" matches NEVER_AUTO pattern.",,TEXT
BM-004,"agency.diaDanh","Địa danh",false,AGENCY,NEVER_AUTO,NONE,"Label ""Địa danh"" matches NEVER_AUTO pattern.",,TEXT
BM-005,"agency.parentName","Cơ quan cấp trên",true,AGENCY,NEVER_AUTO,NONE,"Label ""Cơ quan cấp trên"" matches NEVER_AUTO pattern.",,TEXT
BM-005,"agency.name","Viện kiểm sát ban hành",true,AGENCY,NEVER_AUTO,NONE,"Label ""Viện kiểm sát ban hành"" matches NEVER_AUTO pattern.",,TEXT
BM-005,"document.documentCode","Số yêu cầu",true,MANUAL,NEVER_AUTO,NONE,"Label ""Số yêu cầu"" matches NEVER_AUTO pattern.",,TEXT
BM-005,"document.issuePlaceAndDateLine","Địa danh, ngày ban hành",true,SYSTEM,SAFE_RUNTIME_DEFAULT,DOCUMENT_PLACE_DATE,"SYSTEM/CURRENT_DATE field. Label ""Địa danh, ngày ban hành"" matches safe document place/date pattern.","TP. Hồ Chí Minh, ngày 01 tháng 01 năm 2026",TEXT
BM-005,"sourceVerification.requestRoundText","Lần yêu cầu",true,MANUAL,NEVER_AUTO,NONE,"Label ""Lần yêu cầu"" matches NEVER_AUTO pattern.",,TEXT
BM-005,"sourceVerification.procedureArticlesLine","Căn cứ tố tụng",true,OFFICIAL,NEVER_AUTO,NONE,"Label ""Căn cứ tố tụng"" matches NEVER_AUTO pattern.",,TEXTAREA
BM-005,"sourceVerification.reasonLine","Nhận định cần kiểm tra, xác minh",true,MANUAL,NEVER_AUTO,NONE,"Label ""Nhận định cần kiểm tra, xác minh"" matches NEVER_AUTO pattern.",,TEXTAREA
BM-005,"sourceVerification.requestedAuthorityLine","Cơ quan hoặc người được yêu cầu",true,MANUAL,NEVER_AUTO,NONE,"Label ""Cơ quan hoặc người được yêu cầu"" matches NEVER_AUTO pattern.",,TEXTAREA
BM-005,"sourceVerification.issue1Line","Vấn đề thứ nhất",true,MANUAL,NEVER_AUTO,NONE,"Label ""Vấn đề thứ nhất"" matches NEVER_AUTO pattern.",,TEXTAREA
BM-005,"sourceVerification.issue2Line","Vấn đề thứ hai",false,MANUAL,NEVER_AUTO,NONE,"Label ""Vấn đề thứ hai"" matches NEVER_AUTO pattern.",,TEXTAREA
BM-005,"sourceVerification.issue3Line","Vấn đề thứ ba",false,MANUAL,NEVER_AUTO,NONE,"Label ""Vấn đề thứ ba"" matches NEVER_AUTO pattern.",,TEXTAREA
BM-005,"sourceVerification.additionalIssuesLine","Vấn đề bổ sung",false,MANUAL,NEVER_AUTO,NONE,"Label ""Vấn đề bổ sung"" matches NEVER_AUTO pattern.",,TEXTAREA
BM-005,"sourceVerification.resultSubmissionLine","Yêu cầu gửi kết quả",true,MANUAL,NEVER_AUTO,NONE,"Label ""Yêu cầu gửi kết quả"" matches NEVER_AUTO pattern.",,TEXTAREA
BM-005,"recipients.investigatingAgencyLine","Cơ quan điều tra nhận văn bản",true,MANUAL,NEVER_AUTO,NONE,"Label ""Cơ quan điều tra nhận văn bản"" matches NEVER_AUTO pattern.",,TEXT
BM-005,"recipients.archiveLine","Lưu hồ sơ",true,MANUAL,SAFE_GENERIC_PREFILL,GENERIC_TEXT,"Path ""recipients.archiveLine"" is generic/common boilerplate safe for prefill.",,TEXT
BM-005,"signature.signerName","Kiểm sát viên ký",true,OFFICIAL,NEVER_AUTO,NONE,"Label ""Kiểm sát viên ký"" matches NEVER_AUTO pattern.",,TEXT
BM-006,"agency.parentName","Cơ quan cấp trên",true,AGENCY,NEVER_AUTO,NONE,"Label ""Cơ quan cấp trên"" matches NEVER_AUTO pattern.",,TEXT
BM-006,"agency.name","Viện kiểm sát ban hành",true,AGENCY,NEVER_AUTO,NONE,"Label ""Viện kiểm sát ban hành"" matches NEVER_AUTO pattern.",,TEXT
BM-006,"document.documentCode","Số yêu cầu",true,MANUAL,NEVER_AUTO,NONE,"Label ""Số yêu cầu"" matches NEVER_AUTO pattern.",,TEXT
BM-006,"document.issuePlaceAndDateLine","Địa danh, ngày ban hành",true,SYSTEM,SAFE_RUNTIME_DEFAULT,DOCUMENT_PLACE_DATE,"SYSTEM/CURRENT_DATE field. Label ""Địa danh, ngày ban hành"" matches safe document place/date pattern.","TP. Hồ Chí Minh, ngày 01 tháng 01 năm 2026",TEXT
BM-006,"official.issuerTitle","Chủ thể ban hành",true,MANUAL,NEVER_AUTO,NONE,"Label ""Chủ thể ban hành"" matches NEVER_AUTO pattern.",,TEXT
BM-006,"sourceRequest.reasonLine","Lý do xét thấy",true,MANUAL,NEVER_AUTO,NONE,"Label ""Lý do xét thấy"" matches NEVER_AUTO pattern.",,TEXTAREA
BM-006,"sourceRequest.receiverName","Cơ quan hoặc người được yêu cầu",true,MANUAL,NEVER_AUTO,NONE,"Label ""Cơ quan hoặc người được yêu cầu"" matches NEVER_AUTO pattern.",,TEXT
BM-006,"sourceRequest.actionLine","Hành động được yêu cầu",true,MANUAL,NEVER_AUTO,NONE,"Label ""Hành động được yêu cầu"" matches NEVER_AUTO pattern.",,TEXTAREA
BM-006,"sourceRequest.caseSummary","Tóm tắt vụ việc",true,MANUAL,NEVER_AUTO,NONE,"Label ""Tóm tắt vụ việc"" matches NEVER_AUTO pattern.",,TEXTAREA
BM-006,"sourceRequest.actionResultLine","Kết quả cần thông báo",true,MANUAL,NEVER_AUTO,NONE,"Label ""Kết quả cần thông báo"" matches NEVER_AUTO pattern.",,TEXTAREA
BM-006,"agency.bodyName","Tên Viện kiểm sát trong thân văn bản",true,AGENCY,NEVER_AUTO,NONE,"Label ""Tên Viện kiểm sát trong thân văn bản"" matches NEVER_AUTO pattern.",,TEXT
BM-006,"recipients.primaryLine","Nơi nhận chính",true,MANUAL,SAFE_GENERIC_PREFILL,GENERIC_TEXT,"Path ""recipients.primaryLine"" is generic/common boilerplate safe for prefill.",,TEXT
BM-006,"signature.signMode","Chế độ ký",true,OFFICIAL,NEVER_AUTO,NONE,"Label ""Chế độ ký"" matches NEVER_AUTO pattern.",,TEXT
BM-006,"signature.positionTitle","Chức danh người ký",true,OFFICIAL,NEVER_AUTO,NONE,"Label ""Chức danh người ký"" matches NEVER_AUTO pattern.",,TEXT
BM-006,"signature.signerName","Người ký",true,OFFICIAL,NEVER_AUTO,NONE,"Label ""Người ký"" matches NEVER_AUTO pattern.",,TEXT
BM-007,"agency.parentName","Cơ quan cấp trên",true,AGENCY,NEVER_AUTO,NONE,"Label ""Cơ quan cấp trên"" matches NEVER_AUTO pattern.",,TEXT
BM-007,"agency.name","Viện kiểm sát ban hành",true,AGENCY,NEVER_AUTO,NONE,"Label ""Viện kiểm sát ban hành"" matches NEVER_AUTO pattern.",,TEXT
BM-007,"document.documentCode","Số yêu cầu",true,MANUAL,NEVER_AUTO,NONE,"Label ""Số yêu cầu"" matches NEVER_AUTO pattern.",,TEXT
BM-007,"document.issuePlaceAndDateLine","Địa danh, ngày ban hành",true,SYSTEM,SAFE_RUNTIME_DEFAULT,DOCUMENT_PLACE_DATE,"SYSTEM/CURRENT_DATE field. Label ""Địa danh, ngày ban hành"" matches safe document place/date pattern.","TP. Hồ Chí Minh, ngày 01 tháng 01 năm 2026",TEXT
BM-007,"official.issuerTitle","Chủ thể ban hành",true,MANUAL,NEVER_AUTO,NONE,"Label ""Chủ thể ban hành"" matches NEVER_AUTO pattern.",,TEXT
BM-007,"legalBasis.procedureArticlesLine","Căn cứ tố tụng",true,OFFICIAL,NEVER_AUTO,NONE,"Label ""Căn cứ tố tụng"" matches NEVER_AUTO pattern.",,TEXTAREA
BM-007,"sourceMaterialRequest.reasonLine","Lý do yêu cầu",true,MANUAL,NEVER_AUTO,NONE,"Label ""Lý do yêu cầu"" matches NEVER_AUTO pattern.",,TEXTAREA
BM-007,"sourceMaterialRequest.article1Line","Điều 1",true,MANUAL,NEVER_AUTO,NONE,"Label ""Điều 1"" matches NEVER_AUTO pattern.",,TEXTAREA
BM-007,"sourceMaterialRequest.documentItem1Line","Tài liệu thứ nhất",true,MANUAL,NEVER_AUTO,NONE,"Label ""Tài liệu thứ nhất"" matches NEVER_AUTO pattern.",,TEXTAREA
BM-007,"sourceMaterialRequest.documentItem2Line","Tài liệu thứ hai",false,MANUAL,NEVER_AUTO,NONE,"Label ""Tài liệu thứ hai"" matches NEVER_AUTO pattern.",,TEXTAREA
BM-007,"sourceMaterialRequest.documentItem3Line","Tài liệu thứ ba",false,MANUAL,NEVER_AUTO,NONE,"Label ""Tài liệu thứ ba"" matches NEVER_AUTO pattern.",,TEXTAREA
BM-007,"sourceMaterialRequest.additionalDocumentItemsLine","Tài liệu bổ sung",false,MANUAL,NEVER_AUTO,NONE,"Label ""Tài liệu bổ sung"" matches NEVER_AUTO pattern.",,TEXTAREA
BM-007,"sourceMaterialRequest.deadlineLine","Thời hạn cung cấp",true,MANUAL,NEVER_AUTO,NONE,"Label ""Thời hạn cung cấp"" matches NEVER_AUTO pattern.",,TEXTAREA
BM-007,"recipients.primaryLine","Nơi nhận chính",true,MANUAL,SAFE_GENERIC_PREFILL,GENERIC_TEXT,"Path ""recipients.primaryLine"" is generic/common boilerplate safe for prefill.",,TEXT
BM-007,"recipients.archiveLine","Lưu hồ sơ",true,MANUAL,SAFE_GENERIC_PREFILL,GENERIC_TEXT,"Path ""recipients.archiveLine"" is generic/common boilerplate safe for prefill.",,TEXT
BM-007,"signature.positionTitle","Chức danh người ký",true,OFFICIAL,NEVER_AUTO,NONE,"Label ""Chức danh người ký"" matches NEVER_AUTO pattern.",,TEXT
BM-007,"signature.signerName","Người ký",true,OFFICIAL,NEVER_AUTO,NONE,"Label ""Người ký"" matches NEVER_AUTO pattern.",,TEXT
BM-008,"agency.parentName","Cơ quan cấp trên",true,AGENCY,NEVER_AUTO,NONE,"Label ""Cơ quan cấp trên"" matches NEVER_AUTO pattern.",,TEXT
BM-008,"agency.name","Viện kiểm sát ban hành",true,AGENCY,NEVER_AUTO,NONE,"Label ""Viện kiểm sát ban hành"" matches NEVER_AUTO pattern.",,TEXT
BM-008,"document.documentCode","Số yêu cầu",true,MANUAL,NEVER_AUTO,NONE,"Label ""Số yêu cầu"" matches NEVER_AUTO pattern.",,TEXT
BM-008,"document.issuePlaceAndDateLine","Địa danh, ngày ban hành",true,SYSTEM,SAFE_RUNTIME_DEFAULT,DOCUMENT_PLACE_DATE,"SYSTEM/CURRENT_DATE field. Label ""Địa danh, ngày ban hành"" matches safe document place/date pattern.","TP. Hồ Chí Minh, ngày 01 tháng 01 năm 2026",TEXT
BM-008,"official.issuerTitle","Chủ thể ban hành",true,MANUAL,NEVER_AUTO,NONE,"Label ""Chủ thể ban hành"" matches NEVER_AUTO pattern.",,TEXT
BM-008,"sourceTransfer.caseSummary","Hồ sơ vụ việc",true,MANUAL,NEVER_AUTO,NONE,"Label ""Hồ sơ vụ việc"" matches NEVER_AUTO pattern.",,TEXTAREA
BM-008,"sourceTransfer.reasonLine","Lý do chuyển",true,MANUAL,NEVER_AUTO,NONE,"Label ""Lý do chuyển"" matches NEVER_AUTO pattern.",,TEXTAREA
BM-008,"sourceTransfer.senderName","Cơ quan hoặc người chuyển",true,MANUAL,NEVER_AUTO,NONE,"Label ""Cơ quan hoặc người chuyển"" matches NEVER_AUTO pattern.",,TEXT
BM-008,"sourceTransfer.receiverName","Cơ quan hoặc người tiếp nhận",true,MANUAL,NEVER_AUTO,NONE,"Label ""Cơ quan hoặc người tiếp nhận"" matches NEVER_AUTO pattern.",,TEXT
BM-008,"agency.bodyName","Tên Viện kiểm sát trong thân văn bản",true,AGENCY,NEVER_AUTO,NONE,"Label ""Tên Viện kiểm sát trong thân văn bản"" matches NEVER_AUTO pattern.",,TEXT
BM-008,"recipients.primaryLine","Nơi nhận chính",true,MANUAL,SAFE_GENERIC_PREFILL,GENERIC_TEXT,"Path ""recipients.primaryLine"" is generic/common boilerplate safe for prefill.",,TEXT
BM-008,"signature.signMode","Chế độ ký",true,OFFICIAL,NEVER_AUTO,NONE,"Label ""Chế độ ký"" matches NEVER_AUTO pattern.",,TEXT
BM-008,"signature.positionTitle","Chức danh người ký",true,OFFICIAL,NEVER_AUTO,NONE,"Label ""Chức danh người ký"" matches NEVER_AUTO pattern.",,TEXT
BM-008,"signature.signerName","Người ký",true,OFFICIAL,NEVER_AUTO,NONE,"Label ""Người ký"" matches NEVER_AUTO pattern.",,TEXT
BM-009,"agency.parentName","Cơ quan cấp trên",true,AGENCY,NEVER_AUTO,NONE,"Label ""Cơ quan cấp trên"" matches NEVER_AUTO pattern.",,TEXT
BM-009,"agency.name","Viện kiểm sát ban hành",true,AGENCY,NEVER_AUTO,NONE,"Label ""Viện kiểm sát ban hành"" matches NEVER_AUTO pattern.",,TEXT
BM-009,"document.documentCode","Số quyết định",true,MANUAL,NEVER_AUTO,NONE,"Label ""Số quyết định"" matches NEVER_AUTO pattern.",,TEXT
BM-009,"document.issuePlaceAndDateLine","Địa danh, ngày ban hành",true,SYSTEM,SAFE_RUNTIME_DEFAULT,DOCUMENT_PLACE_DATE,"SYSTEM/CURRENT_DATE field. Label ""Địa danh, ngày ban hành"" matches safe document place/date pattern.","TP. Hồ Chí Minh, ngày 01 tháng 01 năm 2026",TEXT
BM-009,"official.issuerTitle","Chủ thể ban hành",true,MANUAL,NEVER_AUTO,NONE,"Label ""Chủ thể ban hành"" matches NEVER_AUTO pattern.",,TEXT
BM-009,"sourceResolutionExtension.procedureArticlesLine","Căn cứ tố tụng",true,OFFICIAL,NEVER_AUTO,NONE,"Label ""Căn cứ tố tụng"" matches NEVER_AUTO pattern.",,TEXTAREA
BM-009,"sourceResolutionExtension.receptionLegalBasisLine","Căn cứ tiếp nhận nguồn tin",true,MANUAL,SAFE_GENERIC_PREFILL,GENERIC_TEXT,"Path ""sourceResolutionExtension.receptionLegalBasisLine"" is generic/common boilerplate safe for prefill.",,TEXTAREA
BM-009,"sourceResolutionExtension.proposalLegalBasisLine","Căn cứ văn bản đề nghị",true,MANUAL,SAFE_GENERIC_PREFILL,GENERIC_TEXT,"Path ""sourceResolutionExtension.proposalLegalBasisLine"" is generic/common boilerplate safe for prefill.",,TEXTAREA
BM-009,"sourceResolutionExtension.reasonLine","Nhận định gia hạn",true,MANUAL,NEVER_AUTO,NONE,"Label ""Nhận định gia hạn"" matches NEVER_AUTO pattern.",,TEXTAREA
BM-009,"sourceResolutionExtension.article1Line","Điều 1",true,MANUAL,NEVER_AUTO,NONE,"Label ""Điều 1"" matches NEVER_AUTO pattern.",,TEXTAREA
BM-009,"sourceResolutionExtension.article2Line","Điều 2",true,MANUAL,NEVER_AUTO,NONE,"Label ""Điều 2"" matches NEVER_AUTO pattern.",,TEXTAREA
BM-009,"sourceResolutionExtension.requestingAgencyRecipientLine","Cơ quan đề nghị hoặc cơ quan điều tra",true,MANUAL,NEVER_AUTO,NONE,"Label ""Cơ quan đề nghị hoặc cơ quan điều tra"" matches NEVER_AUTO pattern.",,TEXT
BM-009,"recipients.archiveLine","Lưu hồ sơ",true,MANUAL,SAFE_GENERIC_PREFILL,GENERIC_TEXT,"Path ""recipients.archiveLine"" is generic/common boilerplate safe for prefill.",,TEXT
BM-009,"signature.signMode","Chế độ ký",true,OFFICIAL,NEVER_AUTO,NONE,"Label ""Chế độ ký"" matches NEVER_AUTO pattern.",,TEXT
BM-009,"signature.positionTitle","Chức danh người ký",true,OFFICIAL,NEVER_AUTO,NONE,"Label ""Chức danh người ký"" matches NEVER_AUTO pattern.",,TEXT
BM-009,"signature.signerName","Người ký",true,OFFICIAL,NEVER_AUTO,NONE,"Label ""Người ký"" matches NEVER_AUTO pattern.",,TEXT
BM-010,"agency.parentName","Cơ quan cấp trên",true,AGENCY,NEVER_AUTO,NONE,"Label ""Cơ quan cấp trên"" matches NEVER_AUTO pattern.",,TEXT
BM-010,"agency.name","Viện kiểm sát ban hành",true,AGENCY,NEVER_AUTO,NONE,"Label ""Viện kiểm sát ban hành"" matches NEVER_AUTO pattern.",,TEXT
BM-010,"document.documentCode","Số quyết định",true,MANUAL,NEVER_AUTO,NONE,"Label ""Số quyết định"" matches NEVER_AUTO pattern.",,TEXT
BM-010,"document.issuePlaceAndDateLine","Địa danh, ngày ban hành",true,SYSTEM,SAFE_RUNTIME_DEFAULT,DOCUMENT_PLACE_DATE,"SYSTEM/CURRENT_DATE field. Label ""Địa danh, ngày ban hành"" matches safe document place/date pattern.","TP. Hồ Chí Minh, ngày 01 tháng 01 năm 2026",TEXT
BM-010,"official.issuerTitle","Chủ thể ban hành",true,MANUAL,NEVER_AUTO,NONE,"Label ""Chủ thể ban hành"" matches NEVER_AUTO pattern.",,TEXT
BM-010,"sourceSuspension.reasonLine","Lý do xét thấy",true,MANUAL,REVIEW_REQUIRED,NONE,"Label ""Lý do xét thấy"" is ambiguous — requires manual classification before auto-fill.",,TEXTAREA
BM-010,"sourceSuspension.caseSummary","Vụ việc",true,MANUAL,REVIEW_REQUIRED,NONE,"Label ""Vụ việc"" is ambiguous — requires manual classification before auto-fill.",,TEXTAREA
BM-010,"agency.bodyName","Tên Viện kiểm sát trong thân văn bản",true,AGENCY,NEVER_AUTO,NONE,"Label ""Tên Viện kiểm sát trong thân văn bản"" matches NEVER_AUTO pattern.",,TEXT
BM-010,"sourceSuspension.receivedDateLine","Ngày tiếp nhận nguồn tin",true,SYSTEM,REVIEW_REQUIRED,NONE,"Label ""Ngày tiếp nhận nguồn tin"" is ambiguous — requires manual classification before auto-fill.",,TEXT
BM-010,"sourceSuspension.article2Line","Điều 2",true,MANUAL,REVIEW_REQUIRED,NONE,"Label ""Điều 2"" is ambiguous — requires manual classification before auto-fill.",,TEXTAREA
BM-010,"sourceSuspension.article3Line","Điều 3",true,MANUAL,REVIEW_REQUIRED,NONE,"Label ""Điều 3"" is ambiguous — requires manual classification before auto-fill.",,TEXTAREA
BM-010,"recipients.primaryLine","Nơi nhận chính",true,MANUAL,SAFE_GENERIC_PREFILL,GENERIC_TEXT,"Path ""recipients.primaryLine"" is generic/common boilerplate safe for prefill.",,TEXT
BM-010,"signature.signMode","Chế độ ký",true,OFFICIAL,NEVER_AUTO,NONE,"Label ""Chế độ ký"" matches NEVER_AUTO pattern.",,TEXT
BM-010,"signature.positionTitle","Chức danh người ký",true,OFFICIAL,NEVER_AUTO,NONE,"Label ""Chức danh người ký"" matches NEVER_AUTO pattern.",,TEXT
BM-010,"signature.signerName","Người ký",true,OFFICIAL,NEVER_AUTO,NONE,"Label ""Người ký"" matches NEVER_AUTO pattern.",,TEXT
BM-011,"agency.parentName","Cơ quan cấp trên",true,AGENCY,NEVER_AUTO,NONE,"Label ""Cơ quan cấp trên"" matches NEVER_AUTO pattern.",,TEXT
BM-011,"agency.name","Viện kiểm sát ban hành",true,AGENCY,NEVER_AUTO,NONE,"Label ""Viện kiểm sát ban hành"" matches NEVER_AUTO pattern.",,TEXT
BM-011,"document.documentCode","Số quyết định",true,MANUAL,NEVER_AUTO,NONE,"Label ""Số quyết định"" matches NEVER_AUTO pattern.",,TEXT
BM-011,"document.issuePlaceAndDateLine","Địa danh, ngày ban hành",true,SYSTEM,SAFE_RUNTIME_DEFAULT,DOCUMENT_PLACE_DATE,"SYSTEM/CURRENT_DATE field. Label ""Địa danh, ngày ban hành"" matches safe document place/date pattern.","TP. Hồ Chí Minh, ngày 01 tháng 01 năm 2026",TEXT
BM-011,"official.issuerTitle","Chủ thể ban hành",true,MANUAL,NEVER_AUTO,NONE,"Label ""Chủ thể ban hành"" matches NEVER_AUTO pattern.",,TEXT
BM-011,"legalBasis.procedureArticlesLine","Căn cứ tố tụng",true,OFFICIAL,NEVER_AUTO,NONE,"Label ""Căn cứ tố tụng"" matches NEVER_AUTO pattern.",,TEXTAREA
BM-011,"sourceSuspensionCancellation.considerationLine","Nội dung xét thấy",true,MANUAL,NEVER_AUTO,NONE,"Label ""Nội dung xét thấy"" matches NEVER_AUTO pattern.",,TEXTAREA
BM-011,"sourceSuspensionCancellation.article1Line","Điều 1",true,MANUAL,NEVER_AUTO,NONE,"Label ""Điều 1"" matches NEVER_AUTO pattern.",,TEXTAREA
BM-011,"sourceSuspensionCancellation.article2Line","Điều 2",true,MANUAL,NEVER_AUTO,NONE,"Label ""Điều 2"" matches NEVER_AUTO pattern.",,TEXTAREA
BM-011,"recipients.primaryLine","Nơi nhận chính",true,MANUAL,SAFE_GENERIC_PREFILL,GENERIC_TEXT,"Path ""recipients.primaryLine"" is generic/common boilerplate safe for prefill.",,TEXT
BM-011,"recipients.sourceProviderLine","Người hoặc cơ quan cung cấp nguồn tin",true,MANUAL,NEVER_AUTO,NONE,"Label ""Người hoặc cơ quan cung cấp nguồn tin"" matches NEVER_AUTO pattern.",,TEXT
BM-011,"recipients.archiveLine","Lưu hồ sơ",true,MANUAL,SAFE_GENERIC_PREFILL,GENERIC_TEXT,"Path ""recipients.archiveLine"" is generic/common boilerplate safe for prefill.",,TEXT
BM-011,"signature.signMode","Chế độ ký",true,OFFICIAL,NEVER_AUTO,NONE,"Label ""Chế độ ký"" matches NEVER_AUTO pattern.",,TEXT
BM-011,"signature.positionTitle","Chức danh người ký",true,OFFICIAL,NEVER_AUTO,NONE,"Label ""Chức danh người ký"" matches NEVER_AUTO pattern.",,TEXT
BM-011,"signature.signerName","Người ký",true,OFFICIAL,NEVER_AUTO,NONE,"Label ""Người ký"" matches NEVER_AUTO pattern.",,TEXT
BM-012,"agency.parentName","Cơ quan cấp trên",true,AGENCY,NEVER_AUTO,NONE,"Label ""Cơ quan cấp trên"" matches NEVER_AUTO pattern.",,TEXT
BM-012,"agency.name","Viện kiểm sát ban hành",true,AGENCY,NEVER_AUTO,NONE,"Label ""Viện kiểm sát ban hành"" matches NEVER_AUTO pattern.",,TEXT
BM-012,"document.documentCode","Số quyết định",true,MANUAL,NEVER_AUTO,NONE,"Label ""Số quyết định"" matches NEVER_AUTO pattern.",,TEXT
BM-012,"document.issuePlaceAndDateLine","Địa danh, ngày ban hành",true,SYSTEM,SAFE_RUNTIME_DEFAULT,DOCUMENT_PLACE_DATE,"SYSTEM/CURRENT_DATE field. Label ""Địa danh, ngày ban hành"" matches safe document place/date pattern.","TP. Hồ Chí Minh, ngày 01 tháng 01 năm 2026",TEXT
BM-012,"official.issuerTitle","Chủ thể ban hành",true,MANUAL,NEVER_AUTO,NONE,"Label ""Chủ thể ban hành"" matches NEVER_AUTO pattern.",,TEXT
BM-012,"sourceRecovery.reasonLine","Lý do phục hồi",true,MANUAL,REVIEW_REQUIRED,NONE,"Label ""Lý do phục hồi"" is ambiguous — requires manual classification before auto-fill.",,TEXTAREA
BM-012,"sourceRecovery.suspensionDecisionCode","Số quyết định tạm đình chỉ",true,MANUAL,REVIEW_REQUIRED,NONE,"Label ""Số quyết định tạm đình chỉ"" is ambiguous — requires manual classification before auto-fill.",,TEXT
BM-012,"sourceRecovery.suspensionDecisionIssueDateLine","Ngày quyết định tạm đình chỉ",true,SYSTEM,NEVER_AUTO,NONE,"Label ""Ngày quyết định tạm đình chỉ"" matches NEVER_AUTO pattern.",,TEXT
BM-012,"sourceRecovery.suspensionDecisionIssuedBy","Cơ quan ban hành quyết định tạm đình chỉ",true,MANUAL,REVIEW_REQUIRED,NONE,"Label ""Cơ quan ban hành quyết định tạm đình chỉ"" is ambiguous — requires manual classification before auto-fill.",,TEXT
BM-012,"sourceRecovery.caseSummary","Vụ việc được phục hồi giải quyết",true,MANUAL,REVIEW_REQUIRED,NONE,"Label ""Vụ việc được phục hồi giải quyết"" is ambiguous — requires manual classification before auto-fill.",,TEXTAREA
BM-012,"recipients.primaryLine","Nơi nhận chính",true,MANUAL,SAFE_GENERIC_PREFILL,GENERIC_TEXT,"Path ""recipients.primaryLine"" is generic/common boilerplate safe for prefill.",,TEXT
BM-012,"signature.signMode","Chế độ ký",true,OFFICIAL,NEVER_AUTO,NONE,"Label ""Chế độ ký"" matches NEVER_AUTO pattern.",,TEXT
BM-012,"signature.positionTitle","Chức danh người ký",true,OFFICIAL,NEVER_AUTO,NONE,"Label ""Chức danh người ký"" matches NEVER_AUTO pattern.",,TEXT
BM-012,"signature.signerName","Người ký",true,OFFICIAL,NEVER_AUTO,NONE,"Label ""Người ký"" matches NEVER_AUTO pattern.",,TEXT
BM-013,"agency.vienKiem","Tên cơ quan",false,AGENCY,NEVER_AUTO,NONE,"Label ""Tên cơ quan"" matches NEVER_AUTO pattern.",,TEXT
BM-013,"agency.tenCo","Tên cơ quan",false,AGENCY,NEVER_AUTO,NONE,"Label ""Tên cơ quan"" matches NEVER_AUTO pattern.",,TEXT
BM-013,"document.vietTat","Tên viết tắt",false,MANUAL,NEVER_AUTO,NONE,"Label ""Tên viết tắt"" matches NEVER_AUTO pattern.",,TEXT
BM-013,"agency.diaDanh","Địa danh",false,AGENCY,NEVER_AUTO,NONE,"Label ""Địa danh"" matches NEVER_AUTO pattern.",,TEXT
BM-013,"document.ngayBan","Ngày ban hành",false,MANUAL,SAFE_GENERIC_PREFILL,GENERIC_TEXT,"Path ""document.ngayBan"" is generic/common boilerplate safe for prefill.","01",TEXT
BM-013,"document.soVan","Số văn bản",false,MANUAL,NEVER_AUTO,NONE,"Label ""Số văn bản"" matches NEVER_AUTO pattern.",,TEXT
BM-014,"agency.parentName","Cơ quan cấp trên",true,AGENCY,NEVER_AUTO,NONE,"Label ""Cơ quan cấp trên"" matches NEVER_AUTO pattern.",,TEXT
BM-014,"agency.name","Viện kiểm sát ban hành",true,AGENCY,NEVER_AUTO,NONE,"Label ""Viện kiểm sát ban hành"" matches NEVER_AUTO pattern.",,TEXT
BM-014,"document.documentCode","Số quyết định",true,MANUAL,NEVER_AUTO,NONE,"Label ""Số quyết định"" matches NEVER_AUTO pattern.",,TEXT
BM-014,"document.issuePlaceAndDateLine","Địa danh, ngày ban hành",true,SYSTEM,SAFE_RUNTIME_DEFAULT,DOCUMENT_PLACE_DATE,"SYSTEM/CURRENT_DATE field. Label ""Địa danh, ngày ban hành"" matches safe document place/date pattern.","TP. Hồ Chí Minh, ngày 01 tháng 01 năm 2026",TEXT
BM-014,"official.issuerTitle","Chủ thể ban hành",true,MANUAL,NEVER_AUTO,NONE,"Label ""Chủ thể ban hành"" matches NEVER_AUTO pattern.",,TEXT
BM-014,"legalBasis.procedureArticlesLine","Căn cứ tố tụng",true,OFFICIAL,NEVER_AUTO,NONE,"Label ""Căn cứ tố tụng"" matches NEVER_AUTO pattern.",,TEXTAREA
BM-014,"sourceDirectInspection.article1Line","Điều 1 - phạm vi và thời gian kiểm sát",true,MANUAL,NEVER_AUTO,NONE,"Label ""Điều 1 - phạm vi và thời gian kiểm sát"" matches NEVER_AUTO pattern.",,TEXTAREA
BM-014,"sourceDirectInspection.teamLeaderLine","Trưởng đoàn kiểm sát",true,MANUAL,NEVER_AUTO,NONE,"Label ""Trưởng đoàn kiểm sát"" matches NEVER_AUTO pattern.",,TEXT
BM-014,"sourceDirectInspection.member1Line","Thành viên thứ nhất",true,MANUAL,NEVER_AUTO,NONE,"Label ""Thành viên thứ nhất"" matches NEVER_AUTO pattern.",,TEXT
BM-014,"sourceDirectInspection.member2Line","Thành viên thứ hai",false,MANUAL,NEVER_AUTO,NONE,"Label ""Thành viên thứ hai"" matches NEVER_AUTO pattern.",,TEXT
BM-014,"sourceDirectInspection.additionalMembersLine","Thành viên bổ sung",false,MANUAL,NEVER_AUTO,NONE,"Label ""Thành viên bổ sung"" matches NEVER_AUTO pattern.",,TEXTAREA
BM-014,"sourceDirectInspection.article3Line","Điều 3 - yêu cầu chuẩn bị hồ sơ",true,MANUAL,NEVER_AUTO,NONE,"Label ""Điều 3 - yêu cầu chuẩn bị hồ sơ"" matches NEVER_AUTO pattern.",,TEXTAREA
BM-014,"sourceDirectInspection.article4Line","Điều 4 - kế hoạch kèm theo",true,MANUAL,NEVER_AUTO,NONE,"Label ""Điều 4 - kế hoạch kèm theo"" matches NEVER_AUTO pattern.",,TEXTAREA
BM-014,"recipients.primaryLine","Nơi nhận chính",true,MANUAL,SAFE_GENERIC_PREFILL,GENERIC_TEXT,"Path ""recipients.primaryLine"" is generic/common boilerplate safe for prefill.",,TEXT
BM-014,"recipients.teamMembersLine","Thành viên Đoàn kiểm sát",true,MANUAL,NEVER_AUTO,NONE,"Label ""Thành viên Đoàn kiểm sát"" matches NEVER_AUTO pattern.",,TEXT
BM-014,"recipients.archiveLine","Lưu hồ sơ",true,MANUAL,SAFE_GENERIC_PREFILL,GENERIC_TEXT,"Path ""recipients.archiveLine"" is generic/common boilerplate safe for prefill.",,TEXT
BM-014,"signature.signMode","Chế độ ký",true,OFFICIAL,NEVER_AUTO,NONE,"Label ""Chế độ ký"" matches NEVER_AUTO pattern.",,TEXT
BM-014,"signature.positionTitle","Chức danh người ký",true,OFFICIAL,NEVER_AUTO,NONE,"Label ""Chức danh người ký"" matches NEVER_AUTO pattern.",,TEXT
BM-014,"signature.signerName","Người ký",true,OFFICIAL,NEVER_AUTO,NONE,"Label ""Người ký"" matches NEVER_AUTO pattern.",,TEXT
BM-015,"agency.parentName","Cơ quan cấp trên",true,AGENCY,NEVER_AUTO,NONE,"Label ""Cơ quan cấp trên"" matches NEVER_AUTO pattern.",,TEXT
BM-015,"agency.name","Viện kiểm sát ban hành",true,AGENCY,NEVER_AUTO,NONE,"Label ""Viện kiểm sát ban hành"" matches NEVER_AUTO pattern.",,TEXT
BM-015,"document.documentCode","Số kế hoạch",true,MANUAL,NEVER_AUTO,NONE,"Label ""Số kế hoạch"" matches NEVER_AUTO pattern.",,TEXT
BM-015,"document.issuePlaceAndDateLine","Địa danh, ngày ban hành",true,SYSTEM,SAFE_RUNTIME_DEFAULT,DOCUMENT_PLACE_DATE,"SYSTEM/CURRENT_DATE field. Label ""Địa danh, ngày ban hành"" matches safe document place/date pattern.","TP. Hồ Chí Minh, ngày 01 tháng 01 năm 2026",TEXT
BM-015,"sourceDirectInspectionPlan.attachedDecisionLine","Quyết định ban hành kèm theo",true,MANUAL,NEVER_AUTO,NONE,"Label ""Quyết định ban hành kèm theo"" matches NEVER_AUTO pattern.",,TEXTAREA
BM-015,"sourceDirectInspectionPlan.purposeLine1","Mục đích, yêu cầu thứ nhất",true,MANUAL,NEVER_AUTO,NONE,"Label ""Mục đích, yêu cầu thứ nhất"" matches NEVER_AUTO pattern.",,TEXTAREA
BM-015,"sourceDirectInspectionPlan.purposeLine2","Mục đích, yêu cầu thứ hai",true,MANUAL,NEVER_AUTO,NONE,"Label ""Mục đích, yêu cầu thứ hai"" matches NEVER_AUTO pattern.",,TEXTAREA
BM-015,"sourceDirectInspectionPlan.purposeLine3","Mục đích, yêu cầu khác",false,MANUAL,NEVER_AUTO,NONE,"Label ""Mục đích, yêu cầu khác"" matches NEVER_AUTO pattern.",,TEXTAREA
BM-015,"sourceDirectInspectionPlan.receivedStatsBlock","Kết quả tiếp nhận nguồn tin",true,MANUAL,NEVER_AUTO,NONE,"Label ""Kết quả tiếp nhận nguồn tin"" matches NEVER_AUTO pattern.",,TEXTAREA
BM-015,"sourceDirectInspectionPlan.resolvedStatsBlock","Số nguồn tin đã giải quyết",true,MANUAL,NEVER_AUTO,NONE,"Label ""Số nguồn tin đã giải quyết"" matches NEVER_AUTO pattern.",,TEXTAREA
BM-015,"sourceDirectInspectionPlan.prosecutionDecisionStatsLine","Quyết định khởi tố",true,MANUAL,NEVER_AUTO,NONE,"Label ""Quyết định khởi tố"" matches NEVER_AUTO pattern.",,TEXTAREA
BM-015,"sourceDirectInspectionPlan.nonProsecutionDecisionStatsLine","Quyết định không khởi tố",true,MANUAL,NEVER_AUTO,NONE,"Label ""Quyết định không khởi tố"" matches NEVER_AUTO pattern.",,TEXTAREA
BM-015,"sourceDirectInspectionPlan.transferredStatsLine","Chuyển giải quyết theo thẩm quyền",true,MANUAL,NEVER_AUTO,NONE,"Label ""Chuyển giải quyết theo thẩm quyền"" matches NEVER_AUTO pattern.",,TEXTAREA
BM-015,"sourceDirectInspectionPlan.pendingStatsLine","Nguồn tin đang giải quyết",true,MANUAL,NEVER_AUTO,NONE,"Label ""Nguồn tin đang giải quyết"" matches NEVER_AUTO pattern.",,TEXTAREA
BM-015,"sourceDirectInspectionPlan.suspendedStatsLine","Nguồn tin tạm đình chỉ",true,MANUAL,NEVER_AUTO,NONE,"Label ""Nguồn tin tạm đình chỉ"" matches NEVER_AUTO pattern.",,TEXTAREA
BM-015,"sourceDirectInspectionPlan.advantagesLine","Ưu điểm",true,MANUAL,NEVER_AUTO,NONE,"Label ""Ưu điểm"" matches NEVER_AUTO pattern.",,TEXTAREA
BM-015,"sourceDirectInspectionPlan.limitationsLine","Hạn chế, tồn tại và nguyên nhân",true,MANUAL,NEVER_AUTO,NONE,"Label ""Hạn chế, tồn tại và nguyên nhân"" matches NEVER_AUTO pattern.",,TEXTAREA
BM-015,"sourceDirectInspectionPlan.recommendationsLine","Kiến nghị, đề xuất",true,MANUAL,NEVER_AUTO,NONE,"Label ""Kiến nghị, đề xuất"" matches NEVER_AUTO pattern.",,TEXTAREA
BM-015,"sourceDirectInspectionPlan.inspectionTimeLine","Thời gian kiểm sát",true,MANUAL,NEVER_AUTO,NONE,"Label ""Thời gian kiểm sát"" matches NEVER_AUTO pattern.",,TEXT
BM-015,"sourceDirectInspectionPlan.dataPeriodLine","Thời điểm lấy số liệu",true,MANUAL,NEVER_AUTO,NONE,"Label ""Thời điểm lấy số liệu"" matches NEVER_AUTO pattern.",,TEXT
BM-015,"sourceDirectInspectionPlan.methodsBlock","Phương pháp kiểm sát",true,MANUAL,NEVER_AUTO,NONE,"Label ""Phương pháp kiểm sát"" matches NEVER_AUTO pattern.",,TEXTAREA
BM-015,"sourceDirectInspectionPlan.requestPreparationLine","Yêu cầu chuẩn bị",true,MANUAL,NEVER_AUTO,NONE,"Label ""Yêu cầu chuẩn bị"" matches NEVER_AUTO pattern.",,TEXTAREA
BM-015,"recipients.primaryLine","Nơi nhận chính",true,MANUAL,SAFE_GENERIC_PREFILL,GENERIC_TEXT,"Path ""recipients.primaryLine"" is generic/common boilerplate safe for prefill.",,TEXT
BM-015,"recipients.teamMembersLine","Thành viên Đoàn kiểm sát",true,MANUAL,NEVER_AUTO,NONE,"Label ""Thành viên Đoàn kiểm sát"" matches NEVER_AUTO pattern.",,TEXT
BM-015,"recipients.archiveLine","Lưu hồ sơ",true,MANUAL,SAFE_GENERIC_PREFILL,GENERIC_TEXT,"Path ""recipients.archiveLine"" is generic/common boilerplate safe for prefill.",,TEXT
BM-015,"signature.signMode","Chế độ ký",true,OFFICIAL,NEVER_AUTO,NONE,"Label ""Chế độ ký"" matches NEVER_AUTO pattern.",,TEXT
BM-015,"signature.positionTitle","Chức danh người ký",true,OFFICIAL,NEVER_AUTO,NONE,"Label ""Chức danh người ký"" matches NEVER_AUTO pattern.",,TEXT
BM-015,"signature.signerName","Người ký",true,OFFICIAL,NEVER_AUTO,NONE,"Label ""Người ký"" matches NEVER_AUTO pattern.",,TEXT
BM-016,"agency.parentName","Cơ quan cấp trên",true,AGENCY,NEVER_AUTO,NONE,"Label ""Cơ quan cấp trên"" matches NEVER_AUTO pattern.",,TEXT
BM-016,"agency.name","Viện kiểm sát ban hành",true,AGENCY,NEVER_AUTO,NONE,"Label ""Viện kiểm sát ban hành"" matches NEVER_AUTO pattern.",,TEXT
BM-016,"document.documentCode","Số kết luận",true,MANUAL,NEVER_AUTO,NONE,"Label ""Số kết luận"" matches NEVER_AUTO pattern.",,TEXT
BM-016,"document.issuePlaceAndDateLine","Địa danh, ngày ban hành",true,SYSTEM,SAFE_RUNTIME_DEFAULT,DOCUMENT_PLACE_DATE,"SYSTEM/CURRENT_DATE field. Label ""Địa danh, ngày ban hành"" matches safe document place/date pattern.","TP. Hồ Chí Minh, ngày 01 tháng 01 năm 2026",TEXT
BM-016,"legalBasis.procedureArticlesLine","Căn cứ tố tụng",true,OFFICIAL,NEVER_AUTO,NONE,"Label ""Căn cứ tố tụng"" matches NEVER_AUTO pattern.",,TEXTAREA
BM-016,"sourceDirectInspectionConclusion.implementationDecisionLine","Dòng thực hiện quyết định kiểm sát",true,MANUAL,NEVER_AUTO,NONE,"Label ""Dòng thực hiện quyết định kiểm sát"" matches NEVER_AUTO pattern.",,TEXTAREA
BM-016,"sourceDirectInspectionConclusion.receivedTotalLine","Tổng số nguồn tin đã tiếp nhận",true,MANUAL,NEVER_AUTO,NONE,"Label ""Tổng số nguồn tin đã tiếp nhận"" matches NEVER_AUTO pattern.",,TEXTAREA
BM-016,"sourceDirectInspectionConclusion.receivedDenunciationLine","Số tố giác",true,MANUAL,NEVER_AUTO,NONE,"Label ""Số tố giác"" matches NEVER_AUTO pattern.",,TEXT
BM-016,"sourceDirectInspectionConclusion.receivedCrimeReportLine","Số tin báo về tội phạm",true,MANUAL,NEVER_AUTO,NONE,"Label ""Số tin báo về tội phạm"" matches NEVER_AUTO pattern.",,TEXT
BM-016,"sourceDirectInspectionConclusion.receivedProsecutionRequestLine","Số kiến nghị khởi tố",true,MANUAL,NEVER_AUTO,NONE,"Label ""Số kiến nghị khởi tố"" matches NEVER_AUTO pattern.",,TEXT
BM-016,"sourceDirectInspectionConclusion.receivedDirectDiscoveryLine","Nguồn tin do cơ quan tố tụng trực tiếp phát hiện",true,MANUAL,NEVER_AUTO,NONE,"Label ""Nguồn tin do cơ quan tố tụng trực tiếp phát hiện"" matches NEVER_AUTO pattern.",,TEXT
BM-016,"sourceDirectInspectionConclusion.receivedSelfSurrenderLine","Nguồn tin do người phạm tội tự thú",true,MANUAL,NEVER_AUTO,NONE,"Label ""Nguồn tin do người phạm tội tự thú"" matches NEVER_AUTO pattern.",,TEXT
BM-016,"sourceDirectInspectionConclusion.receivedOtherLine","Nguồn tin khác",false,MANUAL,NEVER_AUTO,NONE,"Label ""Nguồn tin khác"" matches NEVER_AUTO pattern.",,TEXT
BM-016,"sourceDirectInspectionConclusion.resolvedStatsBlock","Số nguồn tin đã giải quyết",true,MANUAL,NEVER_AUTO,NONE,"Label ""Số nguồn tin đã giải quyết"" matches NEVER_AUTO pattern.",,TEXTAREA
BM-016,"sourceDirectInspectionConclusion.prosecutionDecisionStatsLine","Quyết định khởi tố",true,MANUAL,NEVER_AUTO,NONE,"Label ""Quyết định khởi tố"" matches NEVER_AUTO pattern.",,TEXTAREA
BM-016,"sourceDirectInspectionConclusion.nonProsecutionDecisionStatsLine","Quyết định không khởi tố",true,MANUAL,NEVER_AUTO,NONE,"Label ""Quyết định không khởi tố"" matches NEVER_AUTO pattern.",,TEXTAREA
BM-016,"sourceDirectInspectionConclusion.transferredStatsLine","Chuyển giải quyết theo thẩm quyền",true,MANUAL,NEVER_AUTO,NONE,"Label ""Chuyển giải quyết theo thẩm quyền"" matches NEVER_AUTO pattern.",,TEXTAREA
BM-016,"sourceDirectInspectionConclusion.pendingStatsLine","Nguồn tin đang giải quyết",true,MANUAL,NEVER_AUTO,NONE,"Label ""Nguồn tin đang giải quyết"" matches NEVER_AUTO pattern.",,TEXTAREA
BM-016,"sourceDirectInspectionConclusion.suspendedStatsLine","Nguồn tin tạm đình chỉ",true,MANUAL,NEVER_AUTO,NONE,"Label ""Nguồn tin tạm đình chỉ"" matches NEVER_AUTO pattern.",,TEXTAREA
BM-016,"sourceDirectInspectionConclusion.advantagesLine","Ưu điểm",true,MANUAL,NEVER_AUTO,NONE,"Label ""Ưu điểm"" matches NEVER_AUTO pattern.",,TEXTAREA
BM-016,"sourceDirectInspectionConclusion.violationsLine","Vi phạm, hạn chế, tồn tại",true,MANUAL,NEVER_AUTO,NONE,"Label ""Vi phạm, hạn chế, tồn tại"" matches NEVER_AUTO pattern.",,TEXTAREA
BM-016,"sourceDirectInspectionConclusion.violationReasonsLine","Nguyên nhân vi phạm",true,MANUAL,NEVER_AUTO,NONE,"Label ""Nguyên nhân vi phạm"" matches NEVER_AUTO pattern.",,TEXTAREA
BM-016,"sourceDirectInspectionConclusion.recommendationsBlock","Kiến nghị",true,MANUAL,NEVER_AUTO,NONE,"Label ""Kiến nghị"" matches NEVER_AUTO pattern.",,TEXTAREA
BM-016,"sourceDirectInspectionConclusion.implementationRequestLine","Yêu cầu thực hiện kiến nghị",true,MANUAL,NEVER_AUTO,NONE,"Label ""Yêu cầu thực hiện kiến nghị"" matches NEVER_AUTO pattern.",,TEXTAREA
BM-016,"recipients.primaryLine","Nơi nhận chính",true,MANUAL,SAFE_GENERIC_PREFILL,GENERIC_TEXT,"Path ""recipients.primaryLine"" is generic/common boilerplate safe for prefill.",,TEXT
BM-016,"recipients.teamMembersLine","Thành viên Đoàn kiểm sát",true,MANUAL,NEVER_AUTO,NONE,"Label ""Thành viên Đoàn kiểm sát"" matches NEVER_AUTO pattern.",,TEXT
BM-016,"recipients.archiveLine","Lưu hồ sơ",true,MANUAL,SAFE_GENERIC_PREFILL,GENERIC_TEXT,"Path ""recipients.archiveLine"" is generic/common boilerplate safe for prefill.",,TEXT
BM-016,"signature.signMode","Chế độ ký",true,OFFICIAL,NEVER_AUTO,NONE,"Label ""Chế độ ký"" matches NEVER_AUTO pattern.",,TEXT
BM-016,"signature.positionTitle","Chức danh người ký",true,OFFICIAL,NEVER_AUTO,NONE,"Label ""Chức danh người ký"" matches NEVER_AUTO pattern.",,TEXT
BM-016,"signature.signerName","Người ký",true,OFFICIAL,NEVER_AUTO,NONE,"Label ""Người ký"" matches NEVER_AUTO pattern.",,TEXT
BM-017,"agency.parentName","Viện kiểm sát cấp trên",true,AGENCY,NEVER_AUTO,NONE,"Label ""Viện kiểm sát cấp trên"" matches NEVER_AUTO pattern.",,TEXT
BM-017,"agency.name","Viện kiểm sát ban hành",true,AGENCY,NEVER_AUTO,NONE,"Label ""Viện kiểm sát ban hành"" matches NEVER_AUTO pattern.",,TEXT
BM-017,"document.documentCode","Số yêu cầu",true,MANUAL,NEVER_AUTO,NONE,"Label ""Số yêu cầu"" matches NEVER_AUTO pattern.",,TEXT
BM-017,"document.issuePlaceAndDateLine","Địa danh, ngày ban hành",true,SYSTEM,SAFE_RUNTIME_DEFAULT,DOCUMENT_PLACE_DATE,"SYSTEM/CURRENT_DATE field. Label ""Địa danh, ngày ban hành"" matches safe document place/date pattern.","TP. Hồ Chí Minh, ngày 01 tháng 01 năm 2026",TEXT
BM-017,"official.issuerTitle","Chủ thể ban hành",true,MANUAL,NEVER_AUTO,NONE,"Label ""Chủ thể ban hành"" matches NEVER_AUTO pattern.",,TEXT
BM-017,"caseInitiationRequest.procedureArticlesLine","Căn cứ tố tụng",true,OFFICIAL,NEVER_AUTO,NONE,"Label ""Căn cứ tố tụng"" matches NEVER_AUTO pattern.",,TEXTAREA
BM-017,"caseInitiationRequest.assessmentLine","Đoạn xét thấy",true,MANUAL,NEVER_AUTO,NONE,"Label ""Đoạn xét thấy"" matches NEVER_AUTO pattern.",,TEXTAREA
BM-017,"caseInitiationRequest.article1Line","Mục 1 - yêu cầu khởi tố",true,MANUAL,NEVER_AUTO,NONE,"Label ""Mục 1 - yêu cầu khởi tố"" matches NEVER_AUTO pattern.",,TEXTAREA
BM-017,"caseInitiationRequest.article2Line","Mục 2 - gửi quyết định và tài liệu",true,MANUAL,NEVER_AUTO,NONE,"Label ""Mục 2 - gửi quyết định và tài liệu"" matches NEVER_AUTO pattern.",,TEXTAREA
BM-017,"caseInitiationRequest.investigationAuthorityRecipientLine","Dòng nơi nhận cơ quan điều tra",true,MANUAL,SAFE_GENERIC_PREFILL,GENERIC_TEXT,"Path ""caseInitiationRequest.investigationAuthorityRecipientLine"" is generic/common boilerplate safe for prefill.",,TEXT
BM-017,"recipients.archiveLine","Lưu hồ sơ",true,MANUAL,SAFE_GENERIC_PREFILL,GENERIC_TEXT,"Path ""recipients.archiveLine"" is generic/common boilerplate safe for prefill.",,TEXT
BM-017,"signature.signMode","Chế độ ký",true,OFFICIAL,NEVER_AUTO,NONE,"Label ""Chế độ ký"" matches NEVER_AUTO pattern.",,TEXT
BM-017,"signature.positionTitle","Chức vụ người ký",true,OFFICIAL,NEVER_AUTO,NONE,"Label ""Chức vụ người ký"" matches NEVER_AUTO pattern.",,TEXT
BM-017,"signature.signerName","Người ký",true,OFFICIAL,NEVER_AUTO,NONE,"Label ""Người ký"" matches NEVER_AUTO pattern.",,TEXT
BM-018,"agency.parentName","Cơ quan cấp trên",true,AGENCY,NEVER_AUTO,NONE,"Label ""Cơ quan cấp trên"" matches NEVER_AUTO pattern.",,TEXT
BM-018,"agency.name","Viện kiểm sát ban hành",true,AGENCY,NEVER_AUTO,NONE,"Label ""Viện kiểm sát ban hành"" matches NEVER_AUTO pattern.",,TEXT
BM-018,"document.documentCode","Số yêu cầu",true,MANUAL,NEVER_AUTO,NONE,"Label ""Số yêu cầu"" matches NEVER_AUTO pattern.",,TEXT
BM-018,"document.issuePlaceAndDateLine","Địa danh, ngày ban hành",true,SYSTEM,SAFE_RUNTIME_DEFAULT,DOCUMENT_PLACE_DATE,"SYSTEM/CURRENT_DATE field. Label ""Địa danh, ngày ban hành"" matches safe document place/date pattern.","TP. Hồ Chí Minh, ngày 01 tháng 01 năm 2026",TEXT
BM-018,"official.issuerTitle","Chủ thể ban hành",true,MANUAL,NEVER_AUTO,NONE,"Label ""Chủ thể ban hành"" matches NEVER_AUTO pattern.",,TEXT
BM-018,"legalBasis.procedureArticlesLine","Căn cứ pháp lý",true,OFFICIAL,NEVER_AUTO,NONE,"Label ""Căn cứ pháp lý"" matches NEVER_AUTO pattern.",,TEXTAREA
BM-018,"caseInitiationChangeRequest.considerationLine","Dòng xét quyết định khởi tố cũ",true,MANUAL,NEVER_AUTO,NONE,"Label ""Dòng xét quyết định khởi tố cũ"" matches NEVER_AUTO pattern.",,TEXTAREA
BM-018,"caseInitiationChangeRequest.currentOffenseLegalLine","Căn cứ pháp lý của tội danh cũ",true,MANUAL,SAFE_GENERIC_PREFILL,GENERIC_TEXT,"Path ""caseInitiationChangeRequest.currentOffenseLegalLine"" is generic/common boilerplate safe for prefill.",,TEXT
BM-018,"caseInitiationChangeRequest.changeGroundLine","Căn cứ thay đổi quyết định",true,MANUAL,SAFE_GENERIC_PREFILL,GENERIC_TEXT,"Path ""caseInitiationChangeRequest.changeGroundLine"" is generic/common boilerplate safe for prefill.",,TEXTAREA
BM-018,"caseInitiationChangeRequest.newOffenseLegalLine","Căn cứ pháp lý của tội danh mới",true,MANUAL,SAFE_GENERIC_PREFILL,GENERIC_TEXT,"Path ""caseInitiationChangeRequest.newOffenseLegalLine"" is generic/common boilerplate safe for prefill.",,TEXT
BM-018,"caseInitiationChangeRequest.requestAuthorityLine","Cơ quan được yêu cầu",true,MANUAL,NEVER_AUTO,NONE,"Label ""Cơ quan được yêu cầu"" matches NEVER_AUTO pattern.",,TEXT
BM-018,"caseInitiationChangeRequest.requestChangeDecisionLine","Dòng yêu cầu thay đổi quyết định",true,MANUAL,NEVER_AUTO,NONE,"Label ""Dòng yêu cầu thay đổi quyết định"" matches NEVER_AUTO pattern.",,TEXTAREA
BM-018,"recipients.primaryLine","Nơi nhận chính",true,MANUAL,SAFE_GENERIC_PREFILL,GENERIC_TEXT,"Path ""recipients.primaryLine"" is generic/common boilerplate safe for prefill.",,TEXT
BM-018,"recipients.archiveLine","Lưu hồ sơ",true,MANUAL,SAFE_GENERIC_PREFILL,GENERIC_TEXT,"Path ""recipients.archiveLine"" is generic/common boilerplate safe for prefill.",,TEXT
BM-018,"signature.signMode","Chế độ ký",true,OFFICIAL,NEVER_AUTO,NONE,"Label ""Chế độ ký"" matches NEVER_AUTO pattern.",,TEXT
BM-018,"signature.positionTitle","Chức vụ người ký",true,OFFICIAL,NEVER_AUTO,NONE,"Label ""Chức vụ người ký"" matches NEVER_AUTO pattern.",,TEXT
BM-018,"signature.signerName","Người ký",true,OFFICIAL,NEVER_AUTO,NONE,"Label ""Người ký"" matches NEVER_AUTO pattern.",,TEXT
BM-019,"agency.parentName","Cơ quan cấp trên",true,AGENCY,NEVER_AUTO,NONE,"Label ""Cơ quan cấp trên"" matches NEVER_AUTO pattern.",,TEXT
BM-019,"agency.name","Viện kiểm sát ban hành",true,AGENCY,NEVER_AUTO,NONE,"Label ""Viện kiểm sát ban hành"" matches NEVER_AUTO pattern.",,TEXT
BM-019,"document.documentCode","Số yêu cầu",true,MANUAL,NEVER_AUTO,NONE,"Label ""Số yêu cầu"" matches NEVER_AUTO pattern.",,TEXT
BM-019,"document.issuePlaceAndDateLine","Địa danh, ngày ban hành",true,SYSTEM,SAFE_RUNTIME_DEFAULT,DOCUMENT_PLACE_DATE,"SYSTEM/CURRENT_DATE field. Label ""Địa danh, ngày ban hành"" matches safe document place/date pattern.","TP. Hồ Chí Minh, ngày 01 tháng 01 năm 2026",TEXT
BM-019,"official.issuerTitle","Chủ thể ban hành",true,MANUAL,NEVER_AUTO,NONE,"Label ""Chủ thể ban hành"" matches NEVER_AUTO pattern.",,TEXT
BM-019,"initiationRequest.originatingDecisionCode","Số quyết định khởi tố ban đầu",true,MANUAL,REVIEW_REQUIRED,NONE,"Label ""Số quyết định khởi tố ban đầu"" is ambiguous — requires manual classification before auto-fill.",,TEXT
BM-019,"initiationRequest.originatingDecisionDateText","Ngày quyết định khởi tố ban đầu",true,SYSTEM,NEVER_AUTO,NONE,"Label ""Ngày quyết định khởi tố ban đầu"" matches NEVER_AUTO pattern.",,TEXT
BM-019,"initiationRequest.originatingIssuerName","Cơ quan ra quyết định khởi tố ban đầu",true,MANUAL,REVIEW_REQUIRED,NONE,"Label ""Cơ quan ra quyết định khởi tố ban đầu"" is ambiguous — requires manual classification before auto-fill.",,TEXT
BM-019,"initiationRequest.originalOffenseName","Tội danh đã khởi tố",true,MANUAL,REVIEW_REQUIRED,NONE,"Label ""Tội danh đã khởi tố"" is ambiguous — requires manual classification before auto-fill.",,TEXT
BM-019,"initiationRequest.originalLegalArticle","Điều khoản của tội danh đã khởi tố",true,MANUAL,REVIEW_REQUIRED,NONE,"Label ""Điều khoản của tội danh đã khởi tố"" is ambiguous — requires manual classification before auto-fill.",,TEXT
BM-019,"initiationRequest.additionalOffenseName","Tội danh cần khởi tố bổ sung",true,MANUAL,REVIEW_REQUIRED,NONE,"Label ""Tội danh cần khởi tố bổ sung"" is ambiguous — requires manual classification before auto-fill.",,TEXT
BM-019,"initiationRequest.additionalLegalArticle","Điều khoản của tội danh cần bổ sung",true,MANUAL,REVIEW_REQUIRED,NONE,"Label ""Điều khoản của tội danh cần bổ sung"" is ambiguous — requires manual classification before auto-fill.",,TEXT
BM-019,"initiationRequest.orderedAuthorityName","Cơ quan được yêu cầu",true,MANUAL,REVIEW_REQUIRED,NONE,"Label ""Cơ quan được yêu cầu"" is ambiguous — requires manual classification before auto-fill.",,TEXT
BM-019,"recipients.archiveLine","Dòng lưu hồ sơ",true,MANUAL,SAFE_GENERIC_PREFILL,GENERIC_TEXT,"Path ""recipients.archiveLine"" is generic/common boilerplate safe for prefill.",,TEXT
BM-019,"signature.signMode","Chế độ ký",true,OFFICIAL,NEVER_AUTO,NONE,"Label ""Chế độ ký"" matches NEVER_AUTO pattern.",,TEXT
BM-019,"signature.positionTitle","Chức vụ người ký",true,OFFICIAL,NEVER_AUTO,NONE,"Label ""Chức vụ người ký"" matches NEVER_AUTO pattern.",,TEXT
BM-019,"signature.signerName","Người ký",true,OFFICIAL,NEVER_AUTO,NONE,"Label ""Người ký"" matches NEVER_AUTO pattern.",,TEXT
BM-020,"agency.parentName","Cơ quan cấp trên",true,AGENCY,NEVER_AUTO,NONE,"Label ""Cơ quan cấp trên"" matches NEVER_AUTO pattern.",,TEXT
BM-020,"agency.name","Viện kiểm sát ban hành",true,AGENCY,NEVER_AUTO,NONE,"Label ""Viện kiểm sát ban hành"" matches NEVER_AUTO pattern.",,TEXT
BM-020,"document.documentCode","Số yêu cầu",true,MANUAL,NEVER_AUTO,NONE,"Label ""Số yêu cầu"" matches NEVER_AUTO pattern.",,TEXT
BM-020,"document.issuePlaceAndDateLine","Địa danh, ngày ban hành",true,SYSTEM,SAFE_RUNTIME_DEFAULT,DOCUMENT_PLACE_DATE,"SYSTEM/CURRENT_DATE field. Label ""Địa danh, ngày ban hành"" matches safe document place/date pattern.","TP. Hồ Chí Minh, ngày 01 tháng 01 năm 2026",TEXT
BM-020,"official.issuerTitle","Chủ thể ban hành",true,MANUAL,NEVER_AUTO,NONE,"Label ""Chủ thể ban hành"" matches NEVER_AUTO pattern.",,TEXT
BM-020,"initiationRequest.reasonLine","Dòng xét quyết định cần hủy bỏ",true,MANUAL,REVIEW_REQUIRED,NONE,"Label ""Dòng xét quyết định cần hủy bỏ"" is ambiguous — requires manual classification before auto-fill.",,TEXTAREA
BM-020,"initiationRequest.article1Line","Nội dung Điều 1",true,MANUAL,REVIEW_REQUIRED,NONE,"Label ""Nội dung Điều 1"" is ambiguous — requires manual classification before auto-fill.",,TEXTAREA
BM-020,"initiationRequest.article2Line","Nội dung Điều 2",true,MANUAL,REVIEW_REQUIRED,NONE,"Label ""Nội dung Điều 2"" is ambiguous — requires manual classification before auto-fill.",,TEXTAREA
BM-020,"initiationRequest.orderedAuthorityName","Cơ quan được yêu cầu",true,MANUAL,REVIEW_REQUIRED,NONE,"Label ""Cơ quan được yêu cầu"" is ambiguous — requires manual classification before auto-fill.",,TEXT
BM-020,"recipients.archiveLine","Dòng lưu hồ sơ",true,MANUAL,SAFE_GENERIC_PREFILL,GENERIC_TEXT,"Path ""recipients.archiveLine"" is generic/common boilerplate safe for prefill.",,TEXT
BM-020,"signature.signMode","Chế độ ký",true,OFFICIAL,NEVER_AUTO,NONE,"Label ""Chế độ ký"" matches NEVER_AUTO pattern.",,TEXT
BM-020,"signature.positionTitle","Chức vụ người ký",true,OFFICIAL,NEVER_AUTO,NONE,"Label ""Chức vụ người ký"" matches NEVER_AUTO pattern.",,TEXT
BM-020,"signature.signerName","Người ký",true,OFFICIAL,NEVER_AUTO,NONE,"Label ""Người ký"" matches NEVER_AUTO pattern.",,TEXT
BM-021,"agency.parentNameUpper","Tên cơ quan",false,COMPUTED,NEVER_AUTO,NONE,"Label ""Tên cơ quan"" matches NEVER_AUTO pattern.",,TEXT
BM-021,"agency.issuePlace","Địa điểm ban hành",false,COMPUTED,NEVER_AUTO,NONE,"Label ""Địa điểm ban hành"" matches NEVER_AUTO pattern.",,TEXT
BM-021,"document.documentCode","Số văn bản",false,MANUAL,NEVER_AUTO,NONE,"Label ""Số văn bản"" matches NEVER_AUTO pattern.",,TEXT
BM-021,"document.issuePlaceAndDateLine","Địa điểm, ngày ban hành",false,SYSTEM,SAFE_RUNTIME_DEFAULT,DOCUMENT_PLACE_DATE,"SYSTEM/CURRENT_DATE field. Label ""Địa điểm, ngày ban hành"" matches safe document place/date pattern.","TP. Hồ Chí Minh, ngày 01 tháng 01 năm 2026",TEXTAREA
BM-021,"legalBasis.procedureArticlesLine","Căn cứ Bộ luật Tố tụng hình sự",false,OFFICIAL,NEVER_AUTO,NONE,"Label ""Căn cứ Bộ luật Tố tụng hình sự"" matches NEVER_AUTO pattern.",,TEXT
BM-021,"decision.summaryLine","Tóm tắt quyết định",false,COMPUTED,NEVER_AUTO,NONE,"Path ""decision.summaryLine"" starts with NEVER_AUTO path prefix.",,TEXT
BM-021,"decision.decisionLine","Nội dung quyết định",false,MANUAL,NEVER_AUTO,NONE,"Path ""decision.decisionLine"" starts with NEVER_AUTO path prefix.",,TEXT
BM-022,"agency.nameUpper","Tên cơ quan ban hành viết hoa",false,COMPUTED,NEVER_AUTO,NONE,"Label ""Tên cơ quan ban hành viết hoa"" matches NEVER_AUTO pattern.",,TEXT
BM-022,"agency.parentNameUpper","Tên cơ quan",false,COMPUTED,NEVER_AUTO,NONE,"Label ""Tên cơ quan"" matches NEVER_AUTO pattern.",,TEXT
BM-022,"document.issuePlaceAndDateLine","Số quyết định",false,SYSTEM,NEVER_AUTO,NONE,"Label ""Số quyết định"" matches NEVER_AUTO pattern.","TP. Hồ Chí Minh, ngày 01 tháng 01 năm 2026",TEXT
BM-022,"person.fullName","Họ tên",false,MANUAL,NEVER_AUTO,NONE,"Label ""Họ tên"" matches NEVER_AUTO pattern.",,TEXT
BM-023,"agency.parentName","Cơ quan cấp trên",true,AGENCY,NEVER_AUTO,NONE,"Label ""Cơ quan cấp trên"" matches NEVER_AUTO pattern.",,TEXT
BM-023,"agency.name","Viện kiểm sát ban hành",true,AGENCY,NEVER_AUTO,NONE,"Label ""Viện kiểm sát ban hành"" matches NEVER_AUTO pattern.",,TEXT
BM-023,"document.documentCode","Số quyết định",true,MANUAL,NEVER_AUTO,NONE,"Label ""Số quyết định"" matches NEVER_AUTO pattern.",,TEXT
BM-023,"document.issuePlaceAndDateLine","Địa danh, ngày ban hành",true,SYSTEM,SAFE_RUNTIME_DEFAULT,DOCUMENT_PLACE_DATE,"SYSTEM/CURRENT_DATE field. Label ""Địa danh, ngày ban hành"" matches safe document place/date pattern.","TP. Hồ Chí Minh, ngày 01 tháng 01 năm 2026",TEXT
BM-023,"official.issuerTitle","Chủ thể ban hành",true,MANUAL,NEVER_AUTO,NONE,"Label ""Chủ thể ban hành"" matches NEVER_AUTO pattern.",,TEXT
BM-023,"legalBasis.procedureArticlesLine","Căn cứ Bộ luật Tố tụng hình sự",true,OFFICIAL,NEVER_AUTO,NONE,"Label ""Căn cứ Bộ luật Tố tụng hình sự"" matches NEVER_AUTO pattern.",,TEXTAREA
BM-023,"crimeReport.content","Nội dung nguồn tin, vụ việc",true,MANUAL,NEVER_AUTO,NONE,"Label ""Nội dung nguồn tin, vụ việc"" matches NEVER_AUTO pattern.",,TEXTAREA
BM-023,"case.caseTitle","Tên vụ việc",true,MANUAL,NEVER_AUTO,NONE,"Path ""case.caseTitle"" starts with NEVER_AUTO path prefix.",,TEXT
BM-023,"offense.offenseName","Tội danh",true,MANUAL,NEVER_AUTO,NONE,"Path ""offense.offenseName"" starts with NEVER_AUTO path prefix.",,TEXT
BM-023,"offense.legalArticle","Điều khoản Bộ luật Hình sự",true,MANUAL,NEVER_AUTO,NONE,"Path ""offense.legalArticle"" starts with NEVER_AUTO path prefix.",,TEXT
BM-023,"investigation.article2Line","Nội dung Điều 2",true,MANUAL,NEVER_AUTO,NONE,"Path ""investigation.article2Line"" starts with NEVER_AUTO path prefix.",,TEXTAREA
BM-023,"recipients.investigationUnitLine","Nơi nhận - cơ quan điều tra",true,MANUAL,SAFE_GENERIC_PREFILL,GENERIC_TEXT,"Path ""recipients.investigationUnitLine"" is generic/common boilerplate safe for prefill.",,TEXT
BM-023,"recipients.superiorProcuracyLine","Nơi nhận - Viện kiểm sát cấp trên",true,MANUAL,SAFE_GENERIC_PREFILL,GENERIC_TEXT,"Path ""recipients.superiorProcuracyLine"" is generic/common boilerplate safe for prefill.",,TEXT
BM-023,"recipients.archiveLine","Lưu hồ sơ",true,MANUAL,SAFE_GENERIC_PREFILL,GENERIC_TEXT,"Path ""recipients.archiveLine"" is generic/common boilerplate safe for prefill.",,TEXT
BM-023,"signature.signMode","Chế độ ký",true,OFFICIAL,NEVER_AUTO,NONE,"Label ""Chế độ ký"" matches NEVER_AUTO pattern.",,TEXT
BM-023,"signature.positionTitle","Chức vụ người ký",true,OFFICIAL,NEVER_AUTO,NONE,"Label ""Chức vụ người ký"" matches NEVER_AUTO pattern.",,TEXT
BM-023,"signature.signerName","Người ký",true,OFFICIAL,NEVER_AUTO,NONE,"Label ""Người ký"" matches NEVER_AUTO pattern.",,TEXT
BM-024,"agency.parentNameUpper","Tên cơ quan",false,COMPUTED,NEVER_AUTO,NONE,"Label ""Tên cơ quan"" matches NEVER_AUTO pattern.",,TEXT
BM-024,"agency.issuePlace","Viện kiểm sát ban hành",false,COMPUTED,NEVER_AUTO,NONE,"Label ""Viện kiểm sát ban hành"" matches NEVER_AUTO pattern.",,TEXT
BM-024,"document.issueDate","Số quyết định",false,SYSTEM,NEVER_AUTO,NONE,"Label ""Số quyết định"" matches NEVER_AUTO pattern.","2026-01-01",TEXT
BM-024,"document.issuePlaceAndDateLine","Địa danh, ngày ban hành",false,SYSTEM,SAFE_RUNTIME_DEFAULT,DOCUMENT_PLACE_DATE,"SYSTEM/CURRENT_DATE field. Label ""Địa danh, ngày ban hành"" matches safe document place/date pattern.","TP. Hồ Chí Minh, ngày 01 tháng 01 năm 2026",TEXT
BM-025,"agency.nameUpper","Tên cơ quan ban hành viết hoa",false,COMPUTED,NEVER_AUTO,NONE,"Label ""Tên cơ quan ban hành viết hoa"" matches NEVER_AUTO pattern.",,TEXT
BM-025,"agency.parentNameUpper","Tên cơ quan",false,COMPUTED,NEVER_AUTO,NONE,"Label ""Tên cơ quan"" matches NEVER_AUTO pattern.",,TEXT
BM-025,"agency.issuePlace","Địa điểm ban hành",false,COMPUTED,NEVER_AUTO,NONE,"Label ""Địa điểm ban hành"" matches NEVER_AUTO pattern.",,TEXT
BM-026,"agency.parentNameUpper","Tên cơ quan",false,COMPUTED,NEVER_AUTO,NONE,"Label ""Tên cơ quan"" matches NEVER_AUTO pattern.",,TEXT
BM-026,"agency.nameUpper","Tên cơ quan ban hành viết hoa",false,COMPUTED,NEVER_AUTO,NONE,"Label ""Tên cơ quan ban hành viết hoa"" matches NEVER_AUTO pattern.",,TEXT
BM-026,"document.documentCode","Số quyết định",false,MANUAL,NEVER_AUTO,NONE,"Label ""Số quyết định"" matches NEVER_AUTO pattern.",,TEXT
BM-026,"document.issueDate","Ngày ban hành",false,SYSTEM,SAFE_RUNTIME_DEFAULT,DOCUMENT_PLACE_DATE,"SYSTEM/CURRENT_DATE field. Label ""Ngày ban hành"" matches safe document place/date pattern.","2026-01-01",TEXT
BM-027,"agency.tenVien","Tên cơ quan",false,AGENCY,NEVER_AUTO,NONE,"Label ""Tên cơ quan"" matches NEVER_AUTO pattern.",,TEXT
BM-027,"agency.coQuan","Cơ quan",false,AGENCY,NEVER_AUTO,NONE,"Label ""Cơ quan"" matches NEVER_AUTO pattern.",,TEXT
BM-027,"agency.diaDanh","Địa danh",false,AGENCY,NEVER_AUTO,NONE,"Label ""Địa danh"" matches NEVER_AUTO pattern.",,TEXT
BM-027,"document.soThong","Số thông báo",false,MANUAL,NEVER_AUTO,NONE,"Label ""Số thông báo"" matches NEVER_AUTO pattern.",,TEXT
BM-027,"document.ngayBan","Ngày ban hành",false,MANUAL,SAFE_GENERIC_PREFILL,GENERIC_TEXT,"Path ""document.ngayBan"" is generic/common boilerplate safe for prefill.","01",TEXT
BM-028,"agency.tenVien","Tên cơ quan",false,AGENCY,NEVER_AUTO,NONE,"Label ""Tên cơ quan"" matches NEVER_AUTO pattern.",,TEXT
BM-028,"agency.coQuan","Cơ quan",false,AGENCY,NEVER_AUTO,NONE,"Label ""Cơ quan"" matches NEVER_AUTO pattern.",,TEXT
BM-028,"agency.diaDanh","Địa danh",false,AGENCY,NEVER_AUTO,NONE,"Label ""Địa danh"" matches NEVER_AUTO pattern.",,TEXT
BM-028,"document.soQuyet","Số quyết định",false,MANUAL,NEVER_AUTO,NONE,"Label ""Số quyết định"" matches NEVER_AUTO pattern.",,TEXT
BM-028,"document.ngayBan","Ngày ban hành",false,MANUAL,SAFE_GENERIC_PREFILL,GENERIC_TEXT,"Path ""document.ngayBan"" is generic/common boilerplate safe for prefill.","01",TEXT
BM-028,"legalBasis.canCu","Căn cứ pháp lý",false,MANUAL,SAFE_GENERIC_PREFILL,GENERIC_TEXT,"Path ""legalBasis.canCu"" is generic/common boilerplate safe for prefill.",,TEXT
BM-028,"document.soQd","Số quyết định",false,MANUAL,NEVER_AUTO,NONE,"Label ""Số quyết định"" matches NEVER_AUTO pattern.",,TEXT
BM-028,"document.ngayQd","Ngày quyết định",false,MANUAL,REVIEW_REQUIRED,NONE,"Label ""Ngày quyết định"" is ambiguous — requires manual classification before auto-fill.",,TEXT
BM-029,"agency.vienKiem","Tên cơ quan",false,AGENCY,NEVER_AUTO,NONE,"Label ""Tên cơ quan"" matches NEVER_AUTO pattern.",,TEXT
BM-029,"agency.tenCo","Tên cơ quan",false,AGENCY,NEVER_AUTO,NONE,"Label ""Tên cơ quan"" matches NEVER_AUTO pattern.",,TEXT
BM-029,"document.vietTat","Tên viết tắt",false,MANUAL,NEVER_AUTO,NONE,"Label ""Tên viết tắt"" matches NEVER_AUTO pattern.",,TEXT
BM-030,"agency.parentName","Cơ quan cấp trên",true,AGENCY,NEVER_AUTO,NONE,"Label ""Cơ quan cấp trên"" matches NEVER_AUTO pattern.",,TEXT
BM-030,"agency.name","Viện kiểm sát ban hành",true,AGENCY,NEVER_AUTO,NONE,"Label ""Viện kiểm sát ban hành"" matches NEVER_AUTO pattern.",,TEXT
BM-030,"document.documentCode","Số thông báo",true,MANUAL,NEVER_AUTO,NONE,"Label ""Số thông báo"" matches NEVER_AUTO pattern.",,TEXT
BM-030,"document.issuePlaceAndDateLine","Địa danh, ngày ban hành",true,SYSTEM,SAFE_RUNTIME_DEFAULT,DOCUMENT_PLACE_DATE,"SYSTEM/CURRENT_DATE field. Label ""Địa danh, ngày ban hành"" matches safe document place/date pattern.","TP. Hồ Chí Minh, ngày 01 tháng 01 năm 2026",TEXT
BM-030,"recipients.primaryLine","Kính gửi",true,MANUAL,NEVER_AUTO,NONE,"Label ""Kính gửi"" matches NEVER_AUTO pattern.",,TEXT
BM-030,"legalBasis.procedureArticlesLine","Căn cứ pháp lý",true,OFFICIAL,NEVER_AUTO,NONE,"Label ""Căn cứ pháp lý"" matches NEVER_AUTO pattern.",,TEXTAREA
BM-030,"sourceResolutionNotice.agencyActionLine","Viện kiểm sát thông báo",true,MANUAL,NEVER_AUTO,NONE,"Label ""Viện kiểm sát thông báo"" matches NEVER_AUTO pattern.",,TEXT
BM-030,"sourceResolutionNotice.noticeRecipientLine","Người được thông báo",true,MANUAL,NEVER_AUTO,NONE,"Label ""Người được thông báo"" matches NEVER_AUTO pattern.",,TEXT
BM-030,"sourceResolutionNotice.sourceInfoLine","Dòng thông tin nguồn tin",true,MANUAL,NEVER_AUTO,NONE,"Label ""Dòng thông tin nguồn tin"" matches NEVER_AUTO pattern.",,TEXTAREA
BM-030,"sourceResolutionNotice.resolutionResultLine","Dòng kết quả giải quyết",true,MANUAL,NEVER_AUTO,NONE,"Label ""Dòng kết quả giải quyết"" matches NEVER_AUTO pattern.",,TEXTAREA
BM-030,"recipients.copyLine","Nơi nhận bản thông báo",true,MANUAL,SAFE_GENERIC_PREFILL,GENERIC_TEXT,"Path ""recipients.copyLine"" is generic/common boilerplate safe for prefill.",,TEXT
BM-030,"recipients.archiveLine","Lưu hồ sơ",true,MANUAL,SAFE_GENERIC_PREFILL,GENERIC_TEXT,"Path ""recipients.archiveLine"" is generic/common boilerplate safe for prefill.",,TEXT
BM-030,"signature.positionTitle","Chức danh người ký",true,OFFICIAL,NEVER_AUTO,NONE,"Label ""Chức danh người ký"" matches NEVER_AUTO pattern.",,TEXT
BM-030,"signature.signerName","Người ký",true,OFFICIAL,NEVER_AUTO,NONE,"Label ""Người ký"" matches NEVER_AUTO pattern.",,TEXT
BM-031,"agency.parentName","Cơ quan cấp trên",true,AGENCY,NEVER_AUTO,NONE,"Label ""Cơ quan cấp trên"" matches NEVER_AUTO pattern.",,TEXT
BM-031,"agency.name","Viện kiểm sát tại header",true,AGENCY,NEVER_AUTO,NONE,"Label ""Viện kiểm sát tại header"" matches NEVER_AUTO pattern.",,TEXT
BM-031,"document.documentCodeLine","Số quyết định",true,MANUAL,NEVER_AUTO,NONE,"Label ""Số quyết định"" matches NEVER_AUTO pattern.",,TEXT
BM-031,"document.issuePlaceAndDateLine","Địa danh, ngày ban hành",true,SYSTEM,SAFE_RUNTIME_DEFAULT,DOCUMENT_PLACE_DATE,"SYSTEM/CURRENT_DATE field. Label ""Địa danh, ngày ban hành"" matches safe document place/date pattern.","TP. Hồ Chí Minh, ngày 01 tháng 01 năm 2026",TEXT
BM-031,"agency.bodyName","Tên Viện kiểm sát trong thân văn bản",true,MANUAL,SAFE_GENERIC_PREFILL,GENERIC_TEXT,"Path ""agency.bodyName"" is generic/common boilerplate safe for prefill.",,TEXT
BM-031,"legalBasis.juvenileLegalBasisLine","Căn cứ pháp luật người chưa thành niên",false,MANUAL,SAFE_GENERIC_PREFILL,GENERIC_TEXT,"Path ""legalBasis.juvenileLegalBasisLine"" is generic/common boilerplate safe for prefill.",,TEXTAREA
BM-031,"legalBasis.requestApprovalLine","Dòng xét hồ sơ đề nghị",true,MANUAL,SAFE_GENERIC_PREFILL,GENERIC_TEXT,"Path ""legalBasis.requestApprovalLine"" is generic/common boilerplate safe for prefill.",,TEXTAREA
BM-031,"measure.reasonLine","Lý do phê chuẩn",true,MANUAL,NEVER_AUTO,NONE,"Path ""measure.reasonLine"" starts with NEVER_AUTO path prefix.",,TEXTAREA
BM-031,"measure.article1Line","Nội dung Điều 1",true,MANUAL,NEVER_AUTO,NONE,"Path ""measure.article1Line"" starts with NEVER_AUTO path prefix.",,TEXTAREA
BM-031,"measure.article2Line","Nội dung Điều 2",true,MANUAL,NEVER_AUTO,NONE,"Path ""measure.article2Line"" starts with NEVER_AUTO path prefix.",,TEXTAREA
BM-031,"recipients.investigationUnitLine","Nơi nhận - cơ quan điều tra",true,MANUAL,SAFE_GENERIC_PREFILL,GENERIC_TEXT,"Path ""recipients.investigationUnitLine"" is generic/common boilerplate safe for prefill.",,TEXT
BM-031,"recipients.personLine","Nơi nhận - người bị giữ",true,MANUAL,SAFE_GENERIC_PREFILL,GENERIC_TEXT,"Path ""recipients.personLine"" is generic/common boilerplate safe for prefill.",,TEXT
BM-031,"recipients.archiveLine","Lưu hồ sơ",true,MANUAL,SAFE_GENERIC_PREFILL,GENERIC_TEXT,"Path ""recipients.archiveLine"" is generic/common boilerplate safe for prefill.",,TEXT
BM-031,"signature.signMode","Chế độ ký",true,OFFICIAL,NEVER_AUTO,NONE,"Label ""Chế độ ký"" matches NEVER_AUTO pattern.",,TEXT
BM-031,"signature.positionTitle","Chức vụ người ký",true,OFFICIAL,NEVER_AUTO,NONE,"Label ""Chức vụ người ký"" matches NEVER_AUTO pattern.",,TEXT
BM-031,"signature.signerName","Người ký",true,OFFICIAL,NEVER_AUTO,NONE,"Label ""Người ký"" matches NEVER_AUTO pattern.",,TEXT
BM-032,"agency.nameUpper","Tên cơ quan ban hành viết hoa",false,COMPUTED,NEVER_AUTO,NONE,"Label ""Tên cơ quan ban hành viết hoa"" matches NEVER_AUTO pattern.",,TEXT
BM-032,"agency.parentNameUpper","Tên cơ quan",false,COMPUTED,NEVER_AUTO,NONE,"Label ""Tên cơ quan"" matches NEVER_AUTO pattern.",,TEXT
BM-032,"agency.issuePlace","Địa điểm ban hành",false,COMPUTED,NEVER_AUTO,NONE,"Label ""Địa điểm ban hành"" matches NEVER_AUTO pattern.",,TEXT
BM-032,"document.documentCode","Số văn bản",false,MANUAL,NEVER_AUTO,NONE,"Label ""Số văn bản"" matches NEVER_AUTO pattern.",,TEXT
BM-033,"agency.parentNameUpper","Cơ quan cấp trên",true,COMPUTED,NEVER_AUTO,NONE,"Label ""Cơ quan cấp trên"" matches NEVER_AUTO pattern.",,TEXT
BM-033,"agency.nameUpper","Viện kiểm sát ban hành",true,AGENCY,NEVER_AUTO,NONE,"Label ""Viện kiểm sát ban hành"" matches NEVER_AUTO pattern.",,TEXT
BM-033,"document.documentCode","Số quyết định",true,MANUAL,NEVER_AUTO,NONE,"Label ""Số quyết định"" matches NEVER_AUTO pattern.",,TEXT
BM-033,"document.issuePlaceAndDateLine","Địa danh, ngày ban hành",true,SYSTEM,SAFE_RUNTIME_DEFAULT,DOCUMENT_PLACE_DATE,"SYSTEM/CURRENT_DATE field. Label ""Địa danh, ngày ban hành"" matches safe document place/date pattern.","TP. Hồ Chí Minh, ngày 01 tháng 01 năm 2026",TEXT
BM-033,"custody.extensionAttemptText","Lần gia hạn tạm giữ",true,MANUAL,NEVER_AUTO,NONE,"Label ""Lần gia hạn tạm giữ"" matches NEVER_AUTO pattern.",,TEXT
BM-033,"official.issuingAuthorityLine","Chủ thể ban hành",true,MANUAL,NEVER_AUTO,NONE,"Label ""Chủ thể ban hành"" matches NEVER_AUTO pattern.",,TEXT
BM-033,"legalBasis.procedureArticlesLine","Căn cứ Bộ luật Tố tụng hình sự",true,OFFICIAL,NEVER_AUTO,NONE,"Label ""Căn cứ Bộ luật Tố tụng hình sự"" matches NEVER_AUTO pattern.",,TEXTAREA
BM-033,"legalBasis.juvenileJusticeLine","Căn cứ pháp luật người chưa thành niên",false,MANUAL,SAFE_GENERIC_PREFILL,GENERIC_TEXT,"Path ""legalBasis.juvenileJusticeLine"" is generic/common boilerplate safe for prefill.",,TEXTAREA
BM-033,"custody.detentionDecisionLine","Căn cứ quyết định tạm giữ",true,MANUAL,SAFE_GENERIC_PREFILL,GENERIC_TEXT,"Path ""custody.detentionDecisionLine"" is generic/common boilerplate safe for prefill.",,TEXTAREA
BM-033,"custody.previousExtensionDecisionLine","Căn cứ quyết định gia hạn trước đó",true,MANUAL,SAFE_GENERIC_PREFILL,GENERIC_TEXT,"Path ""custody.previousExtensionDecisionLine"" is generic/common boilerplate safe for prefill.",,TEXTAREA
BM-033,"custody.approvalProposalLine","Dòng xét hồ sơ đề nghị",true,MANUAL,NEVER_AUTO,NONE,"Label ""Dòng xét hồ sơ đề nghị"" matches NEVER_AUTO pattern.",,TEXTAREA
BM-033,"custody.approvalProposalAgencyLine","Cơ quan đề nghị và người bị tạm giữ",true,MANUAL,NEVER_AUTO,NONE,"Label ""Cơ quan đề nghị và người bị tạm giữ"" matches NEVER_AUTO pattern.",,TEXTAREA
BM-033,"custody.approvalReasonLine","Lý do phê chuẩn",true,MANUAL,NEVER_AUTO,NONE,"Label ""Lý do phê chuẩn"" matches NEVER_AUTO pattern.",,TEXTAREA
BM-033,"custody.approvalArticle1Line","Nội dung Điều 1",true,MANUAL,NEVER_AUTO,NONE,"Label ""Nội dung Điều 1"" matches NEVER_AUTO pattern.",,TEXTAREA
BM-033,"custody.executionRequestLine","Nội dung Điều 2",true,MANUAL,NEVER_AUTO,NONE,"Label ""Nội dung Điều 2"" matches NEVER_AUTO pattern.",,TEXTAREA
BM-033,"recipients.executionAgencyLine","Nơi nhận - cơ quan thực hiện",true,MANUAL,SAFE_GENERIC_PREFILL,GENERIC_TEXT,"Path ""recipients.executionAgencyLine"" is generic/common boilerplate safe for prefill.",,TEXT
BM-033,"recipients.personLine","Nơi nhận - người bị tạm giữ",true,MANUAL,SAFE_GENERIC_PREFILL,GENERIC_TEXT,"Path ""recipients.personLine"" is generic/common boilerplate safe for prefill.",,TEXT
BM-033,"recipients.archiveLine","Lưu hồ sơ",true,MANUAL,SAFE_GENERIC_PREFILL,GENERIC_TEXT,"Path ""recipients.archiveLine"" is generic/common boilerplate safe for prefill.",,TEXT
BM-033,"signature.signMode","Chế độ ký",true,OFFICIAL,NEVER_AUTO,NONE,"Label ""Chế độ ký"" matches NEVER_AUTO pattern.",,TEXT
BM-033,"signature.positionTitle","Chức vụ người ký",true,OFFICIAL,NEVER_AUTO,NONE,"Label ""Chức vụ người ký"" matches NEVER_AUTO pattern.",,TEXT
BM-033,"signature.signerName","Người ký",true,OFFICIAL,NEVER_AUTO,NONE,"Label ""Người ký"" matches NEVER_AUTO pattern.",,TEXT
BM-034,"agency.parentNameUpper","Tên cơ quan",false,COMPUTED,NEVER_AUTO,NONE,"Label ""Tên cơ quan"" matches NEVER_AUTO pattern.",,TEXT
BM-034,"document.documentCode","Số quyết định",false,MANUAL,NEVER_AUTO,NONE,"Label ""Số quyết định"" matches NEVER_AUTO pattern.",,TEXT
BM-034,"agency.issuePlace","Địa điểm ban hành",false,COMPUTED,NEVER_AUTO,NONE,"Label ""Địa điểm ban hành"" matches NEVER_AUTO pattern.",,TEXTAREA
BM-034,"document.issueDate","Ngày ban hành",false,SYSTEM,SAFE_RUNTIME_DEFAULT,DOCUMENT_PLACE_DATE,"SYSTEM/CURRENT_DATE field. Label ""Ngày ban hành"" matches safe document place/date pattern.","2026-01-01",TEXT
BM-035,"agency.parentNameUpper","Tên cơ quan",false,COMPUTED,NEVER_AUTO,NONE,"Label ""Tên cơ quan"" matches NEVER_AUTO pattern.",,TEXT
BM-035,"document.documentCode","Số quyết định",false,MANUAL,NEVER_AUTO,NONE,"Label ""Số quyết định"" matches NEVER_AUTO pattern.",,TEXT
BM-035,"document.issueDate","Ngày ban hành",false,SYSTEM,SAFE_RUNTIME_DEFAULT,DOCUMENT_PLACE_DATE,"SYSTEM/CURRENT_DATE field. Label ""Ngày ban hành"" matches safe document place/date pattern.","2026-01-01",TEXT
BM-036,"agency.parentNameUpper","Tên cơ quan",false,COMPUTED,NEVER_AUTO,NONE,"Label ""Tên cơ quan"" matches NEVER_AUTO pattern.",,TEXT
BM-036,"document.documentCode","Số văn bản",false,MANUAL,NEVER_AUTO,NONE,"Label ""Số văn bản"" matches NEVER_AUTO pattern.",,TEXT
BM-036,"document.issuePlaceAndDateLine","Địa điểm, ngày ban hành",false,SYSTEM,SAFE_RUNTIME_DEFAULT,DOCUMENT_PLACE_DATE,"SYSTEM/CURRENT_DATE field. Label ""Địa điểm, ngày ban hành"" matches safe document place/date pattern.","TP. Hồ Chí Minh, ngày 01 tháng 01 năm 2026",TEXT
BM-036,"person.fullName","Họ tên người bị áp dụng",false,MANUAL,NEVER_AUTO,NONE,"Label ""Họ tên người bị áp dụng"" matches NEVER_AUTO pattern.",,DATE
BM-036,"legalBasis.procedureArticlesLine","Thông tin nhân thân bổ sung",false,MANUAL,SAFE_GENERIC_PREFILL,GENERIC_TEXT,"Path ""legalBasis.procedureArticlesLine"" is generic/common boilerplate safe for prefill.",,TEXTAREA
BM-036,"decision.summaryLine","Tóm tắt quyết định",false,COMPUTED,NEVER_AUTO,NONE,"Path ""decision.summaryLine"" starts with NEVER_AUTO path prefix.",,TEXT
BM-036,"recipients.executionAgencyLine","Cơ quan thi hành quyết định",false,MANUAL,NEVER_AUTO,NONE,"Label ""Cơ quan thi hành quyết định"" matches NEVER_AUTO pattern.",,TEXTAREA
BM-036,"recipients.personLine","Người bị áp dụng",false,MANUAL,NEVER_AUTO,NONE,"Label ""Người bị áp dụng"" matches NEVER_AUTO pattern.",,TEXT
BM-036,"recipients.archiveLine","Lưu hồ sơ",false,MANUAL,SAFE_GENERIC_PREFILL,GENERIC_TEXT,"Path ""recipients.archiveLine"" is generic/common boilerplate safe for prefill.",,TEXT
BM-037,"agency.parentName","Cơ quan cấp trên",true,AGENCY,NEVER_AUTO,NONE,"Label ""Cơ quan cấp trên"" matches NEVER_AUTO pattern.",,TEXT
BM-037,"agency.name","Viện kiểm sát ban hành",true,AGENCY,NEVER_AUTO,NONE,"Label ""Viện kiểm sát ban hành"" matches NEVER_AUTO pattern.",,TEXT
BM-037,"document.documentCodeLine","Số quyết định",true,MANUAL,NEVER_AUTO,NONE,"Label ""Số quyết định"" matches NEVER_AUTO pattern.",,TEXT
BM-037,"document.issuePlaceAndDateLine","Địa danh, ngày ban hành",true,SYSTEM,SAFE_RUNTIME_DEFAULT,DOCUMENT_PLACE_DATE,"SYSTEM/CURRENT_DATE field. Label ""Địa danh, ngày ban hành"" matches safe document place/date pattern.","TP. Hồ Chí Minh, ngày 01 tháng 01 năm 2026",TEXT
BM-037,"agency.bodyName","Tên cơ quan viết đầy đủ",true,AGENCY,NEVER_AUTO,NONE,"Label ""Tên cơ quan viết đầy đủ"" matches NEVER_AUTO pattern.",,TEXT
BM-037,"legalBasis.juvenileLegalBasisLine","Căn cứ Luật xử lý vi phạm hành chính",false,MANUAL,SAFE_GENERIC_PREFILL,GENERIC_TEXT,"Path ""legalBasis.juvenileLegalBasisLine"" is generic/common boilerplate safe for prefill.",,TEXTAREA
BM-037,"caseDecision.legalBasisLine","Căn cứ quyết định vụ án",true,OFFICIAL,NEVER_AUTO,NONE,"Label ""Căn cứ quyết định vụ án"" matches NEVER_AUTO pattern.",,TEXTAREA
BM-037,"accusedDecision.legalBasisLine","Căn cứ quyết định đối với bị can",true,OFFICIAL,NEVER_AUTO,NONE,"Label ""Căn cứ quyết định đối với bị can"" matches NEVER_AUTO pattern.",,TEXTAREA
BM-037,"legalBasis.requestApprovalLine","Căn cứ đề nghị phê chuẩn",true,MANUAL,SAFE_GENERIC_PREFILL,GENERIC_TEXT,"Path ""legalBasis.requestApprovalLine"" is generic/common boilerplate safe for prefill.",,TEXTAREA
BM-037,"measure.reasonLine","Lý do áp dụng biện pháp",true,MANUAL,NEVER_AUTO,NONE,"Path ""measure.reasonLine"" starts with NEVER_AUTO path prefix.",,TEXTAREA
BM-037,"measure.article1Line","Điều 1 - Nội dung quyết định",true,MANUAL,NEVER_AUTO,NONE,"Path ""measure.article1Line"" starts with NEVER_AUTO path prefix.",,TEXTAREA
BM-037,"measure.detentionDurationLine","Thời hạn tạm giam",true,MANUAL,NEVER_AUTO,NONE,"Path ""measure.detentionDurationLine"" starts with NEVER_AUTO path prefix.",,TEXT
BM-037,"measure.article2Line","Điều 2 - Giao hồ sơ",true,MANUAL,NEVER_AUTO,NONE,"Path ""measure.article2Line"" starts with NEVER_AUTO path prefix.",,TEXTAREA
BM-037,"recipients.investigationUnitLine","Nơi nhận - Cơ quan điều tra",true,MANUAL,SAFE_GENERIC_PREFILL,GENERIC_TEXT,"Path ""recipients.investigationUnitLine"" is generic/common boilerplate safe for prefill.",,TEXT
BM-037,"recipients.personLine","Nơi nhận - Bị can",true,MANUAL,SAFE_GENERIC_PREFILL,GENERIC_TEXT,"Path ""recipients.personLine"" is generic/common boilerplate safe for prefill.",,TEXT
BM-037,"recipients.archiveLine","Lưu hồ sơ",true,MANUAL,SAFE_GENERIC_PREFILL,GENERIC_TEXT,"Path ""recipients.archiveLine"" is generic/common boilerplate safe for prefill.",,TEXT
BM-037,"signature.signMode","Chế độ ký",true,OFFICIAL,NEVER_AUTO,NONE,"Label ""Chế độ ký"" matches NEVER_AUTO pattern.",,TEXT
BM-037,"signature.positionTitle","Chức vụ người ký",true,OFFICIAL,NEVER_AUTO,NONE,"Label ""Chức vụ người ký"" matches NEVER_AUTO pattern.",,TEXT
BM-037,"signature.signerName","Người ký",true,OFFICIAL,NEVER_AUTO,NONE,"Label ""Người ký"" matches NEVER_AUTO pattern.",,TEXT
BM-038,"agency.parentNameUpper","Cơ quan cấp trên (viết hoa)",true,COMPUTED,NEVER_AUTO,NONE,"Label ""Cơ quan cấp trên (viết hoa)"" matches NEVER_AUTO pattern.",,TEXT
BM-038,"agency.nameUpper","Viện kiểm sát (viết hoa)",true,AGENCY,NEVER_AUTO,NONE,"Label ""Viện kiểm sát (viết hoa)"" matches NEVER_AUTO pattern.",,TEXT
BM-038,"document.documentCode","Số quyết định",true,MANUAL,NEVER_AUTO,NONE,"Label ""Số quyết định"" matches NEVER_AUTO pattern.",,TEXT
BM-038,"document.issuePlaceAndDateLine","Địa danh, ngày ban hành",true,SYSTEM,SAFE_RUNTIME_DEFAULT,DOCUMENT_PLACE_DATE,"SYSTEM/CURRENT_DATE field. Label ""Địa danh, ngày ban hành"" matches safe document place/date pattern.","TP. Hồ Chí Minh, ngày 01 tháng 01 năm 2026",TEXT
BM-038,"official.issuingAuthorityLine","Cơ quan ban hành",true,MANUAL,NEVER_AUTO,NONE,"Label ""Cơ quan ban hành"" matches NEVER_AUTO pattern.",,TEXT
BM-038,"legalBasis.procedureArticlesLine","Căn cứ Bộ luật Tố tụng hình sự",true,OFFICIAL,NEVER_AUTO,NONE,"Label ""Căn cứ Bộ luật Tố tụng hình sự"" matches NEVER_AUTO pattern.",,TEXTAREA
BM-038,"legalBasis.juvenileJusticeLine","Căn cứ Luật xử lý vi phạm hành chính",false,MANUAL,SAFE_GENERIC_PREFILL,GENERIC_TEXT,"Path ""legalBasis.juvenileJusticeLine"" is generic/common boilerplate safe for prefill.",,TEXTAREA
BM-038,"arrestNonApproval.caseDecisionLegalBasisLine","Căn cứ quyết định vụ án",true,MANUAL,SAFE_GENERIC_PREFILL,GENERIC_TEXT,"Path ""arrestNonApproval.caseDecisionLegalBasisLine"" is generic/common boilerplate safe for prefill.",,TEXTAREA
BM-038,"arrestNonApproval.accusedDecisionLegalBasisLine","Căn cứ quyết định khởi tố bị can",true,MANUAL,SAFE_GENERIC_PREFILL,GENERIC_TEXT,"Path ""arrestNonApproval.accusedDecisionLegalBasisLine"" is generic/common boilerplate safe for prefill.",,TEXTAREA
BM-038,"arrestNonApproval.proposalLine","Đề nghị không phê chuẩn",true,MANUAL,NEVER_AUTO,NONE,"Label ""Đề nghị không phê chuẩn"" matches NEVER_AUTO pattern.",,TEXTAREA
BM-038,"arrestNonApproval.proposalAgencyLine","Cơ quan đề nghị",true,MANUAL,NEVER_AUTO,NONE,"Label ""Cơ quan đề nghị"" matches NEVER_AUTO pattern.",,TEXT
BM-038,"arrestNonApproval.reasonLine","Lý do không phê chuẩn",true,MANUAL,NEVER_AUTO,NONE,"Label ""Lý do không phê chuẩn"" matches NEVER_AUTO pattern.",,TEXTAREA
BM-038,"arrestNonApproval.article1Line","Điều 1 - Nội dung quyết định",true,MANUAL,NEVER_AUTO,NONE,"Label ""Điều 1 - Nội dung quyết định"" matches NEVER_AUTO pattern.",,TEXTAREA
BM-038,"arrestNonApproval.article2Line","Điều 2 - Yêu cầu",true,MANUAL,NEVER_AUTO,NONE,"Label ""Điều 2 - Yêu cầu"" matches NEVER_AUTO pattern.",,TEXTAREA
BM-038,"recipients.executionAgencyLine","Nơi nhận - Cơ quan thi hành",true,MANUAL,SAFE_GENERIC_PREFILL,GENERIC_TEXT,"Path ""recipients.executionAgencyLine"" is generic/common boilerplate safe for prefill.",,TEXT
BM-038,"recipients.personLine","Nơi nhận - Bị can",true,MANUAL,SAFE_GENERIC_PREFILL,GENERIC_TEXT,"Path ""recipients.personLine"" is generic/common boilerplate safe for prefill.",,TEXT
BM-038,"recipients.archiveLine","Lưu hồ sơ",true,MANUAL,SAFE_GENERIC_PREFILL,GENERIC_TEXT,"Path ""recipients.archiveLine"" is generic/common boilerplate safe for prefill.",,TEXT
BM-038,"signature.signMode","Chế độ ký",true,OFFICIAL,NEVER_AUTO,NONE,"Label ""Chế độ ký"" matches NEVER_AUTO pattern.",,TEXT
BM-038,"signature.positionTitle","Chức vụ người ký",true,OFFICIAL,NEVER_AUTO,NONE,"Label ""Chức vụ người ký"" matches NEVER_AUTO pattern.",,TEXT
BM-038,"signature.signerName","Người ký",true,OFFICIAL,NEVER_AUTO,NONE,"Label ""Người ký"" matches NEVER_AUTO pattern.",,TEXT
BM-039,"agency.parentNameUpper","Cơ quan cấp trên (IN HOA)",true,COMPUTED,NEVER_AUTO,NONE,"Label ""Cơ quan cấp trên (IN HOA)"" matches NEVER_AUTO pattern.",,TEXT
BM-039,"agency.nameUpper","Viện kiểm sát ban hành (IN HOA)",true,AGENCY,NEVER_AUTO,NONE,"Label ""Viện kiểm sát ban hành (IN HOA)"" matches NEVER_AUTO pattern.",,TEXT
BM-039,"document.documentCode","Số quyết định",true,MANUAL,NEVER_AUTO,NONE,"Label ""Số quyết định"" matches NEVER_AUTO pattern.",,TEXT
BM-039,"document.issuePlaceAndDateLine","Địa danh, ngày ban hành",true,SYSTEM,SAFE_RUNTIME_DEFAULT,DOCUMENT_PLACE_DATE,"SYSTEM/CURRENT_DATE field. Label ""Địa danh, ngày ban hành"" matches safe document place/date pattern.","TP. Hồ Chí Minh, ngày 01 tháng 01 năm 2026",TEXT
BM-039,"official.issuingAuthorityLine","Cơ quan ban hành (dòng chữ in trên đầu)",true,MANUAL,NEVER_AUTO,NONE,"Label ""Cơ quan ban hành (dòng chữ in trên đầu)"" matches NEVER_AUTO pattern.",,TEXT
BM-039,"legalBasis.procedureArticlesLine","Căn cứ Bộ luật Tố tụng hình sự",true,OFFICIAL,NEVER_AUTO,NONE,"Label ""Căn cứ Bộ luật Tố tụng hình sự"" matches NEVER_AUTO pattern.",,TEXTAREA
BM-039,"legalBasis.juvenileJusticeLine","Căn cứ pháp luật về vi phạm hành chính",true,MANUAL,SAFE_GENERIC_PREFILL,GENERIC_TEXT,"Path ""legalBasis.juvenileJusticeLine"" is generic/common boilerplate safe for prefill.",,TEXTAREA
BM-039,"detentionArrest.caseDecisionLegalBasisLine","Căn cứ quyết định khởi tố vụ án",true,MANUAL,NEVER_AUTO,NONE,"Path ""detentionArrest.caseDecisionLegalBasisLine"" starts with NEVER_AUTO path prefix.",,TEXTAREA
BM-039,"detentionArrest.accusedDecisionLegalBasisLine","Căn cứ quyết định về bị can",true,MANUAL,NEVER_AUTO,NONE,"Path ""detentionArrest.accusedDecisionLegalBasisLine"" starts with NEVER_AUTO path prefix.",,TEXTAREA
BM-039,"detentionArrest.reasonLine","Lý do phê chuẩn lệnh bắt và tạm giam",true,MANUAL,NEVER_AUTO,NONE,"Path ""detentionArrest.reasonLine"" starts with NEVER_AUTO path prefix.",,TEXTAREA
BM-039,"detentionArrest.accusedName","Họ tên bị can",true,MANUAL,NEVER_AUTO,NONE,"Path ""detentionArrest.accusedName"" starts with NEVER_AUTO path prefix.",,TEXT
BM-039,"detentionArrest.genderLabel","Giới tính",true,MANUAL,NEVER_AUTO,NONE,"Path ""detentionArrest.genderLabel"" starts with NEVER_AUTO path prefix.",,TEXT
BM-039,"detentionArrest.otherName","Tên gọi khác",false,MANUAL,NEVER_AUTO,NONE,"Path ""detentionArrest.otherName"" starts with NEVER_AUTO path prefix.",,TEXT
BM-039,"detentionArrest.birthDay","Ngày sinh",true,MANUAL,NEVER_AUTO,NONE,"Path ""detentionArrest.birthDay"" starts with NEVER_AUTO path prefix.",,TEXT
BM-039,"detentionArrest.birthMonth","Tháng sinh",true,MANUAL,NEVER_AUTO,NONE,"Path ""detentionArrest.birthMonth"" starts with NEVER_AUTO path prefix.",,TEXT
BM-039,"detentionArrest.birthYear","Năm sinh",true,MANUAL,NEVER_AUTO,NONE,"Path ""detentionArrest.birthYear"" starts with NEVER_AUTO path prefix.",,TEXT
BM-039,"detentionArrest.placeOfBirth","Nơi sinh",true,MANUAL,NEVER_AUTO,NONE,"Path ""detentionArrest.placeOfBirth"" starts with NEVER_AUTO path prefix.",,TEXT
BM-039,"detentionArrest.nationality","Quốc tịch",true,MANUAL,NEVER_AUTO,NONE,"Path ""detentionArrest.nationality"" starts with NEVER_AUTO path prefix.",,TEXT
BM-039,"detentionArrest.ethnicity","Dân tộc",true,MANUAL,NEVER_AUTO,NONE,"Path ""detentionArrest.ethnicity"" starts with NEVER_AUTO path prefix.",,TEXT
BM-039,"detentionArrest.religion","Tôn giáo",false,MANUAL,NEVER_AUTO,NONE,"Path ""detentionArrest.religion"" starts with NEVER_AUTO path prefix.",,TEXT
BM-039,"detentionArrest.occupation","Nghề nghiệp",true,MANUAL,NEVER_AUTO,NONE,"Path ""detentionArrest.occupation"" starts with NEVER_AUTO path prefix.",,TEXT
BM-039,"detentionArrest.identityNo","Số CMND/CCCD",true,MANUAL,NEVER_AUTO,NONE,"Path ""detentionArrest.identityNo"" starts with NEVER_AUTO path prefix.",,TEXT
BM-039,"detentionArrest.identityIssuedDay","Ngày cấp CMND/CCCD",true,MANUAL,NEVER_AUTO,NONE,"Path ""detentionArrest.identityIssuedDay"" starts with NEVER_AUTO path prefix.",,TEXT
BM-039,"detentionArrest.identityIssuedMonth","Tháng cấp CMND/CCCD",true,MANUAL,NEVER_AUTO,NONE,"Path ""detentionArrest.identityIssuedMonth"" starts with NEVER_AUTO path prefix.",,TEXT
BM-039,"detentionArrest.identityIssuedYear","Năm cấp CMND/CCCD",true,MANUAL,NEVER_AUTO,NONE,"Path ""detentionArrest.identityIssuedYear"" starts with NEVER_AUTO path prefix.",,TEXT
BM-039,"detentionArrest.identityIssuedPlace","Nơi cấp CMND/CCCD",true,MANUAL,NEVER_AUTO,NONE,"Path ""detentionArrest.identityIssuedPlace"" starts with NEVER_AUTO path prefix.",,TEXT
BM-039,"detentionArrest.permanentAddress","Nơi thường trú",true,MANUAL,NEVER_AUTO,NONE,"Path ""detentionArrest.permanentAddress"" starts with NEVER_AUTO path prefix.",,TEXT
BM-039,"detentionArrest.temporaryAddress","Nơi tạm trú",false,MANUAL,NEVER_AUTO,NONE,"Path ""detentionArrest.temporaryAddress"" starts with NEVER_AUTO path prefix.",,TEXT
BM-039,"detentionArrest.currentAddress","Nơi ở hiện tại",true,MANUAL,NEVER_AUTO,NONE,"Path ""detentionArrest.currentAddress"" starts with NEVER_AUTO path prefix.",,TEXT
BM-039,"detentionArrest.detentionDurationText","Thời hạn tạm giam",true,MANUAL,NEVER_AUTO,NONE,"Path ""detentionArrest.detentionDurationText"" starts with NEVER_AUTO path prefix.",,TEXT
BM-039,"detentionArrest.detentionToDateLine","Thời hạn đến ngày",true,SYSTEM,NEVER_AUTO,NONE,"Path ""detentionArrest.detentionToDateLine"" starts with NEVER_AUTO path prefix.",,TEXT
BM-039,"detentionArrest.detentionExecutionUnitName","Đơn vị thi hành",true,MANUAL,NEVER_AUTO,NONE,"Path ""detentionArrest.detentionExecutionUnitName"" starts with NEVER_AUTO path prefix.",,TEXT
BM-039,"detentionArrest.detentionFacilityName","Cơ sở giam giữ",true,MANUAL,NEVER_AUTO,NONE,"Path ""detentionArrest.detentionFacilityName"" starts with NEVER_AUTO path prefix.",,TEXT
BM-039,"recipients.executionAgencyLine","Nơi nhận - Cơ quan thi hành",true,MANUAL,SAFE_GENERIC_PREFILL,GENERIC_TEXT,"Path ""recipients.executionAgencyLine"" is generic/common boilerplate safe for prefill.",,TEXT
BM-039,"recipients.detentionFacilityLine","Nơi nhận - Cơ sở giam giữ",true,MANUAL,SAFE_GENERIC_PREFILL,GENERIC_TEXT,"Path ""recipients.detentionFacilityLine"" is generic/common boilerplate safe for prefill.",,TEXT
BM-039,"recipients.personLine","Nơi nhận - Bị can",true,MANUAL,SAFE_GENERIC_PREFILL,GENERIC_TEXT,"Path ""recipients.personLine"" is generic/common boilerplate safe for prefill.",,TEXT
BM-039,"recipients.archiveLine","Lưu hồ sơ",true,MANUAL,SAFE_GENERIC_PREFILL,GENERIC_TEXT,"Path ""recipients.archiveLine"" is generic/common boilerplate safe for prefill.",,TEXT
BM-039,"signature.signMode","Chế độ ký",true,OFFICIAL,NEVER_AUTO,NONE,"Label ""Chế độ ký"" matches NEVER_AUTO pattern.",,TEXT
BM-039,"signature.positionTitle","Chức vụ người ký",true,OFFICIAL,NEVER_AUTO,NONE,"Label ""Chức vụ người ký"" matches NEVER_AUTO pattern.",,TEXT
BM-039,"signature.signerName","Người ký",true,OFFICIAL,NEVER_AUTO,NONE,"Label ""Người ký"" matches NEVER_AUTO pattern.",,TEXT
BM-040,"agency.parentName","Cơ quan cấp trên",true,AGENCY,NEVER_AUTO,NONE,"Label ""Cơ quan cấp trên"" matches NEVER_AUTO pattern.",,TEXT
BM-040,"agency.name","Viện kiểm sát ban hành",true,AGENCY,NEVER_AUTO,NONE,"Label ""Viện kiểm sát ban hành"" matches NEVER_AUTO pattern.",,TEXT
BM-040,"document.documentCodeLine","Số quyết định",true,MANUAL,NEVER_AUTO,NONE,"Label ""Số quyết định"" matches NEVER_AUTO pattern.",,TEXT
BM-040,"document.issuePlaceAndDateLine","Địa danh, ngày ban hành",true,SYSTEM,SAFE_RUNTIME_DEFAULT,DOCUMENT_PLACE_DATE,"SYSTEM/CURRENT_DATE field. Label ""Địa danh, ngày ban hành"" matches safe document place/date pattern.","TP. Hồ Chí Minh, ngày 01 tháng 01 năm 2026",TEXT
BM-040,"agency.bodyName","Tên cơ quan viết đầy đủ",true,AGENCY,NEVER_AUTO,NONE,"Label ""Tên cơ quan viết đầy đủ"" matches NEVER_AUTO pattern.",,TEXT
BM-040,"legalBasis.baseProcedureLine","Căn cứ Bộ luật Tố tụng hình sự",true,MANUAL,SAFE_GENERIC_PREFILL,GENERIC_TEXT,"Path ""legalBasis.baseProcedureLine"" is generic/common boilerplate safe for prefill.",,TEXTAREA
BM-040,"legalBasis.juvenileLegalBasisLine","Căn cứ Luật xử lý vi phạm hành chính",false,MANUAL,SAFE_GENERIC_PREFILL,GENERIC_TEXT,"Path ""legalBasis.juvenileLegalBasisLine"" is generic/common boilerplate safe for prefill.",,TEXTAREA
BM-040,"caseDecision.legalBasisLine","Căn cứ quyết định vụ án",true,OFFICIAL,NEVER_AUTO,NONE,"Label ""Căn cứ quyết định vụ án"" matches NEVER_AUTO pattern.",,TEXTAREA
BM-040,"accusedDecision.legalBasisLine","Căn cứ quyết định đối với bị can",true,OFFICIAL,NEVER_AUTO,NONE,"Label ""Căn cứ quyết định đối với bị can"" matches NEVER_AUTO pattern.",,TEXTAREA
BM-040,"legalBasis.requestApprovalLine","Căn cứ đề nghị phê chuẩn",true,MANUAL,SAFE_GENERIC_PREFILL,GENERIC_TEXT,"Path ""legalBasis.requestApprovalLine"" is generic/common boilerplate safe for prefill.",,TEXTAREA
BM-040,"measure.reasonLine","Lý do áp dụng biện pháp",true,MANUAL,NEVER_AUTO,NONE,"Path ""measure.reasonLine"" starts with NEVER_AUTO path prefix.",,TEXTAREA
BM-040,"measure.article1Line","Điều 1 - Nội dung quyết định",true,MANUAL,NEVER_AUTO,NONE,"Path ""measure.article1Line"" starts with NEVER_AUTO path prefix.",,TEXTAREA
BM-040,"measure.detentionDurationLine","Thời hạn tạm giam",true,MANUAL,NEVER_AUTO,NONE,"Path ""measure.detentionDurationLine"" starts with NEVER_AUTO path prefix.",,TEXT
BM-040,"measure.article2Line","Điều 2 - Giao hồ sơ",true,MANUAL,NEVER_AUTO,NONE,"Path ""measure.article2Line"" starts with NEVER_AUTO path prefix.",,TEXTAREA
BM-040,"recipients.detentionExecutionUnitLine","Nơi nhận - Đơn vị thi hành",true,MANUAL,SAFE_GENERIC_PREFILL,GENERIC_TEXT,"Path ""recipients.detentionExecutionUnitLine"" is generic/common boilerplate safe for prefill.",,TEXT
BM-040,"recipients.personLine","Nơi nhận - Bị can",true,MANUAL,SAFE_GENERIC_PREFILL,GENERIC_TEXT,"Path ""recipients.personLine"" is generic/common boilerplate safe for prefill.",,TEXT
BM-040,"recipients.archiveLine","Lưu hồ sơ",true,MANUAL,SAFE_GENERIC_PREFILL,GENERIC_TEXT,"Path ""recipients.archiveLine"" is generic/common boilerplate safe for prefill.",,TEXT
BM-040,"signature.signMode","Chế độ ký",true,OFFICIAL,NEVER_AUTO,NONE,"Label ""Chế độ ký"" matches NEVER_AUTO pattern.",,TEXT
BM-040,"signature.positionTitle","Chức vụ người ký",true,OFFICIAL,NEVER_AUTO,NONE,"Label ""Chức vụ người ký"" matches NEVER_AUTO pattern.",,TEXT
BM-040,"signature.signerName","Người ký",true,OFFICIAL,NEVER_AUTO,NONE,"Label ""Người ký"" matches NEVER_AUTO pattern.",,TEXT
BM-041,"agency.parentNameUpper","Tên cơ quan",false,COMPUTED,NEVER_AUTO,NONE,"Label ""Tên cơ quan"" matches NEVER_AUTO pattern.",,TEXT
BM-041,"agency.issuePlace","Địa điểm ban hành",false,COMPUTED,NEVER_AUTO,NONE,"Label ""Địa điểm ban hành"" matches NEVER_AUTO pattern.",,TEXT
BM-041,"document.documentCode","Số văn bản",false,MANUAL,NEVER_AUTO,NONE,"Label ""Số văn bản"" matches NEVER_AUTO pattern.",,TEXT
BM-042,"agency.parentName","Cơ quan cấp trên",true,AGENCY,NEVER_AUTO,NONE,"Label ""Cơ quan cấp trên"" matches NEVER_AUTO pattern.",,TEXT
BM-042,"agency.name","Viện kiểm sát ban hành",true,AGENCY,NEVER_AUTO,NONE,"Label ""Viện kiểm sát ban hành"" matches NEVER_AUTO pattern.",,TEXT
BM-042,"document.documentCodeLine","Số quyết định",true,MANUAL,NEVER_AUTO,NONE,"Label ""Số quyết định"" matches NEVER_AUTO pattern.",,TEXT
BM-042,"document.issuePlaceAndDateLine","Địa danh, ngày ban hành",true,SYSTEM,SAFE_RUNTIME_DEFAULT,DOCUMENT_PLACE_DATE,"SYSTEM/CURRENT_DATE field. Label ""Địa danh, ngày ban hành"" matches safe document place/date pattern.","TP. Hồ Chí Minh, ngày 01 tháng 01 năm 2026",TEXT
BM-042,"measure.extensionRoundText","Lần gia hạn",true,MANUAL,NEVER_AUTO,NONE,"Path ""measure.extensionRoundText"" starts with NEVER_AUTO path prefix.",,TEXT
BM-042,"official.issuerTitle","Chủ thể ban hành",true,MANUAL,NEVER_AUTO,NONE,"Label ""Chủ thể ban hành"" matches NEVER_AUTO pattern.",,TEXT
BM-042,"legalBasis.baseProcedureLine","Căn cứ Bộ luật Tố tụng hình sự",true,MANUAL,SAFE_GENERIC_PREFILL,GENERIC_TEXT,"Path ""legalBasis.baseProcedureLine"" is generic/common boilerplate safe for prefill.",,TEXTAREA
BM-042,"legalBasis.juvenileLegalBasisLine","Căn cứ Luật xử lý vi phạm hành chính",false,MANUAL,SAFE_GENERIC_PREFILL,GENERIC_TEXT,"Path ""legalBasis.juvenileLegalBasisLine"" is generic/common boilerplate safe for prefill.",,TEXTAREA
BM-042,"measure.detentionOrderLegalBasisLine","Căn cứ Lệnh tạm giam",true,MANUAL,NEVER_AUTO,NONE,"Path ""measure.detentionOrderLegalBasisLine"" starts with NEVER_AUTO path prefix.",,TEXTAREA
BM-042,"measure.previousExtensionDecisionLegalBasisLine","Căn cứ Quyết định gia hạn trước",true,MANUAL,NEVER_AUTO,NONE,"Path ""measure.previousExtensionDecisionLegalBasisLine"" starts with NEVER_AUTO path prefix.",,TEXTAREA
BM-042,"legalBasis.requestExtensionLine","Căn cứ đề nghị gia hạn",true,MANUAL,SAFE_GENERIC_PREFILL,GENERIC_TEXT,"Path ""legalBasis.requestExtensionLine"" is generic/common boilerplate safe for prefill.",,TEXTAREA
BM-042,"measure.reasonLine","Lý do gia hạn",true,MANUAL,NEVER_AUTO,NONE,"Path ""measure.reasonLine"" starts with NEVER_AUTO path prefix.",,TEXTAREA
BM-042,"measure.article1Line","Điều 1 - Nội dung quyết định",true,MANUAL,NEVER_AUTO,NONE,"Path ""measure.article1Line"" starts with NEVER_AUTO path prefix.",,TEXTAREA
BM-042,"measure.article2Line","Điều 2 - Thời hạn",true,MANUAL,NEVER_AUTO,NONE,"Path ""measure.article2Line"" starts with NEVER_AUTO path prefix.",,TEXTAREA
BM-042,"measure.article3Line","Điều 3 - Yêu cầu",true,MANUAL,NEVER_AUTO,NONE,"Path ""measure.article3Line"" starts with NEVER_AUTO path prefix.",,TEXTAREA
BM-042,"recipients.superiorProcuracyLine","Nơi nhận - Viện kiểm sát cấp trên",true,MANUAL,SAFE_GENERIC_PREFILL,GENERIC_TEXT,"Path ""recipients.superiorProcuracyLine"" is generic/common boilerplate safe for prefill.",,TEXT
BM-042,"recipients.investigationUnitLine","Nơi nhận - Cơ quan điều tra",true,MANUAL,SAFE_GENERIC_PREFILL,GENERIC_TEXT,"Path ""recipients.investigationUnitLine"" is generic/common boilerplate safe for prefill.",,TEXT
BM-042,"recipients.personLine","Nơi nhận - Bị can",true,MANUAL,SAFE_GENERIC_PREFILL,GENERIC_TEXT,"Path ""recipients.personLine"" is generic/common boilerplate safe for prefill.",,TEXT
BM-042,"recipients.detentionFacilityLine","Nơi nhận - Cơ sở giam giữ",true,MANUAL,SAFE_GENERIC_PREFILL,GENERIC_TEXT,"Path ""recipients.detentionFacilityLine"" is generic/common boilerplate safe for prefill.",,TEXT
BM-042,"recipients.archiveLine","Lưu hồ sơ",true,MANUAL,SAFE_GENERIC_PREFILL,GENERIC_TEXT,"Path ""recipients.archiveLine"" is generic/common boilerplate safe for prefill.",,TEXT
BM-042,"signature.signMode","Chế độ ký",true,OFFICIAL,NEVER_AUTO,NONE,"Label ""Chế độ ký"" matches NEVER_AUTO pattern.",,TEXT
BM-042,"signature.positionTitle","Chức vụ người ký",true,OFFICIAL,NEVER_AUTO,NONE,"Label ""Chức vụ người ký"" matches NEVER_AUTO pattern.",,TEXT
BM-042,"signature.signerName","Người ký",true,OFFICIAL,NEVER_AUTO,NONE,"Label ""Người ký"" matches NEVER_AUTO pattern.",,TEXT
BM-043,"agency.parentName","Cơ quan cấp trên",true,AGENCY,NEVER_AUTO,NONE,"Label ""Cơ quan cấp trên"" matches NEVER_AUTO pattern.",,TEXT
BM-043,"agency.name","Viện kiểm sát ban hành",true,AGENCY,NEVER_AUTO,NONE,"Label ""Viện kiểm sát ban hành"" matches NEVER_AUTO pattern.",,TEXT
BM-043,"document.documentCodeLine","Số quyết định",true,MANUAL,NEVER_AUTO,NONE,"Label ""Số quyết định"" matches NEVER_AUTO pattern.",,TEXT
BM-043,"document.issuePlaceAndDateLine","Địa danh, ngày ban hành",true,SYSTEM,SAFE_RUNTIME_DEFAULT,DOCUMENT_PLACE_DATE,"SYSTEM/CURRENT_DATE field. Label ""Địa danh, ngày ban hành"" matches safe document place/date pattern.","TP. Hồ Chí Minh, ngày 01 tháng 01 năm 2026",TEXT
BM-043,"official.issuerTitle","Chủ thể ban hành",true,MANUAL,NEVER_AUTO,NONE,"Label ""Chủ thể ban hành"" matches NEVER_AUTO pattern.",,TEXT
BM-043,"legalBasis.baseProcedureLine","Căn cứ Bộ luật Tố tụng hình sự",true,MANUAL,SAFE_GENERIC_PREFILL,GENERIC_TEXT,"Path ""legalBasis.baseProcedureLine"" is generic/common boilerplate safe for prefill.",,TEXTAREA
BM-043,"legalBasis.juvenileLegalBasisLine","Căn cứ Luật xử lý vi phạm hành chính",false,MANUAL,SAFE_GENERIC_PREFILL,GENERIC_TEXT,"Path ""legalBasis.juvenileLegalBasisLine"" is generic/common boilerplate safe for prefill.",,TEXTAREA
BM-043,"measure.detentionOrderLegalBasisLine","Căn cứ Lệnh tạm giam",true,MANUAL,NEVER_AUTO,NONE,"Path ""measure.detentionOrderLegalBasisLine"" starts with NEVER_AUTO path prefix.",,TEXTAREA
BM-043,"measure.previousExtensionDecisionLegalBasisLine","Căn cứ Quyết định gia hạn trước",true,MANUAL,NEVER_AUTO,NONE,"Path ""measure.previousExtensionDecisionLegalBasisLine"" starts with NEVER_AUTO path prefix.",,TEXTAREA
BM-043,"measure.cancelReasonLine","Lý do hủy bỏ gia hạn",true,MANUAL,NEVER_AUTO,NONE,"Path ""measure.cancelReasonLine"" starts with NEVER_AUTO path prefix.",,TEXTAREA
BM-043,"measure.article1Line","Điều 1 - Nội dung quyết định",true,MANUAL,NEVER_AUTO,NONE,"Path ""measure.article1Line"" starts with NEVER_AUTO path prefix.",,TEXTAREA
BM-043,"measure.article2Line","Điều 2 - Gia hạn lại",true,MANUAL,NEVER_AUTO,NONE,"Path ""measure.article2Line"" starts with NEVER_AUTO path prefix.",,TEXTAREA
BM-043,"measure.article3Line","Điều 3 - Yêu cầu",true,MANUAL,NEVER_AUTO,NONE,"Path ""measure.article3Line"" starts with NEVER_AUTO path prefix.",,TEXTAREA
BM-043,"recipients.detentionExecutionUnitLine","Nơi nhận - Đơn vị thi hành",true,MANUAL,SAFE_GENERIC_PREFILL,GENERIC_TEXT,"Path ""recipients.detentionExecutionUnitLine"" is generic/common boilerplate safe for prefill.",,TEXT
BM-043,"recipients.personLine","Nơi nhận - Bị can",true,MANUAL,SAFE_GENERIC_PREFILL,GENERIC_TEXT,"Path ""recipients.personLine"" is generic/common boilerplate safe for prefill.",,TEXT
BM-043,"recipients.archiveLine","Lưu hồ sơ",true,MANUAL,SAFE_GENERIC_PREFILL,GENERIC_TEXT,"Path ""recipients.archiveLine"" is generic/common boilerplate safe for prefill.",,TEXT
BM-043,"signature.signMode","Chế độ ký",true,OFFICIAL,NEVER_AUTO,NONE,"Label ""Chế độ ký"" matches NEVER_AUTO pattern.",,TEXT
BM-043,"signature.positionTitle","Chức vụ người ký",true,OFFICIAL,NEVER_AUTO,NONE,"Label ""Chức vụ người ký"" matches NEVER_AUTO pattern.",,TEXT
BM-043,"signature.signerName","Người ký",true,OFFICIAL,NEVER_AUTO,NONE,"Label ""Người ký"" matches NEVER_AUTO pattern.",,TEXT
BM-044,"agency.parentNameUpper","Cơ quan cấp trên (viết hoa)",true,COMPUTED,NEVER_AUTO,NONE,"Label ""Cơ quan cấp trên (viết hoa)"" matches NEVER_AUTO pattern.",,TEXT
BM-044,"agency.nameUpper","Viện kiểm sát (viết hoa)",true,AGENCY,NEVER_AUTO,NONE,"Label ""Viện kiểm sát (viết hoa)"" matches NEVER_AUTO pattern.",,TEXT
BM-044,"document.documentCode","Số quyết định",true,MANUAL,NEVER_AUTO,NONE,"Label ""Số quyết định"" matches NEVER_AUTO pattern.",,TEXT
BM-044,"document.issuePlaceAndDateLine","Địa danh, ngày ban hành",true,SYSTEM,SAFE_RUNTIME_DEFAULT,DOCUMENT_PLACE_DATE,"SYSTEM/CURRENT_DATE field. Label ""Địa danh, ngày ban hành"" matches safe document place/date pattern.","TP. Hồ Chí Minh, ngày 01 tháng 01 năm 2026",TEXT
BM-044,"official.issuingAuthorityLine","Cơ quan ban hành",true,MANUAL,NEVER_AUTO,NONE,"Label ""Cơ quan ban hành"" matches NEVER_AUTO pattern.",,TEXT
BM-044,"legalBasis.procedureArticlesLine","Căn cứ Bộ luật Tố tụng hình sự",true,OFFICIAL,NEVER_AUTO,NONE,"Label ""Căn cứ Bộ luật Tố tụng hình sự"" matches NEVER_AUTO pattern.",,TEXTAREA
BM-044,"legalBasis.juvenileJusticeLine","Căn cứ Luật xử lý vi phạm hành chính",false,MANUAL,SAFE_GENERIC_PREFILL,GENERIC_TEXT,"Path ""legalBasis.juvenileJusticeLine"" is generic/common boilerplate safe for prefill.",,TEXTAREA
BM-044,"detentionReplacement.detentionOrderLegalBasisLine","Căn cứ Lệnh tạm giam",true,MANUAL,SAFE_GENERIC_PREFILL,GENERIC_TEXT,"Path ""detentionReplacement.detentionOrderLegalBasisLine"" is generic/common boilerplate safe for prefill.",,TEXTAREA
BM-044,"detentionReplacement.detentionExtensionLegalBasisLine","Căn cứ Quyết định gia hạn tạm giam",true,MANUAL,SAFE_GENERIC_PREFILL,GENERIC_TEXT,"Path ""detentionReplacement.detentionExtensionLegalBasisLine"" is generic/common boilerplate safe for prefill.",,TEXTAREA
BM-044,"detentionReplacement.proposalLine","Đề nghị thay thế",true,MANUAL,NEVER_AUTO,NONE,"Label ""Đề nghị thay thế"" matches NEVER_AUTO pattern.",,TEXTAREA
BM-044,"detentionReplacement.reasonLine","Lý do thay thế",true,MANUAL,NEVER_AUTO,NONE,"Label ""Lý do thay thế"" matches NEVER_AUTO pattern.",,TEXTAREA
BM-044,"detentionReplacement.article1Line","Điều 1 - Nội dung quyết định",true,MANUAL,NEVER_AUTO,NONE,"Label ""Điều 1 - Nội dung quyết định"" matches NEVER_AUTO pattern.",,TEXTAREA
BM-044,"detentionReplacement.durationLine","Thời hạn áp dụng",true,MANUAL,NEVER_AUTO,NONE,"Label ""Thời hạn áp dụng"" matches NEVER_AUTO pattern.",,TEXT
BM-044,"detentionReplacement.article2Line","Điều 2 - Yêu cầu",true,MANUAL,NEVER_AUTO,NONE,"Label ""Điều 2 - Yêu cầu"" matches NEVER_AUTO pattern.",,TEXTAREA
BM-044,"recipients.personLine","Nơi nhận - Bị can",true,MANUAL,SAFE_GENERIC_PREFILL,GENERIC_TEXT,"Path ""recipients.personLine"" is generic/common boilerplate safe for prefill.",,TEXT
BM-044,"recipients.proposalAgencyLine","Nơi nhận - Cơ quan đề nghị",true,MANUAL,SAFE_GENERIC_PREFILL,GENERIC_TEXT,"Path ""recipients.proposalAgencyLine"" is generic/common boilerplate safe for prefill.",,TEXT
BM-044,"recipients.executionAgencyLine","Nơi nhận - Cơ quan thi hành",true,MANUAL,SAFE_GENERIC_PREFILL,GENERIC_TEXT,"Path ""recipients.executionAgencyLine"" is generic/common boilerplate safe for prefill.",,TEXT
BM-044,"recipients.archiveLine","Lưu hồ sơ",true,MANUAL,SAFE_GENERIC_PREFILL,GENERIC_TEXT,"Path ""recipients.archiveLine"" is generic/common boilerplate safe for prefill.",,TEXT
BM-044,"signature.signMode","Chế độ ký",true,OFFICIAL,NEVER_AUTO,NONE,"Label ""Chế độ ký"" matches NEVER_AUTO pattern.",,TEXT
BM-044,"signature.positionTitle","Chức vụ người ký",true,OFFICIAL,NEVER_AUTO,NONE,"Label ""Chức vụ người ký"" matches NEVER_AUTO pattern.",,TEXT
BM-044,"signature.signerName","Người ký",true,OFFICIAL,NEVER_AUTO,NONE,"Label ""Người ký"" matches NEVER_AUTO pattern.",,TEXT
BM-045,"agency.parentNameUpper","Cơ quan cấp trên (viết hoa)",true,COMPUTED,NEVER_AUTO,NONE,"Label ""Cơ quan cấp trên (viết hoa)"" matches NEVER_AUTO pattern.",,TEXT
BM-045,"agency.nameUpper","Viện kiểm sát (viết hoa)",true,AGENCY,NEVER_AUTO,NONE,"Label ""Viện kiểm sát (viết hoa)"" matches NEVER_AUTO pattern.",,TEXT
BM-045,"document.documentCode","Số quyết định",true,MANUAL,NEVER_AUTO,NONE,"Label ""Số quyết định"" matches NEVER_AUTO pattern.",,TEXT
BM-045,"document.issuePlaceAndDateLine","Địa danh, ngày ban hành",true,SYSTEM,SAFE_RUNTIME_DEFAULT,DOCUMENT_PLACE_DATE,"SYSTEM/CURRENT_DATE field. Label ""Địa danh, ngày ban hành"" matches safe document place/date pattern.","TP. Hồ Chí Minh, ngày 01 tháng 01 năm 2026",TEXT
BM-045,"official.issuingAuthorityLine","Cơ quan ban hành",true,MANUAL,NEVER_AUTO,NONE,"Label ""Cơ quan ban hành"" matches NEVER_AUTO pattern.",,TEXT
BM-045,"legalBasis.procedureArticlesLine","Căn cứ Bộ luật Tố tụng hình sự",true,OFFICIAL,NEVER_AUTO,NONE,"Label ""Căn cứ Bộ luật Tố tụng hình sự"" matches NEVER_AUTO pattern.",,TEXTAREA
BM-045,"legalBasis.juvenileJusticeLine","Căn cứ Luật xử lý vi phạm hành chính",false,MANUAL,SAFE_GENERIC_PREFILL,GENERIC_TEXT,"Path ""legalBasis.juvenileJusticeLine"" is generic/common boilerplate safe for prefill.",,TEXTAREA
BM-045,"bailApproval.caseDecisionLegalBasisLine","Căn cứ quyết định vụ án",true,MANUAL,SAFE_GENERIC_PREFILL,GENERIC_TEXT,"Path ""bailApproval.caseDecisionLegalBasisLine"" is generic/common boilerplate safe for prefill.",,TEXTAREA
BM-045,"bailApproval.accusedDecisionLegalBasisLine","Căn cứ quyết định khởi tố bị can",true,MANUAL,SAFE_GENERIC_PREFILL,GENERIC_TEXT,"Path ""bailApproval.accusedDecisionLegalBasisLine"" is generic/common boilerplate safe for prefill.",,TEXTAREA
BM-045,"bailApproval.proposalLine","Đề nghị cho tại ngoại",true,MANUAL,NEVER_AUTO,NONE,"Label ""Đề nghị cho tại ngoại"" matches NEVER_AUTO pattern.",,TEXTAREA
BM-045,"bailApproval.reasonLine","Lý do cho tại ngoại",true,MANUAL,NEVER_AUTO,NONE,"Label ""Lý do cho tại ngoại"" matches NEVER_AUTO pattern.",,TEXTAREA
BM-045,"bailApproval.article1Line","Điều 1 - Nội dung quyết định",true,MANUAL,NEVER_AUTO,NONE,"Label ""Điều 1 - Nội dung quyết định"" matches NEVER_AUTO pattern.",,TEXTAREA
BM-045,"bailApproval.article2Line","Điều 2 - Điều kiện",true,MANUAL,NEVER_AUTO,NONE,"Label ""Điều 2 - Điều kiện"" matches NEVER_AUTO pattern.",,TEXTAREA
BM-045,"recipients.executionAgencyLine","Nơi nhận - Cơ quan thi hành",true,MANUAL,SAFE_GENERIC_PREFILL,GENERIC_TEXT,"Path ""recipients.executionAgencyLine"" is generic/common boilerplate safe for prefill.",,TEXT
BM-045,"recipients.personRepresentativeLine","Nơi nhận - Bị can/đại diện",true,MANUAL,SAFE_GENERIC_PREFILL,GENERIC_TEXT,"Path ""recipients.personRepresentativeLine"" is generic/common boilerplate safe for prefill.",,TEXT
BM-045,"recipients.bailReceiverLine","Nơi nhận - Người bảo lãnh",true,MANUAL,SAFE_GENERIC_PREFILL,GENERIC_TEXT,"Path ""recipients.bailReceiverLine"" is generic/common boilerplate safe for prefill.",,TEXT
BM-045,"recipients.archiveLine","Lưu hồ sơ",true,MANUAL,SAFE_GENERIC_PREFILL,GENERIC_TEXT,"Path ""recipients.archiveLine"" is generic/common boilerplate safe for prefill.",,TEXT
BM-045,"signature.signMode","Chế độ ký",true,OFFICIAL,NEVER_AUTO,NONE,"Label ""Chế độ ký"" matches NEVER_AUTO pattern.",,TEXT
BM-045,"signature.positionTitle","Chức vụ người ký",true,OFFICIAL,NEVER_AUTO,NONE,"Label ""Chức vụ người ký"" matches NEVER_AUTO pattern.",,TEXT
BM-045,"signature.signerName","Người ký",true,OFFICIAL,NEVER_AUTO,NONE,"Label ""Người ký"" matches NEVER_AUTO pattern.",,TEXT
BM-046,"agency.parentName","Cơ quan cấp trên",true,AGENCY,NEVER_AUTO,NONE,"Label ""Cơ quan cấp trên"" matches NEVER_AUTO pattern.",,TEXT
BM-046,"agency.name","Viện kiểm sát ban hành",true,AGENCY,NEVER_AUTO,NONE,"Label ""Viện kiểm sát ban hành"" matches NEVER_AUTO pattern.",,TEXT
BM-046,"document.documentCode","Số quyết định",true,MANUAL,NEVER_AUTO,NONE,"Label ""Số quyết định"" matches NEVER_AUTO pattern.",,TEXT
BM-046,"document.issuePlaceAndDateLine","Địa danh, ngày ban hành",true,SYSTEM,SAFE_RUNTIME_DEFAULT,DOCUMENT_PLACE_DATE,"SYSTEM/CURRENT_DATE field. Label ""Địa danh, ngày ban hành"" matches safe document place/date pattern.","TP. Hồ Chí Minh, ngày 01 tháng 01 năm 2026",TEXT
BM-046,"official.issuerTitle","Chủ thể ban hành",true,MANUAL,NEVER_AUTO,NONE,"Label ""Chủ thể ban hành"" matches NEVER_AUTO pattern.",,TEXT
BM-046,"legalBasis.procedureArticlesLine","Căn cứ Bộ luật Tố tụng hình sự",true,OFFICIAL,NEVER_AUTO,NONE,"Label ""Căn cứ Bộ luật Tố tụng hình sự"" matches NEVER_AUTO pattern.",,TEXTAREA
BM-046,"legalBasis.juvenileJusticeLine","Căn cứ Luật xử lý vi phạm hành chính",false,MANUAL,SAFE_GENERIC_PREFILL,GENERIC_TEXT,"Path ""legalBasis.juvenileJusticeLine"" is generic/common boilerplate safe for prefill.",,TEXTAREA
BM-046,"guaranteeNonApproval.caseInitiationLine","Căn cứ khởi tố vụ án",true,MANUAL,SAFE_GENERIC_PREFILL,GENERIC_TEXT,"Path ""guaranteeNonApproval.caseInitiationLine"" is generic/common boilerplate safe for prefill.",,TEXTAREA
BM-046,"guaranteeNonApproval.defendantInitiationLine","Căn cứ khởi tố bị can",true,MANUAL,SAFE_GENERIC_PREFILL,GENERIC_TEXT,"Path ""guaranteeNonApproval.defendantInitiationLine"" is generic/common boilerplate safe for prefill.",,TEXTAREA
BM-046,"guaranteeNonApproval.proposalReviewLine","Đề nghị và xem xét",true,MANUAL,NEVER_AUTO,NONE,"Label ""Đề nghị và xem xét"" matches NEVER_AUTO pattern.",,TEXTAREA
BM-046,"guaranteeNonApproval.insufficientGroundsLine","Căn cứ không đủ điều kiện",true,MANUAL,SAFE_GENERIC_PREFILL,GENERIC_TEXT,"Path ""guaranteeNonApproval.insufficientGroundsLine"" is generic/common boilerplate safe for prefill.",,TEXTAREA
BM-046,"guaranteeNonApproval.article1Line","Điều 1 - Nội dung quyết định",true,MANUAL,NEVER_AUTO,NONE,"Label ""Điều 1 - Nội dung quyết định"" matches NEVER_AUTO pattern.",,TEXTAREA
BM-046,"guaranteeNonApproval.article2Line","Điều 2 - Yêu cầu",true,MANUAL,NEVER_AUTO,NONE,"Label ""Điều 2 - Yêu cầu"" matches NEVER_AUTO pattern.",,TEXTAREA
BM-046,"recipients.investigationAuthorityLine","Nơi nhận - Cơ quan điều tra",true,MANUAL,SAFE_GENERIC_PREFILL,GENERIC_TEXT,"Path ""recipients.investigationAuthorityLine"" is generic/common boilerplate safe for prefill.",,TEXT
BM-046,"recipients.defendantRepresentativeLine","Nơi nhận - Bị can/đại diện",true,MANUAL,SAFE_GENERIC_PREFILL,GENERIC_TEXT,"Path ""recipients.defendantRepresentativeLine"" is generic/common boilerplate safe for prefill.",,TEXT
BM-046,"recipients.guarantorLine","Nơi nhận - Người bảo lãnh",true,MANUAL,SAFE_GENERIC_PREFILL,GENERIC_TEXT,"Path ""recipients.guarantorLine"" is generic/common boilerplate safe for prefill.",,TEXT
BM-046,"recipients.archiveLine","Lưu hồ sơ",true,MANUAL,SAFE_GENERIC_PREFILL,GENERIC_TEXT,"Path ""recipients.archiveLine"" is generic/common boilerplate safe for prefill.",,TEXT
BM-046,"signature.signMode","Chế độ ký",true,OFFICIAL,NEVER_AUTO,NONE,"Label ""Chế độ ký"" matches NEVER_AUTO pattern.",,TEXT
BM-046,"signature.positionTitle","Chức vụ người ký",true,OFFICIAL,NEVER_AUTO,NONE,"Label ""Chức vụ người ký"" matches NEVER_AUTO pattern.",,TEXT
BM-046,"signature.signerName","Người ký",true,OFFICIAL,NEVER_AUTO,NONE,"Label ""Người ký"" matches NEVER_AUTO pattern.",,TEXT
BM-047,"agency.parentName","Cơ quan cấp trên",true,AGENCY,NEVER_AUTO,NONE,"Label ""Cơ quan cấp trên"" matches NEVER_AUTO pattern.",,TEXT
BM-047,"agency.name","Viện kiểm sát ban hành",true,AGENCY,NEVER_AUTO,NONE,"Label ""Viện kiểm sát ban hành"" matches NEVER_AUTO pattern.",,TEXT
BM-047,"document.documentCode","Số quyết định",true,MANUAL,NEVER_AUTO,NONE,"Label ""Số quyết định"" matches NEVER_AUTO pattern.",,TEXT
BM-047,"document.issuePlaceAndDateLine","Địa danh, ngày ban hành",true,SYSTEM,SAFE_RUNTIME_DEFAULT,DOCUMENT_PLACE_DATE,"SYSTEM/CURRENT_DATE field. Label ""Địa danh, ngày ban hành"" matches safe document place/date pattern.","TP. Hồ Chí Minh, ngày 01 tháng 01 năm 2026",TEXT
BM-047,"official.issuerTitle","Chủ thể ban hành",true,MANUAL,NEVER_AUTO,NONE,"Label ""Chủ thể ban hành"" matches NEVER_AUTO pattern.",,TEXT
BM-047,"legalBasis.procedureArticlesLine","Căn cứ Bộ luật Tố tụng hình sự",true,OFFICIAL,NEVER_AUTO,NONE,"Label ""Căn cứ Bộ luật Tố tụng hình sự"" matches NEVER_AUTO pattern.",,TEXTAREA
BM-047,"legalBasis.juvenileJusticeLine","Căn cứ pháp luật về vi phạm hành chính",true,MANUAL,SAFE_GENERIC_PREFILL,GENERIC_TEXT,"Path ""legalBasis.juvenileJusticeLine"" is generic/common boilerplate safe for prefill.",,TEXTAREA
BM-047,"guaranteeApproval.caseInitiationLine","Nội dung Điều 1 - Vụ việc khởi tố",true,MANUAL,NEVER_AUTO,NONE,"Label ""Nội dung Điều 1 - Vụ việc khởi tố"" matches NEVER_AUTO pattern.",,TEXTAREA
BM-047,"guaranteeApproval.defendantInitiationLine","Nội dung Điều 1 - Bị can/bị cáo",true,MANUAL,NEVER_AUTO,NONE,"Label ""Nội dung Điều 1 - Bị can/bị cáo"" matches NEVER_AUTO pattern.",,TEXTAREA
BM-047,"guaranteeApproval.sufficientGroundsLine","Điều kiện bảo lĩnh đủ căn cứ",true,MANUAL,SAFE_GENERIC_PREFILL,GENERIC_TEXT,"Path ""guaranteeApproval.sufficientGroundsLine"" is generic/common boilerplate safe for prefill.",,TEXTAREA
BM-047,"guaranteeApproval.assignmentLine","Điều 1 - Nhiệm vụ của bị can",true,MANUAL,NEVER_AUTO,NONE,"Label ""Điều 1 - Nhiệm vụ của bị can"" matches NEVER_AUTO pattern.",,TEXTAREA
BM-047,"defendant.fullName","Họ tên bị can",true,MANUAL,NEVER_AUTO,NONE,"Path ""defendant.fullName"" starts with NEVER_AUTO path prefix.",,TEXT
BM-047,"defendant.gender","Giới tính",true,MANUAL,NEVER_AUTO,NONE,"Path ""defendant.gender"" starts with NEVER_AUTO path prefix.",,TEXT
BM-047,"defendant.aliasName","Tên gọi khác",false,MANUAL,NEVER_AUTO,NONE,"Path ""defendant.aliasName"" starts with NEVER_AUTO path prefix.",,TEXT
BM-047,"defendant.birthDateLine","Ngày sinh",true,SYSTEM,NEVER_AUTO,NONE,"Path ""defendant.birthDateLine"" starts with NEVER_AUTO path prefix.",,TEXT
BM-047,"defendant.birthPlace","Nơi sinh",true,MANUAL,NEVER_AUTO,NONE,"Path ""defendant.birthPlace"" starts with NEVER_AUTO path prefix.",,TEXT
BM-047,"defendant.nationality","Quốc tịch",true,MANUAL,NEVER_AUTO,NONE,"Path ""defendant.nationality"" starts with NEVER_AUTO path prefix.",,TEXT
BM-047,"defendant.ethnicity","Dân tộc",true,MANUAL,NEVER_AUTO,NONE,"Path ""defendant.ethnicity"" starts with NEVER_AUTO path prefix.",,TEXT
BM-047,"defendant.religion","Tôn giáo",false,MANUAL,NEVER_AUTO,NONE,"Path ""defendant.religion"" starts with NEVER_AUTO path prefix.",,TEXT
BM-047,"defendant.occupation","Nghề nghiệp",true,MANUAL,NEVER_AUTO,NONE,"Path ""defendant.occupation"" starts with NEVER_AUTO path prefix.",,TEXT
BM-047,"defendant.identityNumber","Số CMND/CCCD",true,MANUAL,NEVER_AUTO,NONE,"Path ""defendant.identityNumber"" starts with NEVER_AUTO path prefix.",,TEXT
BM-047,"defendant.identityIssueDateLine","Ngày cấp CMND/CCCD",true,SYSTEM,NEVER_AUTO,NONE,"Path ""defendant.identityIssueDateLine"" starts with NEVER_AUTO path prefix.",,TEXT
BM-047,"defendant.identityIssuePlace","Nơi cấp CMND/CCCD",true,MANUAL,NEVER_AUTO,NONE,"Path ""defendant.identityIssuePlace"" starts with NEVER_AUTO path prefix.",,TEXT
BM-047,"defendant.permanentResidence","Nơi thường trú",true,MANUAL,NEVER_AUTO,NONE,"Path ""defendant.permanentResidence"" starts with NEVER_AUTO path prefix.",,TEXT
BM-047,"defendant.temporaryResidence","Nơi tạm trú",false,MANUAL,NEVER_AUTO,NONE,"Path ""defendant.temporaryResidence"" starts with NEVER_AUTO path prefix.",,TEXT
BM-047,"defendant.currentResidence","Nơi ở hiện tại",true,MANUAL,NEVER_AUTO,NONE,"Path ""defendant.currentResidence"" starts with NEVER_AUTO path prefix.",,TEXT
BM-047,"guaranteeApproval.guaranteePeriodLine","Thời hạn bảo lĩnh",true,MANUAL,NEVER_AUTO,NONE,"Label ""Thời hạn bảo lĩnh"" matches NEVER_AUTO pattern.",,TEXTAREA
BM-047,"guaranteeApproval.article2Line","Điều 2 - Giao nhiệm vụ giám sát",true,MANUAL,NEVER_AUTO,NONE,"Label ""Điều 2 - Giao nhiệm vụ giám sát"" matches NEVER_AUTO pattern.",,TEXTAREA
BM-047,"recipients.defendantLine","Nơi nhận - Bị can",true,MANUAL,SAFE_GENERIC_PREFILL,GENERIC_TEXT,"Path ""recipients.defendantLine"" is generic/common boilerplate safe for prefill.",,TEXT
BM-047,"recipients.guarantorLine","Nơi nhận - Người bảo lãnh",true,MANUAL,SAFE_GENERIC_PREFILL,GENERIC_TEXT,"Path ""recipients.guarantorLine"" is generic/common boilerplate safe for prefill.",,TEXT
BM-047,"recipients.archiveLine","Lưu hồ sơ",true,MANUAL,SAFE_GENERIC_PREFILL,GENERIC_TEXT,"Path ""recipients.archiveLine"" is generic/common boilerplate safe for prefill.",,TEXT
BM-047,"signature.signMode","Chế độ ký",true,OFFICIAL,NEVER_AUTO,NONE,"Label ""Chế độ ký"" matches NEVER_AUTO pattern.",,TEXT
BM-047,"signature.positionTitle","Chức vụ người ký",true,OFFICIAL,NEVER_AUTO,NONE,"Label ""Chức vụ người ký"" matches NEVER_AUTO pattern.",,TEXT
BM-047,"signature.signerName","Người ký",true,OFFICIAL,NEVER_AUTO,NONE,"Label ""Người ký"" matches NEVER_AUTO pattern.",,TEXT
BM-048,"agency.tenVien","Tên cơ quan",false,AGENCY,NEVER_AUTO,NONE,"Label ""Tên cơ quan"" matches NEVER_AUTO pattern.",,TEXT
BM-048,"agency.coQuan","Cơ quan",false,AGENCY,NEVER_AUTO,NONE,"Label ""Cơ quan"" matches NEVER_AUTO pattern.",,TEXT
BM-048,"recipients.personLine","Người bị áp dụng",false,MANUAL,NEVER_AUTO,NONE,"Label ""Người bị áp dụng"" matches NEVER_AUTO pattern.",,TEXT
BM-048,"agency.diaDanh","Địa danh",false,AGENCY,NEVER_AUTO,NONE,"Label ""Địa danh"" matches NEVER_AUTO pattern.",,TEXT
BM-048,"document.soQuyet","Số quyết định",false,MANUAL,NEVER_AUTO,NONE,"Label ""Số quyết định"" matches NEVER_AUTO pattern.",,TEXT
BM-048,"document.ngayBan","Ngày ban hành",false,MANUAL,SAFE_GENERIC_PREFILL,GENERIC_TEXT,"Path ""document.ngayBan"" is generic/common boilerplate safe for prefill.","01",TEXT
BM-048,"legalBasis.canCu","Căn cứ pháp lý",false,MANUAL,SAFE_GENERIC_PREFILL,GENERIC_TEXT,"Path ""legalBasis.canCu"" is generic/common boilerplate safe for prefill.",,TEXT
BM-048,"document.canCu","Căn cứ",false,MANUAL,SAFE_GENERIC_PREFILL,GENERIC_TEXT,"Path ""document.canCu"" is generic/common boilerplate safe for prefill.",,TEXT
BM-049,"agency.tenVien","Tên cơ quan",false,AGENCY,NEVER_AUTO,NONE,"Label ""Tên cơ quan"" matches NEVER_AUTO pattern.",,TEXT
BM-049,"agency.coQuan","Cơ quan",false,AGENCY,NEVER_AUTO,NONE,"Label ""Cơ quan"" matches NEVER_AUTO pattern.",,TEXT
BM-050,"agency.tenVien","Tên cơ quan",false,AGENCY,NEVER_AUTO,NONE,"Label ""Tên cơ quan"" matches NEVER_AUTO pattern.",,TEXT
BM-050,"agency.coQuan","Cơ quan",false,AGENCY,NEVER_AUTO,NONE,"Label ""Cơ quan"" matches NEVER_AUTO pattern.",,TEXT
BM-050,"agency.diaDanh","Địa danh",false,AGENCY,NEVER_AUTO,NONE,"Label ""Địa danh"" matches NEVER_AUTO pattern.",,TEXT
BM-051,"agency.name","Tên cơ quan",false,AGENCY,NEVER_AUTO,NONE,"Label ""Tên cơ quan"" matches NEVER_AUTO pattern.",,TEXT
BM-051,"document.fullDocumentCode","Số văn bản",false,MANUAL,NEVER_AUTO,NONE,"Label ""Số văn bản"" matches NEVER_AUTO pattern.",,TEXT
BM-051,"decision.decisionLine3","Địa điểm, ngày lập",false,MANUAL,NEVER_AUTO,NONE,"Path ""decision.decisionLine3"" starts with NEVER_AUTO path prefix.",,TEXT
BM-052,"agency.name","Tên cơ quan",false,AGENCY,NEVER_AUTO,NONE,"Label ""Tên cơ quan"" matches NEVER_AUTO pattern.",,TEXT
BM-052,"recipients.personLine","Người bị áp dụng",false,MANUAL,NEVER_AUTO,NONE,"Label ""Người bị áp dụng"" matches NEVER_AUTO pattern.",,TEXT
BM-052,"person.fullName","Họ tên",false,MANUAL,NEVER_AUTO,NONE,"Label ""Họ tên"" matches NEVER_AUTO pattern.",,TEXT
BM-052,"person.idNumber","Số CMND/Thẻ CCCD/Thẻ CC/Hộ chiếu",false,MANUAL,NEVER_AUTO,NONE,"Label ""Số CMND/Thẻ CCCD/Thẻ CC/Hộ chiếu"" matches NEVER_AUTO pattern.",,TEXT
BM-052,"person.temporaryAddress","Nơi tạm trú",false,MANUAL,NEVER_AUTO,NONE,"Label ""Nơi tạm trú"" matches NEVER_AUTO pattern.",,TEXT
BM-052,"signature.signerName","Người ký",true,OFFICIAL,NEVER_AUTO,NONE,"Label ""Người ký"" matches NEVER_AUTO pattern.",,TEXT
BM-052,"person.otherName","Tên gọi khác",false,MANUAL,NEVER_AUTO,NONE,"Label ""Tên gọi khác"" matches NEVER_AUTO pattern.",,TEXT
BM-052,"person.birthInfoLine","Sinh ngày, tháng, năm, nơi sinh",false,MANUAL,NEVER_AUTO,NONE,"Path ""person.birthInfoLine"" starts with NEVER_AUTO path prefix.",,TEXT
BM-052,"person.nationalityEthnicityReligionLine","Quốc tịch, dân tộc, tôn giáo",false,MANUAL,NEVER_AUTO,NONE,"Label ""Quốc tịch, dân tộc, tôn giáo"" matches NEVER_AUTO pattern.",,TEXT
BM-053,"agency.parentName","Cơ quan cấp trên",true,AGENCY,NEVER_AUTO,NONE,"Label ""Cơ quan cấp trên"" matches NEVER_AUTO pattern.",,TEXT
BM-053,"agency.name","Viện kiểm sát ban hành",true,AGENCY,NEVER_AUTO,NONE,"Label ""Viện kiểm sát ban hành"" matches NEVER_AUTO pattern.",,TEXT
BM-053,"document.documentCode","Số quyết định",true,MANUAL,NEVER_AUTO,NONE,"Label ""Số quyết định"" matches NEVER_AUTO pattern.",,TEXT
BM-053,"document.issuePlaceAndDateLine","Địa danh, ngày ban hành",true,SYSTEM,SAFE_RUNTIME_DEFAULT,DOCUMENT_PLACE_DATE,"SYSTEM/CURRENT_DATE field. Label ""Địa danh, ngày ban hành"" matches safe document place/date pattern.","TP. Hồ Chí Minh, ngày 01 tháng 01 năm 2026",TEXT
BM-053,"legalBasis.line1","Căn cứ pháp lý 1",true,MANUAL,SAFE_GENERIC_PREFILL,GENERIC_TEXT,"Path ""legalBasis.line1"" is generic/common boilerplate safe for prefill.",,TEXTAREA
BM-053,"legalBasis.line2","Căn cứ pháp lý 2",true,MANUAL,SAFE_GENERIC_PREFILL,GENERIC_TEXT,"Path ""legalBasis.line2"" is generic/common boilerplate safe for prefill.",,TEXTAREA
BM-053,"legalBasis.line3","Căn cứ pháp lý 3",false,MANUAL,SAFE_GENERIC_PREFILL,GENERIC_TEXT,"Path ""legalBasis.line3"" is generic/common boilerplate safe for prefill.",,TEXTAREA
BM-053,"legalBasis.line4","Căn cứ pháp lý 4",false,MANUAL,SAFE_GENERIC_PREFILL,GENERIC_TEXT,"Path ""legalBasis.line4"" is generic/common boilerplate safe for prefill.",,TEXTAREA
BM-053,"legalBasis.line5","Căn cứ pháp lý 5",false,MANUAL,SAFE_GENERIC_PREFILL,GENERIC_TEXT,"Path ""legalBasis.line5"" is generic/common boilerplate safe for prefill.",,TEXTAREA
BM-053,"person.fullName","Họ và tên",true,MANUAL,NEVER_AUTO,NONE,"Label ""Họ và tên"" matches NEVER_AUTO pattern.",,TEXT
BM-053,"person.genderLabel","Giới tính",true,MANUAL,NEVER_AUTO,NONE,"Label ""Giới tính"" matches NEVER_AUTO pattern.",,SELECT
BM-053,"person.otherName","Tên gọi khác",false,MANUAL,NEVER_AUTO,NONE,"Label ""Tên gọi khác"" matches NEVER_AUTO pattern.",,TEXT
BM-053,"person.dateOfBirthText","Sinh ngày",true,SYSTEM,NEVER_AUTO,NONE,"Path ""person.dateOfBirthText"" starts with NEVER_AUTO path prefix.",,TEXT
BM-053,"person.placeOfBirth","Nơi sinh",true,MANUAL,NEVER_AUTO,NONE,"Label ""Nơi sinh"" matches NEVER_AUTO pattern.",,TEXT
BM-053,"person.nationality","Quốc tịch",true,MANUAL,NEVER_AUTO,NONE,"Label ""Quốc tịch"" matches NEVER_AUTO pattern.",,TEXT
BM-053,"person.ethnicity","Dân tộc",true,MANUAL,NEVER_AUTO,NONE,"Label ""Dân tộc"" matches NEVER_AUTO pattern.",,TEXT
BM-053,"person.religion","Tôn giáo",false,MANUAL,NEVER_AUTO,NONE,"Label ""Tôn giáo"" matches NEVER_AUTO pattern.",,TEXT
BM-053,"person.occupation","Nghề nghiệp",true,MANUAL,NEVER_AUTO,NONE,"Label ""Nghề nghiệp"" matches NEVER_AUTO pattern.",,TEXT
BM-053,"person.identityDocumentLine","Số CMND/CCCD",true,MANUAL,NEVER_AUTO,NONE,"Label ""Số CMND/CCCD"" matches NEVER_AUTO pattern.",,TEXT
BM-053,"person.permanentAddress","Nơi thường trú",true,MANUAL,NEVER_AUTO,NONE,"Label ""Nơi thường trú"" matches NEVER_AUTO pattern.",,TEXTAREA
BM-053,"person.temporaryAddress","Nơi tạm trú",false,MANUAL,NEVER_AUTO,NONE,"Label ""Nơi tạm trú"" matches NEVER_AUTO pattern.",,TEXTAREA
BM-053,"person.currentAddress","Nơi ở hiện tại",true,MANUAL,NEVER_AUTO,NONE,"Label ""Nơi ở hiện tại"" matches NEVER_AUTO pattern.",,TEXTAREA
BM-053,"measure.article2Line","Điều 2 - Nội dung quyết định",true,MANUAL,NEVER_AUTO,NONE,"Path ""measure.article2Line"" starts with NEVER_AUTO path prefix.",,TEXTAREA
BM-053,"monitoring.unitName","Tên đơn vị quản lý",true,MANUAL,NEVER_AUTO,NONE,"Label ""Tên đơn vị quản lý"" matches NEVER_AUTO pattern.",,TEXT
BM-053,"monitoring.article3Line","Điều 3 - Yêu cầu",true,MANUAL,NEVER_AUTO,NONE,"Label ""Điều 3 - Yêu cầu"" matches NEVER_AUTO pattern.",,TEXTAREA
BM-053,"recipients.monitoringUnitLine","Nơi nhận - Đơn vị quản lý",true,MANUAL,SAFE_GENERIC_PREFILL,GENERIC_TEXT,"Path ""recipients.monitoringUnitLine"" is generic/common boilerplate safe for prefill.",,TEXT
BM-053,"recipients.personLine","Nơi nhận - Người bị can",true,MANUAL,SAFE_GENERIC_PREFILL,GENERIC_TEXT,"Path ""recipients.personLine"" is generic/common boilerplate safe for prefill.",,TEXT
BM-053,"recipients.archiveLine","Lưu hồ sơ",true,MANUAL,SAFE_GENERIC_PREFILL,GENERIC_TEXT,"Path ""recipients.archiveLine"" is generic/common boilerplate safe for prefill.",,TEXT
BM-053,"recipients.noteLine","Ghi chú",false,MANUAL,NEVER_AUTO,NONE,"Label ""Ghi chú"" matches NEVER_AUTO pattern.",,TEXT
BM-053,"signature.signMode","Chế độ ký",true,OFFICIAL,NEVER_AUTO,NONE,"Label ""Chế độ ký"" matches NEVER_AUTO pattern.",,TEXT
BM-053,"signature.positionTitle","Chức vụ người ký",true,OFFICIAL,NEVER_AUTO,NONE,"Label ""Chức vụ người ký"" matches NEVER_AUTO pattern.",,TEXT
BM-053,"signature.signerName","Người ký",true,OFFICIAL,NEVER_AUTO,NONE,"Label ""Người ký"" matches NEVER_AUTO pattern.",,TEXT
BM-053,"delivery.deliveredAtText","Thời điểm giao",true,MANUAL,NEVER_AUTO,NONE,"Label ""Thời điểm giao"" matches NEVER_AUTO pattern.",,TEXT
BM-053,"delivery.receiverTitle","Chức vụ người nhận",true,MANUAL,NEVER_AUTO,NONE,"Label ""Chức vụ người nhận"" matches NEVER_AUTO pattern.",,TEXT
BM-054,"agency.parentName","Cơ quan cấp trên",true,AGENCY,NEVER_AUTO,NONE,"Label ""Cơ quan cấp trên"" matches NEVER_AUTO pattern.",,TEXT
BM-054,"agency.name","Viện kiểm sát ban hành",true,MANUAL,SAFE_GENERIC_PREFILL,GENERIC_TEXT,"Path ""agency.name"" is generic/common boilerplate safe for prefill.",,TEXT
BM-054,"document.documentCode","Số quyết định",true,MANUAL,NEVER_AUTO,NONE,"Label ""Số quyết định"" matches NEVER_AUTO pattern.",,TEXT
BM-054,"document.issuePlaceAndDateLine","Địa danh, ngày ban hành",true,SYSTEM,SAFE_RUNTIME_DEFAULT,DOCUMENT_PLACE_DATE,"SYSTEM/CURRENT_DATE field. Label ""Địa danh, ngày ban hành"" matches safe document place/date pattern.","TP. Hồ Chí Minh, ngày 01 tháng 01 năm 2026",TEXT
BM-054,"monitoring.unitName","Tên đơn vị quản lý",true,MANUAL,NEVER_AUTO,NONE,"Label ""Tên đơn vị quản lý"" matches NEVER_AUTO pattern.",,TEXT
BM-054,"agency.nameBody","Cơ quan quản lý tên đầy đủ",true,AGENCY,NEVER_AUTO,NONE,"Label ""Cơ quan quản lý tên đầy đủ"" matches NEVER_AUTO pattern.",,TEXT
BM-054,"person.fullName","Họ và tên",true,MANUAL,NEVER_AUTO,NONE,"Label ""Họ và tên"" matches NEVER_AUTO pattern.",,TEXT
BM-054,"person.genderLabel","Giới tính",true,MANUAL,NEVER_AUTO,NONE,"Label ""Giới tính"" matches NEVER_AUTO pattern.",,SELECT
BM-054,"person.otherName","Tên gọi khác",false,MANUAL,NEVER_AUTO,NONE,"Label ""Tên gọi khác"" matches NEVER_AUTO pattern.",,TEXT
BM-054,"person.dateOfBirthText","Sinh ngày",true,SYSTEM,NEVER_AUTO,NONE,"Path ""person.dateOfBirthText"" starts with NEVER_AUTO path prefix.",,TEXT
BM-054,"person.placeOfBirth","Nơi sinh",true,MANUAL,NEVER_AUTO,NONE,"Label ""Nơi sinh"" matches NEVER_AUTO pattern.",,TEXT
BM-054,"person.nationality","Quốc tịch",true,MANUAL,NEVER_AUTO,NONE,"Label ""Quốc tịch"" matches NEVER_AUTO pattern.",,TEXT
BM-054,"person.ethnicity","Dân tộc",true,MANUAL,NEVER_AUTO,NONE,"Label ""Dân tộc"" matches NEVER_AUTO pattern.",,TEXT
BM-054,"person.religion","Tôn giáo",false,MANUAL,NEVER_AUTO,NONE,"Label ""Tôn giáo"" matches NEVER_AUTO pattern.",,TEXT
BM-054,"person.occupation","Nghề nghiệp",true,MANUAL,NEVER_AUTO,NONE,"Label ""Nghề nghiệp"" matches NEVER_AUTO pattern.",,TEXT
BM-054,"person.identityDocumentLine","Số CMND/CCCD",true,MANUAL,NEVER_AUTO,NONE,"Label ""Số CMND/CCCD"" matches NEVER_AUTO pattern.",,TEXT
BM-054,"person.permanentAddress","Nơi thường trú",true,MANUAL,NEVER_AUTO,NONE,"Label ""Nơi thường trú"" matches NEVER_AUTO pattern.",,TEXTAREA
BM-054,"person.temporaryAddress","Nơi tạm trú",false,MANUAL,NEVER_AUTO,NONE,"Label ""Nơi tạm trú"" matches NEVER_AUTO pattern.",,TEXTAREA
BM-054,"person.currentAddress","Nơi ở hiện tại",true,MANUAL,NEVER_AUTO,NONE,"Label ""Nơi ở hiện tại"" matches NEVER_AUTO pattern.",,TEXTAREA
BM-054,"offense.offenseName","Tên tội phạm",true,MANUAL,NEVER_AUTO,NONE,"Path ""offense.offenseName"" starts with NEVER_AUTO path prefix.",,TEXT
BM-054,"offense.legalArticle","Điều khoản Bộ luật Hình sự",true,MANUAL,NEVER_AUTO,NONE,"Path ""offense.legalArticle"" starts with NEVER_AUTO path prefix.",,TEXT
BM-054,"offense.criminalCodeText","Mã Bộ luật Hình sự",true,MANUAL,NEVER_AUTO,NONE,"Path ""offense.criminalCodeText"" starts with NEVER_AUTO path prefix.",,TEXT
BM-054,"notification.preventiveMeasureOrderLine","Quyết định áp dụng biện pháp ngăn chặn",true,MANUAL,NEVER_AUTO,NONE,"Label ""Quyết định áp dụng biện pháp ngăn chặn"" matches NEVER_AUTO pattern.",,TEXT
BM-054,"monitoring.article3Line","Điều 3 - Nội dung thông báo",true,MANUAL,NEVER_AUTO,NONE,"Label ""Điều 3 - Nội dung thông báo"" matches NEVER_AUTO pattern.",,TEXTAREA
BM-054,"recipients.personLine","Nơi nhận - Người bị can",true,MANUAL,SAFE_GENERIC_PREFILL,GENERIC_TEXT,"Path ""recipients.personLine"" is generic/common boilerplate safe for prefill.",,TEXT
BM-054,"recipients.archiveLine","Lưu hồ sơ",true,MANUAL,SAFE_GENERIC_PREFILL,GENERIC_TEXT,"Path ""recipients.archiveLine"" is generic/common boilerplate safe for prefill.",,TEXT
BM-054,"signature.positionTitle","Chức vụ người ký",true,OFFICIAL,NEVER_AUTO,NONE,"Label ""Chức vụ người ký"" matches NEVER_AUTO pattern.",,TEXT
BM-054,"signature.signerName","Người ký",true,OFFICIAL,NEVER_AUTO,NONE,"Label ""Người ký"" matches NEVER_AUTO pattern.",,TEXT
BM-055,"agency.parentName","Cơ quan cấp trên",true,AGENCY,NEVER_AUTO,NONE,"Label ""Cơ quan cấp trên"" matches NEVER_AUTO pattern.",,TEXT
BM-055,"agency.name","Viện kiểm sát ban hành",true,AGENCY,NEVER_AUTO,NONE,"Label ""Viện kiểm sát ban hành"" matches NEVER_AUTO pattern.",,TEXT
BM-055,"document.documentCode","Số quyết định",true,MANUAL,NEVER_AUTO,NONE,"Label ""Số quyết định"" matches NEVER_AUTO pattern.",,TEXT
BM-055,"document.issuePlaceAndDateLine","Địa danh, ngày ban hành",true,SYSTEM,SAFE_RUNTIME_DEFAULT,DOCUMENT_PLACE_DATE,"SYSTEM/CURRENT_DATE field. Label ""Địa danh, ngày ban hành"" matches safe document place/date pattern.","TP. Hồ Chí Minh, ngày 01 tháng 01 năm 2026",TEXT
BM-055,"official.issuerTitle","Chủ thể ban hành",true,MANUAL,NEVER_AUTO,NONE,"Label ""Chủ thể ban hành"" matches NEVER_AUTO pattern.",,TEXT
BM-055,"measure.preventiveMeasureOrderLegalBasisLine","Căn cứ lệnh/quyết định áp biện pháp ngăn chặn",true,MANUAL,NEVER_AUTO,NONE,"Path ""measure.preventiveMeasureOrderLegalBasisLine"" starts with NEVER_AUTO path prefix.",,TEXTAREA
BM-055,"accusedDecision.legalBasisLine","Căn cứ quyết định đối với bị can",true,OFFICIAL,NEVER_AUTO,NONE,"Label ""Căn cứ quyết định đối với bị can"" matches NEVER_AUTO pattern.",,TEXTAREA
BM-055,"measure.cancelReasonLine","Lý do hủy bỏ biện pháp ngăn chặn",true,MANUAL,NEVER_AUTO,NONE,"Path ""measure.cancelReasonLine"" starts with NEVER_AUTO path prefix.",,TEXTAREA
BM-055,"measure.cancellationArticle1Line","Điều 1 - Nội dung hủy bỏ",true,MANUAL,NEVER_AUTO,NONE,"Path ""measure.cancellationArticle1Line"" starts with NEVER_AUTO path prefix.",,TEXTAREA
BM-055,"person.fullName","Họ và tên",true,MANUAL,NEVER_AUTO,NONE,"Label ""Họ và tên"" matches NEVER_AUTO pattern.",,TEXT
BM-055,"person.genderLabel","Giới tính",true,MANUAL,NEVER_AUTO,NONE,"Label ""Giới tính"" matches NEVER_AUTO pattern.",,SELECT
BM-055,"person.otherName","Tên gọi khác",false,MANUAL,NEVER_AUTO,NONE,"Label ""Tên gọi khác"" matches NEVER_AUTO pattern.",,TEXT
BM-055,"person.dateOfBirthText","Sinh ngày",true,SYSTEM,NEVER_AUTO,NONE,"Path ""person.dateOfBirthText"" starts with NEVER_AUTO path prefix.",,TEXT
BM-055,"person.placeOfBirth","Nơi sinh",true,MANUAL,NEVER_AUTO,NONE,"Label ""Nơi sinh"" matches NEVER_AUTO pattern.",,TEXT
BM-055,"person.nationality","Quốc tịch",true,MANUAL,NEVER_AUTO,NONE,"Label ""Quốc tịch"" matches NEVER_AUTO pattern.",,TEXT
BM-055,"person.ethnicity","Dân tộc",true,MANUAL,NEVER_AUTO,NONE,"Label ""Dân tộc"" matches NEVER_AUTO pattern.",,TEXT
BM-055,"person.religion","Tôn giáo",false,MANUAL,NEVER_AUTO,NONE,"Label ""Tôn giáo"" matches NEVER_AUTO pattern.",,TEXT
BM-055,"person.occupation","Nghề nghiệp",true,MANUAL,NEVER_AUTO,NONE,"Label ""Nghề nghiệp"" matches NEVER_AUTO pattern.",,TEXT
BM-055,"person.identityDocumentLine","Số CMND/CCCD",true,MANUAL,NEVER_AUTO,NONE,"Label ""Số CMND/CCCD"" matches NEVER_AUTO pattern.",,TEXT
BM-055,"person.permanentAddress","Nơi thường trú",true,MANUAL,NEVER_AUTO,NONE,"Label ""Nơi thường trú"" matches NEVER_AUTO pattern.",,TEXTAREA
BM-055,"person.temporaryAddress","Nơi tạm trú",false,MANUAL,NEVER_AUTO,NONE,"Label ""Nơi tạm trú"" matches NEVER_AUTO pattern.",,TEXTAREA
BM-055,"person.currentAddress","Nơi ở hiện tại",true,MANUAL,NEVER_AUTO,NONE,"Label ""Nơi ở hiện tại"" matches NEVER_AUTO pattern.",,TEXTAREA
BM-055,"offense.offenseName","Tên tội phạm",true,MANUAL,NEVER_AUTO,NONE,"Path ""offense.offenseName"" starts with NEVER_AUTO path prefix.",,TEXT
BM-055,"offense.legalArticle","Điều khoản Bộ luật Hình sự",true,MANUAL,NEVER_AUTO,NONE,"Path ""offense.legalArticle"" starts with NEVER_AUTO path prefix.",,TEXT
BM-055,"offense.criminalCodeText","Mã Bộ luật Hình sự",true,MANUAL,NEVER_AUTO,NONE,"Path ""offense.criminalCodeText"" starts with NEVER_AUTO path prefix.",,TEXT
BM-055,"measure.cancellationArticle2Line","Điều 2 - Thông báo",true,MANUAL,NEVER_AUTO,NONE,"Path ""measure.cancellationArticle2Line"" starts with NEVER_AUTO path prefix.",,TEXTAREA
BM-055,"recipients.investigationUnitLine","Nơi nhận - Cơ quan điều tra",true,MANUAL,SAFE_GENERIC_PREFILL,GENERIC_TEXT,"Path ""recipients.investigationUnitLine"" is generic/common boilerplate safe for prefill.",,TEXT
BM-055,"recipients.monitoringUnitLine","Nơi nhận - Đơn vị quản lý",true,MANUAL,SAFE_GENERIC_PREFILL,GENERIC_TEXT,"Path ""recipients.monitoringUnitLine"" is generic/common boilerplate safe for prefill.",,TEXT
BM-055,"recipients.personLine","Nơi nhận - Người bị can",true,MANUAL,SAFE_GENERIC_PREFILL,GENERIC_TEXT,"Path ""recipients.personLine"" is generic/common boilerplate safe for prefill.",,TEXT
BM-055,"recipients.archiveLine","Lưu hồ sơ",true,MANUAL,SAFE_GENERIC_PREFILL,GENERIC_TEXT,"Path ""recipients.archiveLine"" is generic/common boilerplate safe for prefill.",,TEXT
BM-055,"signature.signMode","Chế độ ký",true,OFFICIAL,NEVER_AUTO,NONE,"Label ""Chế độ ký"" matches NEVER_AUTO pattern.",,TEXT
BM-055,"signature.positionTitle","Chức vụ người ký",true,OFFICIAL,NEVER_AUTO,NONE,"Label ""Chức vụ người ký"" matches NEVER_AUTO pattern.",,TEXT
BM-055,"signature.signerName","Người ký",true,OFFICIAL,NEVER_AUTO,NONE,"Label ""Người ký"" matches NEVER_AUTO pattern.",,TEXT
BM-056,"agency.parentName","Cơ quan cấp trên",true,AGENCY,NEVER_AUTO,NONE,"Label ""Cơ quan cấp trên"" matches NEVER_AUTO pattern.",,TEXT
BM-056,"agency.name","Viện kiểm sát ban hành",true,AGENCY,NEVER_AUTO,NONE,"Label ""Viện kiểm sát ban hành"" matches NEVER_AUTO pattern.",,TEXT
BM-056,"document.documentCode","Số quyết định",true,MANUAL,NEVER_AUTO,NONE,"Label ""Số quyết định"" matches NEVER_AUTO pattern.",,TEXT
BM-056,"document.issuePlaceAndDateLine","Địa danh, ngày ban hành",true,SYSTEM,SAFE_RUNTIME_DEFAULT,DOCUMENT_PLACE_DATE,"SYSTEM/CURRENT_DATE field. Label ""Địa danh, ngày ban hành"" matches safe document place/date pattern.","TP. Hồ Chí Minh, ngày 01 tháng 01 năm 2026",TEXT
BM-056,"official.issuerTitle","Chủ thể ban hành",true,MANUAL,NEVER_AUTO,NONE,"Label ""Chủ thể ban hành"" matches NEVER_AUTO pattern.",,TEXT
BM-056,"measure.exitPostponementReasonLine","Lý do tạm hoãn xuất cảnh",true,MANUAL,NEVER_AUTO,NONE,"Path ""measure.exitPostponementReasonLine"" starts with NEVER_AUTO path prefix.",,TEXTAREA
BM-056,"person.fullName","Họ và tên",true,MANUAL,NEVER_AUTO,NONE,"Label ""Họ và tên"" matches NEVER_AUTO pattern.",,TEXT
BM-056,"person.genderLabel","Giới tính",true,MANUAL,NEVER_AUTO,NONE,"Label ""Giới tính"" matches NEVER_AUTO pattern.",,SELECT
BM-056,"person.otherName","Tên gọi khác",false,MANUAL,NEVER_AUTO,NONE,"Label ""Tên gọi khác"" matches NEVER_AUTO pattern.",,TEXT
BM-056,"person.dateOfBirthText","Sinh ngày",true,SYSTEM,NEVER_AUTO,NONE,"Path ""person.dateOfBirthText"" starts with NEVER_AUTO path prefix.",,TEXT
BM-056,"person.placeOfBirth","Nơi sinh",true,MANUAL,NEVER_AUTO,NONE,"Label ""Nơi sinh"" matches NEVER_AUTO pattern.",,TEXT
BM-056,"person.nationality","Quốc tịch",true,MANUAL,NEVER_AUTO,NONE,"Label ""Quốc tịch"" matches NEVER_AUTO pattern.",,TEXT
BM-056,"person.ethnicity","Dân tộc",true,MANUAL,NEVER_AUTO,NONE,"Label ""Dân tộc"" matches NEVER_AUTO pattern.",,TEXT
BM-056,"person.religion","Tôn giáo",false,MANUAL,NEVER_AUTO,NONE,"Label ""Tôn giáo"" matches NEVER_AUTO pattern.",,TEXT
BM-056,"person.occupation","Nghề nghiệp",true,MANUAL,NEVER_AUTO,NONE,"Label ""Nghề nghiệp"" matches NEVER_AUTO pattern.",,TEXT
BM-056,"person.identityDocumentLine","Số CMND/CCCD",true,MANUAL,NEVER_AUTO,NONE,"Label ""Số CMND/CCCD"" matches NEVER_AUTO pattern.",,TEXT
BM-056,"person.permanentAddress","Nơi thường trú",true,MANUAL,NEVER_AUTO,NONE,"Label ""Nơi thường trú"" matches NEVER_AUTO pattern.",,TEXTAREA
BM-056,"person.temporaryAddress","Nơi tạm trú",false,MANUAL,NEVER_AUTO,NONE,"Label ""Nơi tạm trú"" matches NEVER_AUTO pattern.",,TEXTAREA
BM-056,"person.currentAddress","Nơi ở hiện tại",true,MANUAL,NEVER_AUTO,NONE,"Label ""Nơi ở hiện tại"" matches NEVER_AUTO pattern.",,TEXTAREA
BM-056,"measure.exitPostponementDurationText","Thời hạn tạm hoãn xuất cảnh",true,MANUAL,NEVER_AUTO,NONE,"Path ""measure.exitPostponementDurationText"" starts with NEVER_AUTO path prefix.",,TEXT
BM-056,"measure.exitPostponementFromDateText","Từ ngày",true,SYSTEM,NEVER_AUTO,NONE,"Path ""measure.exitPostponementFromDateText"" starts with NEVER_AUTO path prefix.",,TEXT
BM-056,"measure.exitPostponementToDateText","Đến ngày",true,SYSTEM,NEVER_AUTO,NONE,"Path ""measure.exitPostponementToDateText"" starts with NEVER_AUTO path prefix.",,TEXT
BM-056,"measure.exitPostponementArticle2Line","Điều 2 - Nội dung quyết định",true,MANUAL,NEVER_AUTO,NONE,"Path ""measure.exitPostponementArticle2Line"" starts with NEVER_AUTO path prefix.",,TEXTAREA
BM-056,"recipients.personLine","Nơi nhận - Người bị can",true,MANUAL,SAFE_GENERIC_PREFILL,GENERIC_TEXT,"Path ""recipients.personLine"" is generic/common boilerplate safe for prefill.",,TEXT
BM-056,"recipients.immigrationUnitLine","Nơi nhận - Cơ quan xuất nhập cảnh",true,MANUAL,SAFE_GENERIC_PREFILL,GENERIC_TEXT,"Path ""recipients.immigrationUnitLine"" is generic/common boilerplate safe for prefill.",,TEXT
BM-056,"recipients.archiveLine","Lưu hồ sơ",true,MANUAL,SAFE_GENERIC_PREFILL,GENERIC_TEXT,"Path ""recipients.archiveLine"" is generic/common boilerplate safe for prefill.",,TEXT
BM-056,"signature.signMode","Chế độ ký",true,OFFICIAL,NEVER_AUTO,NONE,"Label ""Chế độ ký"" matches NEVER_AUTO pattern.",,TEXT
BM-056,"signature.positionTitle","Chức vụ người ký",true,OFFICIAL,NEVER_AUTO,NONE,"Label ""Chức vụ người ký"" matches NEVER_AUTO pattern.",,TEXT
BM-056,"signature.signerName","Người ký",true,OFFICIAL,NEVER_AUTO,NONE,"Label ""Người ký"" matches NEVER_AUTO pattern.",,TEXT
BM-057,"agency.parentName","Cơ quan cấp trên",true,AGENCY,NEVER_AUTO,NONE,"Label ""Cơ quan cấp trên"" matches NEVER_AUTO pattern.",,TEXT
BM-057,"agency.name","Viện kiểm sát ban hành",true,AGENCY,NEVER_AUTO,NONE,"Label ""Viện kiểm sát ban hành"" matches NEVER_AUTO pattern.",,TEXT
BM-057,"document.documentCode","Số quyết định",true,MANUAL,NEVER_AUTO,NONE,"Label ""Số quyết định"" matches NEVER_AUTO pattern.",,TEXT
BM-057,"document.issuePlaceAndDateLine","Địa danh, ngày ban hành",true,SYSTEM,SAFE_RUNTIME_DEFAULT,DOCUMENT_PLACE_DATE,"SYSTEM/CURRENT_DATE field. Label ""Địa danh, ngày ban hành"" matches safe document place/date pattern.","TP. Hồ Chí Minh, ngày 01 tháng 01 năm 2026",TEXT
BM-057,"official.issuerTitle","Chủ thể ban hành",true,MANUAL,NEVER_AUTO,NONE,"Label ""Chủ thể ban hành"" matches NEVER_AUTO pattern.",,TEXT
BM-057,"measure.exitPostponementDecisionLegalBasisLine","Căn cứ quyết định hoãn xuất cảnh",true,MANUAL,NEVER_AUTO,NONE,"Path ""measure.exitPostponementDecisionLegalBasisLine"" starts with NEVER_AUTO path prefix.",,TEXTAREA
BM-057,"measure.exitPostponementCancelReasonLine","Lý do hủy bỏ hoãn xuất cảnh",true,MANUAL,NEVER_AUTO,NONE,"Path ""measure.exitPostponementCancelReasonLine"" starts with NEVER_AUTO path prefix.",,TEXTAREA
BM-057,"person.fullName","Họ và tên",true,MANUAL,NEVER_AUTO,NONE,"Label ""Họ và tên"" matches NEVER_AUTO pattern.",,TEXT
BM-057,"person.genderLabel","Giới tính",true,MANUAL,NEVER_AUTO,NONE,"Label ""Giới tính"" matches NEVER_AUTO pattern.",,SELECT
BM-057,"person.otherName","Tên gọi khác",false,MANUAL,NEVER_AUTO,NONE,"Label ""Tên gọi khác"" matches NEVER_AUTO pattern.",,TEXT
BM-057,"person.dateOfBirthText","Sinh ngày",true,SYSTEM,NEVER_AUTO,NONE,"Path ""person.dateOfBirthText"" starts with NEVER_AUTO path prefix.",,TEXT
BM-057,"person.placeOfBirth","Nơi sinh",true,MANUAL,NEVER_AUTO,NONE,"Label ""Nơi sinh"" matches NEVER_AUTO pattern.",,TEXT
BM-057,"person.nationality","Quốc tịch",true,MANUAL,NEVER_AUTO,NONE,"Label ""Quốc tịch"" matches NEVER_AUTO pattern.",,TEXT
BM-057,"person.ethnicity","Dân tộc",true,MANUAL,NEVER_AUTO,NONE,"Label ""Dân tộc"" matches NEVER_AUTO pattern.",,TEXT
BM-057,"person.religion","Tôn giáo",false,MANUAL,NEVER_AUTO,NONE,"Label ""Tôn giáo"" matches NEVER_AUTO pattern.",,TEXT
BM-057,"person.occupation","Nghề nghiệp",true,MANUAL,NEVER_AUTO,NONE,"Label ""Nghề nghiệp"" matches NEVER_AUTO pattern.",,TEXT
BM-057,"person.identityDocumentLine","Số CMND/CCCD",true,MANUAL,NEVER_AUTO,NONE,"Label ""Số CMND/CCCD"" matches NEVER_AUTO pattern.",,TEXT
BM-057,"person.permanentAddress","Nơi thường trú",true,MANUAL,NEVER_AUTO,NONE,"Label ""Nơi thường trú"" matches NEVER_AUTO pattern.",,TEXTAREA
BM-057,"person.temporaryAddress","Nơi tạm trú",false,MANUAL,NEVER_AUTO,NONE,"Label ""Nơi tạm trú"" matches NEVER_AUTO pattern.",,TEXTAREA
BM-057,"person.currentAddress","Nơi ở hiện tại",true,MANUAL,NEVER_AUTO,NONE,"Label ""Nơi ở hiện tại"" matches NEVER_AUTO pattern.",,TEXTAREA
BM-057,"measure.immigrationAgencyName","Tên cơ quan xuất nhập cảnh",true,MANUAL,NEVER_AUTO,NONE,"Path ""measure.immigrationAgencyName"" starts with NEVER_AUTO path prefix.",,TEXT
BM-057,"recipients.immigrationUnitLine","Nơi nhận - Cơ quan xuất nhập cảnh",true,MANUAL,SAFE_GENERIC_PREFILL,GENERIC_TEXT,"Path ""recipients.immigrationUnitLine"" is generic/common boilerplate safe for prefill.",,TEXT
BM-057,"recipients.personLine","Nơi nhận - Người bị can",true,MANUAL,SAFE_GENERIC_PREFILL,GENERIC_TEXT,"Path ""recipients.personLine"" is generic/common boilerplate safe for prefill.",,TEXT
BM-057,"recipients.investigationUnitLine","Nơi nhận - Cơ quan điều tra",true,MANUAL,SAFE_GENERIC_PREFILL,GENERIC_TEXT,"Path ""recipients.investigationUnitLine"" is generic/common boilerplate safe for prefill.",,TEXT
BM-057,"recipients.archiveLine","Lưu hồ sơ",true,MANUAL,SAFE_GENERIC_PREFILL,GENERIC_TEXT,"Path ""recipients.archiveLine"" is generic/common boilerplate safe for prefill.",,TEXT
BM-057,"signature.signMode","Chế độ ký",true,OFFICIAL,NEVER_AUTO,NONE,"Label ""Chế độ ký"" matches NEVER_AUTO pattern.",,TEXT
BM-057,"signature.positionTitle","Chức vụ người ký",true,OFFICIAL,NEVER_AUTO,NONE,"Label ""Chức vụ người ký"" matches NEVER_AUTO pattern.",,TEXT
BM-057,"signature.signerName","Người ký",true,OFFICIAL,NEVER_AUTO,NONE,"Label ""Người ký"" matches NEVER_AUTO pattern.",,TEXT
BM-058,"agency.parentName","Cơ quan cấp trên",true,MANUAL,SAFE_GENERIC_PREFILL,GENERIC_TEXT,"Path ""agency.parentName"" is generic/common boilerplate safe for prefill.",,TEXT
BM-058,"agency.name","Viện kiểm sát ban hành",true,MANUAL,SAFE_GENERIC_PREFILL,GENERIC_TEXT,"Path ""agency.name"" is generic/common boilerplate safe for prefill.",,TEXT
BM-058,"document.documentCode","Số lệnh tạm giam",true,MANUAL,NEVER_AUTO,NONE,"Label ""Số lệnh tạm giam"" matches NEVER_AUTO pattern.",,TEXT
BM-058,"document.issuePlaceAndDateLine","Địa danh, ngày ban hành",true,COMPUTED,REVIEW_REQUIRED,NONE,"Label ""Địa danh, ngày ban hành"" is ambiguous — requires manual classification before auto-fill.","TP. Hồ Chí Minh, ngày 01 tháng 01 năm 2026",TEXT
BM-058,"official.issuerTitle","Chủ thể ban hành",true,MANUAL,NEVER_AUTO,NONE,"Label ""Chủ thể ban hành"" matches NEVER_AUTO pattern.",,TEXT
BM-058,"legalBasis.procedureArticlesLine","Căn cứ Bộ luật Tố tụng hình sự",true,OFFICIAL,NEVER_AUTO,NONE,"Label ""Căn cứ Bộ luật Tố tụng hình sự"" matches NEVER_AUTO pattern.",,TEXTAREA
BM-058,"legalBasis.juvenileJusticeLine","Căn cứ áp dụng đối với người dưới 18 tuổi",false,OFFICIAL,NEVER_AUTO,NONE,"Label ""Căn cứ áp dụng đối với người dưới 18 tuổi"" matches NEVER_AUTO pattern.",,TEXTAREA
BM-058,"caseDecision.legalBasisLine","Căn cứ quyết định khởi tố vụ án",true,OFFICIAL,NEVER_AUTO,NONE,"Label ""Căn cứ quyết định khởi tố vụ án"" matches NEVER_AUTO pattern.",,TEXTAREA
BM-058,"accusedDecision.legalBasisLine","Căn cứ quyết định khởi tố bị can",true,OFFICIAL,NEVER_AUTO,NONE,"Label ""Căn cứ quyết định khởi tố bị can"" matches NEVER_AUTO pattern.",,TEXTAREA
BM-058,"measure.detentionReasonLine","Lý do tạm giam",true,MANUAL,NEVER_AUTO,NONE,"Path ""measure.detentionReasonLine"" starts with NEVER_AUTO path prefix.",,TEXTAREA
BM-058,"measure.detentionArticle1Line","Điều 1 - Lệnh tạm giam",true,OFFICIAL,NEVER_AUTO,NONE,"Path ""measure.detentionArticle1Line"" starts with NEVER_AUTO path prefix.",,TEXTAREA
BM-058,"person.fullName","Họ tên người bị tạm giam",true,MANUAL,NEVER_AUTO,NONE,"Label ""Họ tên người bị tạm giam"" matches NEVER_AUTO pattern.",,TEXT
BM-058,"person.genderLabel","Giới tính",true,MANUAL,NEVER_AUTO,NONE,"Label ""Giới tính"" matches NEVER_AUTO pattern.",,TEXT
BM-058,"person.otherName","Tên gọi khác",false,MANUAL,NEVER_AUTO,NONE,"Label ""Tên gọi khác"" matches NEVER_AUTO pattern.",,TEXT
BM-058,"person.dateOfBirthText","Ngày sinh",true,COMPUTED,NEVER_AUTO,NONE,"Path ""person.dateOfBirthText"" starts with NEVER_AUTO path prefix.",,TEXT
BM-058,"person.placeOfBirth","Nơi sinh",true,MANUAL,NEVER_AUTO,NONE,"Label ""Nơi sinh"" matches NEVER_AUTO pattern.",,TEXT
BM-058,"person.nationality","Quốc tịch",true,MANUAL,NEVER_AUTO,NONE,"Label ""Quốc tịch"" matches NEVER_AUTO pattern.",,TEXT
BM-058,"person.ethnicity","Dân tộc",true,MANUAL,NEVER_AUTO,NONE,"Label ""Dân tộc"" matches NEVER_AUTO pattern.",,TEXT
BM-058,"person.religion","Tôn giáo",false,MANUAL,NEVER_AUTO,NONE,"Label ""Tôn giáo"" matches NEVER_AUTO pattern.",,TEXT
BM-058,"person.occupation","Nghề nghiệp",true,MANUAL,NEVER_AUTO,NONE,"Label ""Nghề nghiệp"" matches NEVER_AUTO pattern.",,TEXT
BM-058,"person.identityDocumentLine","Số giấy tờ tùy thân",true,MANUAL,NEVER_AUTO,NONE,"Label ""Số giấy tờ tùy thân"" matches NEVER_AUTO pattern.",,TEXT
BM-058,"person.permanentAddress","Nơi thường trú",true,MANUAL,NEVER_AUTO,NONE,"Label ""Nơi thường trú"" matches NEVER_AUTO pattern.",,TEXT
BM-058,"person.temporaryAddress","Nơi tạm trú",false,MANUAL,NEVER_AUTO,NONE,"Label ""Nơi tạm trú"" matches NEVER_AUTO pattern.",,TEXT
BM-058,"person.currentAddress","Nơi ở hiện tại",true,MANUAL,NEVER_AUTO,NONE,"Label ""Nơi ở hiện tại"" matches NEVER_AUTO pattern.",,TEXT
BM-058,"measure.detentionDurationText","Thời hạn tạm giam",true,MANUAL,NEVER_AUTO,NONE,"Path ""measure.detentionDurationText"" starts with NEVER_AUTO path prefix.",,TEXT
BM-058,"measure.detentionFromDateText","Tạm giam từ ngày",true,COMPUTED,NEVER_AUTO,NONE,"Path ""measure.detentionFromDateText"" starts with NEVER_AUTO path prefix.",,TEXT
BM-058,"measure.detentionToDateText","Tạm giam đến ngày",true,COMPUTED,NEVER_AUTO,NONE,"Path ""measure.detentionToDateText"" starts with NEVER_AUTO path prefix.",,TEXT
BM-058,"measure.detentionArticle2Line","Điều 2 - Tổ chức thi hành",true,OFFICIAL,NEVER_AUTO,NONE,"Path ""measure.detentionArticle2Line"" starts with NEVER_AUTO path prefix.",,TEXTAREA
BM-058,"recipients.personLine","Nơi nhận - Người bị tạm giam",true,MANUAL,SAFE_GENERIC_PREFILL,GENERIC_TEXT,"Path ""recipients.personLine"" is generic/common boilerplate safe for prefill.",,TEXT
BM-058,"recipients.detentionExecutionUnitLine","Nơi nhận - Đơn vị thi hành tạm giam",true,MANUAL,SAFE_GENERIC_PREFILL,GENERIC_TEXT,"Path ""recipients.detentionExecutionUnitLine"" is generic/common boilerplate safe for prefill.",,TEXT
BM-058,"recipients.archiveLine","Lưu hồ sơ",true,MANUAL,SAFE_GENERIC_PREFILL,GENERIC_TEXT,"Path ""recipients.archiveLine"" is generic/common boilerplate safe for prefill.",,TEXT
BM-058,"signature.signMode","Chế độ ký",false,OFFICIAL,NEVER_AUTO,NONE,"Label ""Chế độ ký"" matches NEVER_AUTO pattern.",,TEXT
BM-058,"signature.positionTitle","Chức vụ người ký",true,OFFICIAL,NEVER_AUTO,NONE,"Label ""Chức vụ người ký"" matches NEVER_AUTO pattern.",,TEXT
BM-058,"signature.signerName","Họ tên người ký",true,OFFICIAL,NEVER_AUTO,NONE,"Label ""Họ tên người ký"" matches NEVER_AUTO pattern.",,TEXT
BM-058,"delivery.deliveredAtText","Thời gian giao lệnh",true,MANUAL,NEVER_AUTO,NONE,"Label ""Thời gian giao lệnh"" matches NEVER_AUTO pattern.",,TEXT
BM-058,"delivery.receiverTitle","Người nhận lệnh",true,MANUAL,NEVER_AUTO,NONE,"Label ""Người nhận lệnh"" matches NEVER_AUTO pattern.",,TEXT
BM-059,"agency.parentName","Cơ quan cấp trên",true,AGENCY,NEVER_AUTO,NONE,"Label ""Cơ quan cấp trên"" matches NEVER_AUTO pattern.",,TEXT
BM-059,"agency.name","Viện kiểm sát ban hành",true,AGENCY,NEVER_AUTO,NONE,"Label ""Viện kiểm sát ban hành"" matches NEVER_AUTO pattern.",,TEXT
BM-059,"document.documentCode","Số quyết định",true,MANUAL,NEVER_AUTO,NONE,"Label ""Số quyết định"" matches NEVER_AUTO pattern.",,TEXT
BM-059,"document.issuePlaceAndDateLine","Địa danh, ngày ban hành",true,SYSTEM,SAFE_RUNTIME_DEFAULT,DOCUMENT_PLACE_DATE,"SYSTEM/CURRENT_DATE field. Label ""Địa danh, ngày ban hành"" matches safe document place/date pattern.","TP. Hồ Chí Minh, ngày 01 tháng 01 năm 2026",TEXT
BM-059,"official.issuerTitle","Chủ thể ban hành",true,MANUAL,NEVER_AUTO,NONE,"Label ""Chủ thể ban hành"" matches NEVER_AUTO pattern.",,TEXT
BM-059,"legalBasis.procedureArticlesLine","Căn cứ Bộ luật Tố tụng hình sự",true,OFFICIAL,NEVER_AUTO,NONE,"Label ""Căn cứ Bộ luật Tố tụng hình sự"" matches NEVER_AUTO pattern.",,TEXTAREA
BM-059,"legalBasis.juvenileJusticeLine","Căn cứ về vi phạm hành chính",true,MANUAL,SAFE_GENERIC_PREFILL,GENERIC_TEXT,"Path ""legalBasis.juvenileJusticeLine"" is generic/common boilerplate safe for prefill.",,TEXTAREA
BM-059,"caseDecision.legalBasisLine","Căn cứ quyết định truy tố",true,OFFICIAL,NEVER_AUTO,NONE,"Label ""Căn cứ quyết định truy tố"" matches NEVER_AUTO pattern.",,TEXTAREA
BM-059,"accusedDecision.legalBasisLine","Căn cứ quyết định về bị can",true,OFFICIAL,NEVER_AUTO,NONE,"Label ""Căn cứ quyết định về bị can"" matches NEVER_AUTO pattern.",,TEXTAREA
BM-059,"measure.detentionOrderLegalBasisLine","Căn cứ lệnh bắt/tạm giữ",true,MANUAL,NEVER_AUTO,NONE,"Path ""measure.detentionOrderLegalBasisLine"" starts with NEVER_AUTO path prefix.",,TEXTAREA
BM-059,"measure.prosecutionExtensionDecisionLegalBasisLine","Căn cứ quyết định gia hạn tạm giam",true,MANUAL,NEVER_AUTO,NONE,"Path ""measure.prosecutionExtensionDecisionLegalBasisLine"" starts with NEVER_AUTO path prefix.",,TEXTAREA
BM-059,"measure.detentionExtensionReasonLine","Lý do gia hạn tạm giam",true,MANUAL,NEVER_AUTO,NONE,"Path ""measure.detentionExtensionReasonLine"" starts with NEVER_AUTO path prefix.",,TEXTAREA
BM-059,"measure.detentionExtensionArticle1Line","Điều 1 - Gia hạn tạm giam",true,MANUAL,NEVER_AUTO,NONE,"Path ""measure.detentionExtensionArticle1Line"" starts with NEVER_AUTO path prefix.",,TEXTAREA
BM-059,"person.fullName","Họ tên bị can",true,MANUAL,NEVER_AUTO,NONE,"Label ""Họ tên bị can"" matches NEVER_AUTO pattern.",,TEXT
BM-059,"person.genderLabel","Giới tính",true,MANUAL,NEVER_AUTO,NONE,"Label ""Giới tính"" matches NEVER_AUTO pattern.",,TEXT
BM-059,"person.otherName","Tên gọi khác",false,MANUAL,NEVER_AUTO,NONE,"Label ""Tên gọi khác"" matches NEVER_AUTO pattern.",,TEXT
BM-059,"person.birthDay","Ngày sinh",true,MANUAL,NEVER_AUTO,NONE,"Path ""person.birthDay"" starts with NEVER_AUTO path prefix.",,TEXT
BM-059,"person.birthMonth","Tháng sinh",true,MANUAL,NEVER_AUTO,NONE,"Path ""person.birthMonth"" starts with NEVER_AUTO path prefix.",,TEXT
BM-059,"person.birthYear","Năm sinh",true,MANUAL,NEVER_AUTO,NONE,"Path ""person.birthYear"" starts with NEVER_AUTO path prefix.",,TEXT
BM-059,"person.placeOfBirth","Nơi sinh",true,MANUAL,NEVER_AUTO,NONE,"Label ""Nơi sinh"" matches NEVER_AUTO pattern.",,TEXT
BM-059,"person.nationality","Quốc tịch",true,MANUAL,NEVER_AUTO,NONE,"Label ""Quốc tịch"" matches NEVER_AUTO pattern.",,TEXT
BM-059,"person.ethnicity","Dân tộc",true,MANUAL,NEVER_AUTO,NONE,"Label ""Dân tộc"" matches NEVER_AUTO pattern.",,TEXT
BM-059,"person.religion","Tôn giáo",false,MANUAL,NEVER_AUTO,NONE,"Label ""Tôn giáo"" matches NEVER_AUTO pattern.",,TEXT
BM-059,"person.occupation","Nghề nghiệp",true,MANUAL,NEVER_AUTO,NONE,"Label ""Nghề nghiệp"" matches NEVER_AUTO pattern.",,TEXT
BM-059,"person.identityDocumentLine","Số CMND/CCCD",true,MANUAL,NEVER_AUTO,NONE,"Label ""Số CMND/CCCD"" matches NEVER_AUTO pattern.",,TEXT
BM-059,"person.permanentAddress","Nơi thường trú",true,MANUAL,NEVER_AUTO,NONE,"Label ""Nơi thường trú"" matches NEVER_AUTO pattern.",,TEXT
BM-059,"person.temporaryAddress","Nơi tạm trú",false,MANUAL,NEVER_AUTO,NONE,"Label ""Nơi tạm trú"" matches NEVER_AUTO pattern.",,TEXT
BM-059,"person.currentAddress","Nơi ở hiện tại",true,MANUAL,NEVER_AUTO,NONE,"Label ""Nơi ở hiện tại"" matches NEVER_AUTO pattern.",,TEXT
BM-059,"measure.detentionExtensionDurationText","Thời hạn gia hạn tạm giam",true,MANUAL,NEVER_AUTO,NONE,"Path ""measure.detentionExtensionDurationText"" starts with NEVER_AUTO path prefix.",,TEXT
BM-059,"measure.detentionExtensionFromDateText","Từ ngày",true,SYSTEM,NEVER_AUTO,NONE,"Path ""measure.detentionExtensionFromDateText"" starts with NEVER_AUTO path prefix.",,TEXT
BM-059,"measure.detentionExtensionToDateText","Đến ngày",true,SYSTEM,NEVER_AUTO,NONE,"Path ""measure.detentionExtensionToDateText"" starts with NEVER_AUTO path prefix.",,TEXT
BM-059,"measure.detentionExtensionArticle2Line","Điều 2 - Giao nhiệm vụ",true,MANUAL,NEVER_AUTO,NONE,"Path ""measure.detentionExtensionArticle2Line"" starts with NEVER_AUTO path prefix.",,TEXTAREA
BM-059,"recipients.personLine","Nơi nhận - Người bị tạm giam",true,MANUAL,SAFE_GENERIC_PREFILL,GENERIC_TEXT,"Path ""recipients.personLine"" is generic/common boilerplate safe for prefill.",,TEXT
BM-059,"recipients.detentionExecutionUnitLine","Nơi nhận - Đơn vị thi hành",true,MANUAL,SAFE_GENERIC_PREFILL,GENERIC_TEXT,"Path ""recipients.detentionExecutionUnitLine"" is generic/common boilerplate safe for prefill.",,TEXT
BM-059,"recipients.archiveLine","Lưu hồ sơ",true,MANUAL,SAFE_GENERIC_PREFILL,GENERIC_TEXT,"Path ""recipients.archiveLine"" is generic/common boilerplate safe for prefill.",,TEXT
BM-059,"signature.signMode","Chế độ ký",true,OFFICIAL,NEVER_AUTO,NONE,"Label ""Chế độ ký"" matches NEVER_AUTO pattern.",,TEXT
BM-059,"signature.positionTitle","Chức vụ người ký",true,OFFICIAL,NEVER_AUTO,NONE,"Label ""Chức vụ người ký"" matches NEVER_AUTO pattern.",,TEXT
BM-059,"signature.signerName","Người ký",true,OFFICIAL,NEVER_AUTO,NONE,"Label ""Người ký"" matches NEVER_AUTO pattern.",,TEXT
BM-059,"delivery.deliveredAtText","Thời gian giao",true,MANUAL,NEVER_AUTO,NONE,"Label ""Thời gian giao"" matches NEVER_AUTO pattern.",,TEXT
BM-059,"delivery.receiverTitle","Người nhận",true,MANUAL,NEVER_AUTO,NONE,"Label ""Người nhận"" matches NEVER_AUTO pattern.",,TEXT
BM-060,"agency.name","Tên cơ quan",false,AGENCY,NEVER_AUTO,NONE,"Label ""Tên cơ quan"" matches NEVER_AUTO pattern.",,TEXT
BM-060,"document.fullDocumentCode","Số văn bản",false,MANUAL,NEVER_AUTO,NONE,"Label ""Số văn bản"" matches NEVER_AUTO pattern.",,TEXT
BM-060,"decision.decisionLine10","Địa điểm, ngày lập",false,MANUAL,NEVER_AUTO,NONE,"Path ""decision.decisionLine10"" starts with NEVER_AUTO path prefix.",,TEXT
BM-061,"agency.name","Tên cơ quan",false,AGENCY,NEVER_AUTO,NONE,"Label ""Tên cơ quan"" matches NEVER_AUTO pattern.",,TEXT
BM-061,"recipients.personLine","Người bị áp dụng",false,MANUAL,NEVER_AUTO,NONE,"Label ""Người bị áp dụng"" matches NEVER_AUTO pattern.",,TEXT
BM-061,"document.fullDocumentCode","Số văn bản",false,MANUAL,NEVER_AUTO,NONE,"Label ""Số văn bản"" matches NEVER_AUTO pattern.",,TEXT
BM-061,"recipients.personLine3","Người nhận",false,MANUAL,NEVER_AUTO,NONE,"Label ""Người nhận"" matches NEVER_AUTO pattern.",,TEXT
BM-062,"agency.name","Tên cơ quan",false,AGENCY,NEVER_AUTO,NONE,"Label ""Tên cơ quan"" matches NEVER_AUTO pattern.",,TEXT
BM-062,"decision.decisionLine","Nội dung quyết định",false,COMPUTED,NEVER_AUTO,NONE,"Path ""decision.decisionLine"" starts with NEVER_AUTO path prefix.",,TEXT
BM-062,"recipients.personLine","Người bị áp dụng",false,MANUAL,NEVER_AUTO,NONE,"Label ""Người bị áp dụng"" matches NEVER_AUTO pattern.",,TEXT
BM-062,"document.fullDocumentCode","Số văn bản",false,MANUAL,NEVER_AUTO,NONE,"Label ""Số văn bản"" matches NEVER_AUTO pattern.",,TEXT
BM-062,"signature.signerName","Người ký",true,OFFICIAL,NEVER_AUTO,NONE,"Label ""Người ký"" matches NEVER_AUTO pattern.",,TEXT
BM-062,"person.otherName","Tên gọi khác",false,MANUAL,NEVER_AUTO,NONE,"Label ""Tên gọi khác"" matches NEVER_AUTO pattern.",,TEXT
BM-062,"person.birthInfoLine","Sinh ngày, tháng, năm, nơi sinh",false,MANUAL,NEVER_AUTO,NONE,"Path ""person.birthInfoLine"" starts with NEVER_AUTO path prefix.",,TEXT
BM-062,"person.nationality","Quốc tịch",false,MANUAL,NEVER_AUTO,NONE,"Label ""Quốc tịch"" matches NEVER_AUTO pattern.",,TEXT
BM-062,"person.ethnicityReligionLine","Dân tộc, tôn giáo",false,MANUAL,NEVER_AUTO,NONE,"Label ""Dân tộc, tôn giáo"" matches NEVER_AUTO pattern.",,TEXT
BM-062,"measure.reasonLine","Xét thấy",false,MANUAL,NEVER_AUTO,NONE,"Path ""measure.reasonLine"" starts with NEVER_AUTO path prefix.",,TEXT
BM-062,"measure.assetListLine","Tài sản kê biên",false,MANUAL,NEVER_AUTO,NONE,"Path ""measure.assetListLine"" starts with NEVER_AUTO path prefix.",,TEXT
BM-062,"person.occupation","Nghề nghiệp",true,MANUAL,NEVER_AUTO,NONE,"Label ""Nghề nghiệp"" matches NEVER_AUTO pattern.",,TEXT
BM-062,"person.identityNo","Số CMND/Thẻ CCCD/Thẻ CC/Hộ chiếu",false,MANUAL,NEVER_AUTO,NONE,"Label ""Số CMND/Thẻ CCCD/Thẻ CC/Hộ chiếu"" matches NEVER_AUTO pattern.",,TEXT
BM-062,"person.identityIssueDateLine","Ngày cấp giấy tờ tùy thân",false,MANUAL,NEVER_AUTO,NONE,"Path ""person.identityIssueDateLine"" starts with NEVER_AUTO path prefix.",,TEXT
BM-062,"person.identityIssuePlace","Nơi cấp giấy tờ tùy thân",false,MANUAL,NEVER_AUTO,NONE,"Path ""person.identityIssuePlace"" starts with NEVER_AUTO path prefix.",,TEXT
BM-062,"person.permanentAddress","Nơi thường trú",false,MANUAL,NEVER_AUTO,NONE,"Label ""Nơi thường trú"" matches NEVER_AUTO pattern.",,TEXT
BM-062,"person.temporaryAddress","Nơi tạm trú",false,MANUAL,NEVER_AUTO,NONE,"Label ""Nơi tạm trú"" matches NEVER_AUTO pattern.",,TEXT
BM-062,"person.currentAddress","Nơi ở hiện tại",false,MANUAL,NEVER_AUTO,NONE,"Label ""Nơi ở hiện tại"" matches NEVER_AUTO pattern.",,TEXT
BM-062,"measure.executionAgencyLine","Cơ quan, người thi hành lệnh",false,MANUAL,NEVER_AUTO,NONE,"Path ""measure.executionAgencyLine"" starts with NEVER_AUTO path prefix.",,TEXT
BM-062,"measure.coordinationAgencyLine","Cơ quan, người phối hợp thi hành lệnh",false,MANUAL,NEVER_AUTO,NONE,"Path ""measure.coordinationAgencyLine"" starts with NEVER_AUTO path prefix.",,TEXT
BM-063,"agency.name","Tên cơ quan",false,AGENCY,NEVER_AUTO,NONE,"Label ""Tên cơ quan"" matches NEVER_AUTO pattern.",,TEXT
BM-063,"document.issuePlaceAndDateLine","Địa danh, ngày ban hành",false,COMPUTED,REVIEW_REQUIRED,NONE,"Label ""Địa danh, ngày ban hành"" is ambiguous — requires manual classification before auto-fill.","TP. Hồ Chí Minh, ngày 01 tháng 01 năm 2026",TEXT
BM-063,"recipients.personLine","Người bị áp dụng",false,MANUAL,NEVER_AUTO,NONE,"Label ""Người bị áp dụng"" matches NEVER_AUTO pattern.",,TEXT
BM-063,"document.recordStartedAtTimeText","Thời điểm bắt đầu lập biên bản",false,MANUAL,NEVER_AUTO,NONE,"Label ""Thời điểm bắt đầu lập biên bản"" matches NEVER_AUTO pattern.",,TEXT
BM-063,"document.recordLocationName","Địa điểm lập biên bản",false,MANUAL,NEVER_AUTO,NONE,"Label ""Địa điểm lập biên bản"" matches NEVER_AUTO pattern.",,TEXT
BM-063,"prosecutor.procuracyName","Viện kiểm sát của Kiểm sát viên",false,OFFICIAL,NEVER_AUTO,NONE,"Label ""Viện kiểm sát của Kiểm sát viên"" matches NEVER_AUTO pattern.",,TEXT
BM-063,"assignment.participantLine1","Người tham gia kê biên 1",false,MANUAL,NEVER_AUTO,NONE,"Label ""Người tham gia kê biên 1"" matches NEVER_AUTO pattern.",,TEXT
BM-063,"assignment.participantLine2","Đại diện Ủy ban nhân dân cấp xã",false,MANUAL,NEVER_AUTO,NONE,"Label ""Đại diện Ủy ban nhân dân cấp xã"" matches NEVER_AUTO pattern.",,TEXT
BM-063,"assignment.participantLine3","Người tham gia kê biên 3",false,MANUAL,NEVER_AUTO,NONE,"Label ""Người tham gia kê biên 3"" matches NEVER_AUTO pattern.",,TEXT
BM-063,"assignment.participantLine4","Người tham gia kê biên 4",false,MANUAL,NEVER_AUTO,NONE,"Label ""Người tham gia kê biên 4"" matches NEVER_AUTO pattern.",,TEXT
BM-063,"document.recordEndedAtTimeLine","Thời điểm kết thúc kê biên",false,MANUAL,NEVER_AUTO,NONE,"Label ""Thời điểm kết thúc kê biên"" matches NEVER_AUTO pattern.",,TEXT
BM-063,"person.birthInfoLine","Sinh ngày, tháng, năm, nơi sinh",false,MANUAL,NEVER_AUTO,NONE,"Path ""person.birthInfoLine"" starts with NEVER_AUTO path prefix.",,TEXT
BM-063,"person.nationalityEthnicityReligionLine","Quốc tịch, dân tộc, tôn giáo",false,MANUAL,NEVER_AUTO,NONE,"Label ""Quốc tịch, dân tộc, tôn giáo"" matches NEVER_AUTO pattern.",,TEXT
BM-063,"person.identityIssueLine","Ngày cấp, nơi cấp giấy tờ tùy thân",false,MANUAL,NEVER_AUTO,NONE,"Path ""person.identityIssueLine"" starts with NEVER_AUTO path prefix.",,TEXT
BM-063,"measure.assetListLine","Tài sản bị kê biên",false,MANUAL,NEVER_AUTO,NONE,"Path ""measure.assetListLine"" starts with NEVER_AUTO path prefix.",,TEXT
BM-063,"measure.participantOpinionLine","Ý kiến của người tham gia kê biên",false,MANUAL,NEVER_AUTO,NONE,"Path ""measure.participantOpinionLine"" starts with NEVER_AUTO path prefix.",,TEXT
BM-064,"agency.name","Tên cơ quan",false,AGENCY,NEVER_AUTO,NONE,"Label ""Tên cơ quan"" matches NEVER_AUTO pattern.",,TEXT
BM-064,"document.fullDocumentCode","Số văn bản",false,MANUAL,NEVER_AUTO,NONE,"Label ""Số văn bản"" matches NEVER_AUTO pattern.",,TEXT
BM-064,"document.issueDate","Ngày ban hành",true,SYSTEM,SAFE_RUNTIME_DEFAULT,DOCUMENT_PLACE_DATE,"SYSTEM/CURRENT_DATE field. Label ""Ngày ban hành"" matches safe document place/date pattern.","2026-01-01",TEXT
BM-065,"agency.name","Tên cơ quan",false,AGENCY,NEVER_AUTO,NONE,"Label ""Tên cơ quan"" matches NEVER_AUTO pattern.",,TEXT
BM-065,"recipients.personLine","Người bị áp dụng",false,MANUAL,NEVER_AUTO,NONE,"Label ""Người bị áp dụng"" matches NEVER_AUTO pattern.",,TEXT
BM-065,"document.fullDocumentCode8","Số văn bản",false,MANUAL,NEVER_AUTO,NONE,"Label ""Số văn bản"" matches NEVER_AUTO pattern.",,TEXT
BM-065,"recipients.personLine3","Người nhận",false,MANUAL,NEVER_AUTO,NONE,"Label ""Người nhận"" matches NEVER_AUTO pattern.",,TEXT
BM-066,"agency.name","Tên cơ quan",false,AGENCY,NEVER_AUTO,NONE,"Label ""Tên cơ quan"" matches NEVER_AUTO pattern.",,TEXT
BM-066,"decision.decisionLine","Nội dung quyết định",false,COMPUTED,NEVER_AUTO,NONE,"Path ""decision.decisionLine"" starts with NEVER_AUTO path prefix.",,TEXT
BM-066,"recipients.personLine","Người bị áp dụng",false,MANUAL,NEVER_AUTO,NONE,"Label ""Người bị áp dụng"" matches NEVER_AUTO pattern.",,TEXT
BM-066,"document.fullDocumentCode","Số văn bản",false,MANUAL,NEVER_AUTO,NONE,"Label ""Số văn bản"" matches NEVER_AUTO pattern.",,TEXT
BM-066,"document.issuePlaceAndDateLine","Địa danh, ngày tháng năm ban hành",false,SYSTEM,SAFE_RUNTIME_DEFAULT,DOCUMENT_PLACE_DATE,"SYSTEM/CURRENT_DATE field. Label ""Địa danh, ngày tháng năm ban hành"" matches safe document place/date pattern.","TP. Hồ Chí Minh, ngày 01 tháng 01 năm 2026",TEXT
BM-066,"measure.reasonLine","Xét thấy",false,MANUAL,NEVER_AUTO,NONE,"Path ""measure.reasonLine"" starts with NEVER_AUTO path prefix.",,TEXT
BM-066,"person.identityIssueLine","Ngày cấp, nơi cấp giấy tờ tùy thân",false,MANUAL,NEVER_AUTO,NONE,"Path ""person.identityIssueLine"" starts with NEVER_AUTO path prefix.",,TEXT
BM-066,"measure.executionRequestLine","Yêu cầu thi hành lệnh",false,MANUAL,NEVER_AUTO,NONE,"Path ""measure.executionRequestLine"" starts with NEVER_AUTO path prefix.",,TEXT
BM-066,"person.birthInfoLine","Sinh ngày, tháng, năm, nơi sinh",false,MANUAL,NEVER_AUTO,NONE,"Path ""person.birthInfoLine"" starts with NEVER_AUTO path prefix.",,TEXT
BM-066,"person.nationalityEthnicityReligionLine","Quốc tịch, dân tộc, tôn giáo",false,MANUAL,NEVER_AUTO,NONE,"Label ""Quốc tịch, dân tộc, tôn giáo"" matches NEVER_AUTO pattern.",,TEXT
BM-066,"assignment.assignedOfficerLine","Kiểm sát viên được phân công thi hành lệnh",false,MANUAL,NEVER_AUTO,NONE,"Label ""Kiểm sát viên được phân công thi hành lệnh"" matches NEVER_AUTO pattern.",,TEXT
BM-066,"signature.signerName","Người ký",true,OFFICIAL,NEVER_AUTO,NONE,"Label ""Người ký"" matches NEVER_AUTO pattern.",,TEXT
BM-067,"agency.name","Tên cơ quan",false,AGENCY,NEVER_AUTO,NONE,"Label ""Tên cơ quan"" matches NEVER_AUTO pattern.",,TEXT
BM-067,"recipients.personLine","Người bị áp dụng",false,MANUAL,NEVER_AUTO,NONE,"Label ""Người bị áp dụng"" matches NEVER_AUTO pattern.",,TEXT
BM-067,"document.fullDocumentCode6","Số văn bản",false,MANUAL,NEVER_AUTO,NONE,"Label ""Số văn bản"" matches NEVER_AUTO pattern.",,TEXT
BM-067,"recipients.personLine3","Người nhận",false,MANUAL,NEVER_AUTO,NONE,"Label ""Người nhận"" matches NEVER_AUTO pattern.",,TEXT
BM-068,"agency.name","Tên cơ quan",false,AGENCY,NEVER_AUTO,NONE,"Label ""Tên cơ quan"" matches NEVER_AUTO pattern.",,TEXT
BM-068,"recipients.personLine","Người bị áp dụng",false,MANUAL,NEVER_AUTO,NONE,"Label ""Người bị áp dụng"" matches NEVER_AUTO pattern.",,TEXT
BM-068,"document.fullDocumentCode","Số văn bản",false,MANUAL,NEVER_AUTO,NONE,"Label ""Số văn bản"" matches NEVER_AUTO pattern.",,TEXT
BM-068,"document.issueDate","Ngày ban hành",false,MANUAL,SAFE_GENERIC_PREFILL,GENERIC_TEXT,"Path ""document.issueDate"" is generic/common boilerplate safe for prefill.","2026-01-01",TEXT
BM-068,"person.dateOfBirth","Ngày sinh",false,MANUAL,NEVER_AUTO,NONE,"Path ""person.dateOfBirth"" starts with NEVER_AUTO path prefix.",,TEXT
BM-068,"person.permanentAddress","Nơi thường trú",false,MANUAL,NEVER_AUTO,NONE,"Label ""Nơi thường trú"" matches NEVER_AUTO pattern.",,TEXT
BM-068,"person.permanentAddress2","Nơi thường trú",false,MANUAL,NEVER_AUTO,NONE,"Label ""Nơi thường trú"" matches NEVER_AUTO pattern.",,TEXT
BM-068,"person.occupation","Nghề nghiệp",false,MANUAL,NEVER_AUTO,NONE,"Label ""Nghề nghiệp"" matches NEVER_AUTO pattern.",,TEXT
BM-068,"person.idNumber","Số CCCD/CMND",false,MANUAL,NEVER_AUTO,NONE,"Label ""Số CCCD/CMND"" matches NEVER_AUTO pattern.",,TEXT
BM-068,"person.permanentAddress3","Nơi thường trú",false,MANUAL,NEVER_AUTO,NONE,"Label ""Nơi thường trú"" matches NEVER_AUTO pattern.",,TEXT
BM-068,"person.occupation2","Nghề nghiệp",false,MANUAL,NEVER_AUTO,NONE,"Label ""Nghề nghiệp"" matches NEVER_AUTO pattern.",,TEXT
BM-068,"person.idNumber2","Số CCCD/CMND",false,MANUAL,NEVER_AUTO,NONE,"Label ""Số CCCD/CMND"" matches NEVER_AUTO pattern.",,TEXT
BM-068,"person.temporaryAddress","Nơi tạm trú",false,MANUAL,NEVER_AUTO,NONE,"Label ""Nơi tạm trú"" matches NEVER_AUTO pattern.",,TEXT
BM-068,"person.province","Tỉnh/Thành phố",false,MANUAL,NEVER_AUTO,NONE,"Label ""Tỉnh/Thành phố"" matches NEVER_AUTO pattern.",,TEXT
BM-069,"agency.name","Tên cơ quan",false,AGENCY,NEVER_AUTO,NONE,"Label ""Tên cơ quan"" matches NEVER_AUTO pattern.",,TEXT
BM-069,"recipients.personLine","Người bị áp dụng",false,MANUAL,NEVER_AUTO,NONE,"Label ""Người bị áp dụng"" matches NEVER_AUTO pattern.",,TEXT
BM-069,"document.fullDocumentCode","Số văn bản / quyết định",false,MANUAL,NEVER_AUTO,NONE,"Label ""Số văn bản / quyết định"" matches NEVER_AUTO pattern.",,TEXT
BM-069,"document.issueDate","Ngày lập biên bản",false,MANUAL,REVIEW_REQUIRED,NONE,"Label ""Ngày lập biên bản"" is ambiguous — requires manual classification before auto-fill.","2026-01-01",TEXT
BM-069,"person.dateOfBirth","Ngày sinh",false,MANUAL,NEVER_AUTO,NONE,"Path ""person.dateOfBirth"" starts with NEVER_AUTO path prefix.",,TEXT
BM-069,"person.idNumber","Số CCCD/CMND",false,MANUAL,NEVER_AUTO,NONE,"Label ""Số CCCD/CMND"" matches NEVER_AUTO pattern.",,TEXT
BM-069,"document.reasonLine","Căn cứ / lý do",false,MANUAL,SAFE_GENERIC_PREFILL,GENERIC_TEXT,"Path ""document.reasonLine"" is generic/common boilerplate safe for prefill.",,TEXT
BM-069,"document.reasonLine2","Căn cứ / lý do bổ sung",false,MANUAL,SAFE_GENERIC_PREFILL,GENERIC_TEXT,"Path ""document.reasonLine2"" is generic/common boilerplate safe for prefill.",,TEXT
BM-069,"person.personFullName","Họ tên",false,MANUAL,NEVER_AUTO,NONE,"Label ""Họ tên"" matches NEVER_AUTO pattern.",,TEXT
BM-069,"person.currentAddress","Nơi ở hiện tại",false,MANUAL,NEVER_AUTO,NONE,"Label ""Nơi ở hiện tại"" matches NEVER_AUTO pattern.",,TEXT
BM-069,"person.currentAddress2","Nơi ở hiện tại",false,MANUAL,NEVER_AUTO,NONE,"Label ""Nơi ở hiện tại"" matches NEVER_AUTO pattern.",,TEXT
BM-069,"decision.decisionLine","Nội dung quyết định",false,MANUAL,NEVER_AUTO,NONE,"Path ""decision.decisionLine"" starts with NEVER_AUTO path prefix.",,TEXT
BM-069,"person.occupation","Nghề nghiệp",false,MANUAL,NEVER_AUTO,NONE,"Label ""Nghề nghiệp"" matches NEVER_AUTO pattern.",,TEXT
BM-069,"document.summaryLine","Tóm tắt / liệt kê",false,MANUAL,NEVER_AUTO,NONE,"Label ""Tóm tắt / liệt kê"" matches NEVER_AUTO pattern.",,TEXT
BM-070,"agency.parentName","Cơ quan cấp trên",true,AGENCY,NEVER_AUTO,NONE,"Label ""Cơ quan cấp trên"" matches NEVER_AUTO pattern.",,TEXT
BM-070,"agency.name","Viện kiểm sát ban hành",true,AGENCY,NEVER_AUTO,NONE,"Label ""Viện kiểm sát ban hành"" matches NEVER_AUTO pattern.",,TEXT
BM-070,"document.documentCode","Số quyết định",true,MANUAL,NEVER_AUTO,NONE,"Label ""Số quyết định"" matches NEVER_AUTO pattern.",,TEXT
BM-070,"document.issuePlaceAndDateLine","Địa danh, ngày ban hành",true,SYSTEM,SAFE_RUNTIME_DEFAULT,DOCUMENT_PLACE_DATE,"SYSTEM/CURRENT_DATE field. Label ""Địa danh, ngày ban hành"" matches safe document place/date pattern.","TP. Hồ Chí Minh, ngày 01 tháng 01 năm 2026",TEXT
BM-070,"official.issuerTitle","Chủ thể ban hành",true,MANUAL,NEVER_AUTO,NONE,"Label ""Chủ thể ban hành"" matches NEVER_AUTO pattern.",,TEXT
BM-070,"legalBasis.assignmentProcedureArticlesLine","Căn cứ Bộ luật Tố tụng hình sự",true,MANUAL,SAFE_GENERIC_PREFILL,GENERIC_TEXT,"Path ""legalBasis.assignmentProcedureArticlesLine"" is generic/common boilerplate safe for prefill.",,TEXTAREA
BM-070,"caseDecision.caseProsecutionDecisionLine","Căn cứ quyết định truy tố",true,MANUAL,SAFE_GENERIC_PREFILL,GENERIC_TEXT,"Path ""caseDecision.caseProsecutionDecisionLine"" is generic/common boilerplate safe for prefill.",,TEXTAREA
BM-070,"assignment.deputyChiefName","Họ tên Phó Viện trưởng được phân công",true,MANUAL,NEVER_AUTO,NONE,"Label ""Họ tên Phó Viện trưởng được phân công"" matches NEVER_AUTO pattern.",,TEXT
BM-070,"assignment.deputyChiefTitle","Chức vụ",true,MANUAL,NEVER_AUTO,NONE,"Label ""Chức vụ"" matches NEVER_AUTO pattern.",,TEXT
BM-070,"assignment.deputyChiefAgencyName","Cơ quan của Phó Viện trưởng",true,MANUAL,NEVER_AUTO,NONE,"Label ""Cơ quan của Phó Viện trưởng"" matches NEVER_AUTO pattern.",,TEXT
BM-070,"assignment.responsibilityLine","Nhiệm vụ được phân công",true,MANUAL,NEVER_AUTO,NONE,"Label ""Nhiệm vụ được phân công"" matches NEVER_AUTO pattern.",,TEXTAREA
BM-070,"recipients.investigationAuthorityLine","Nơi nhận - Cơ quan điều tra",true,MANUAL,SAFE_GENERIC_PREFILL,GENERIC_TEXT,"Path ""recipients.investigationAuthorityLine"" is generic/common boilerplate safe for prefill.",,TEXT
BM-070,"recipients.assignedPersonLine","Nơi nhận - Người được phân công",true,MANUAL,SAFE_GENERIC_PREFILL,GENERIC_TEXT,"Path ""recipients.assignedPersonLine"" is generic/common boilerplate safe for prefill.",,TEXT
BM-070,"recipients.archiveLine","Lưu hồ sơ",true,MANUAL,SAFE_GENERIC_PREFILL,GENERIC_TEXT,"Path ""recipients.archiveLine"" is generic/common boilerplate safe for prefill.",,TEXT
BM-070,"signature.signMode","Chế độ ký",true,OFFICIAL,NEVER_AUTO,NONE,"Label ""Chế độ ký"" matches NEVER_AUTO pattern.",,TEXT
BM-070,"signature.positionTitle","Chức vụ người ký",true,OFFICIAL,NEVER_AUTO,NONE,"Label ""Chức vụ người ký"" matches NEVER_AUTO pattern.",,TEXT
BM-070,"signature.signerName","Người ký",true,OFFICIAL,NEVER_AUTO,NONE,"Label ""Người ký"" matches NEVER_AUTO pattern.",,TEXT
BM-071,"agency.parentName","Cơ quan cấp trên",true,AGENCY,NEVER_AUTO,NONE,"Label ""Cơ quan cấp trên"" matches NEVER_AUTO pattern.",,TEXT
BM-071,"agency.name","Viện kiểm sát ban hành",true,AGENCY,NEVER_AUTO,NONE,"Label ""Viện kiểm sát ban hành"" matches NEVER_AUTO pattern.",,TEXT
BM-071,"document.documentCode","Số quyết định",true,MANUAL,NEVER_AUTO,NONE,"Label ""Số quyết định"" matches NEVER_AUTO pattern.",,TEXT
BM-071,"document.issuePlaceAndDateLine","Địa danh, ngày ban hành",true,SYSTEM,SAFE_RUNTIME_DEFAULT,DOCUMENT_PLACE_DATE,"SYSTEM/CURRENT_DATE field. Label ""Địa danh, ngày ban hành"" matches safe document place/date pattern.","TP. Hồ Chí Minh, ngày 01 tháng 01 năm 2026",TEXT
BM-071,"assignment.assignedRoleText","Vai trò được phân công",true,MANUAL,NEVER_AUTO,NONE,"Label ""Vai trò được phân công"" matches NEVER_AUTO pattern.",,TEXT
BM-071,"official.issuerTitle","Chủ thể ban hành",true,MANUAL,NEVER_AUTO,NONE,"Label ""Chủ thể ban hành"" matches NEVER_AUTO pattern.",,TEXT
BM-071,"legalBasis.staffAssignmentProcedureArticlesLine","Căn cứ Bộ luật Tố tụng hình sự",true,MANUAL,SAFE_GENERIC_PREFILL,GENERIC_TEXT,"Path ""legalBasis.staffAssignmentProcedureArticlesLine"" is generic/common boilerplate safe for prefill.",,TEXTAREA
BM-071,"caseDecision.caseProsecutionDecisionLine","Căn cứ quyết định truy tố",true,MANUAL,SAFE_GENERIC_PREFILL,GENERIC_TEXT,"Path ""caseDecision.caseProsecutionDecisionLine"" is generic/common boilerplate safe for prefill.",,TEXTAREA
BM-071,"assignment.assignedOfficerName","Họ tên Kiểm sát viên được phân công",true,MANUAL,NEVER_AUTO,NONE,"Label ""Họ tên Kiểm sát viên được phân công"" matches NEVER_AUTO pattern.",,TEXT
BM-071,"assignment.assignedOfficerTitle","Chức vụ Kiểm sát viên",true,MANUAL,NEVER_AUTO,NONE,"Label ""Chức vụ Kiểm sát viên"" matches NEVER_AUTO pattern.",,TEXT
BM-071,"assignment.assignedOfficerAgencyName","Đơn vị của Kiểm sát viên",true,MANUAL,NEVER_AUTO,NONE,"Label ""Đơn vị của Kiểm sát viên"" matches NEVER_AUTO pattern.",,TEXT
BM-071,"assignment.additionalAssignedOfficersLine","Phân công bổ sung",false,MANUAL,NEVER_AUTO,NONE,"Label ""Phân công bổ sung"" matches NEVER_AUTO pattern.",,TEXTAREA
BM-071,"assignment.responsibilityLine","Nhiệm vụ được phân công",true,MANUAL,NEVER_AUTO,NONE,"Label ""Nhiệm vụ được phân công"" matches NEVER_AUTO pattern.",,TEXTAREA
BM-071,"recipients.investigationAuthorityLine","Nơi nhận - Cơ quan điều tra",true,MANUAL,SAFE_GENERIC_PREFILL,GENERIC_TEXT,"Path ""recipients.investigationAuthorityLine"" is generic/common boilerplate safe for prefill.",,TEXT
BM-071,"recipients.assignedPersonLine","Nơi nhận - Người được phân công",true,MANUAL,SAFE_GENERIC_PREFILL,GENERIC_TEXT,"Path ""recipients.assignedPersonLine"" is generic/common boilerplate safe for prefill.",,TEXT
BM-071,"recipients.archiveLine","Lưu hồ sơ",true,MANUAL,SAFE_GENERIC_PREFILL,GENERIC_TEXT,"Path ""recipients.archiveLine"" is generic/common boilerplate safe for prefill.",,TEXT
BM-071,"signature.signMode","Chế độ ký",true,OFFICIAL,NEVER_AUTO,NONE,"Label ""Chế độ ký"" matches NEVER_AUTO pattern.",,TEXT
BM-071,"signature.positionTitle","Chức vụ người ký",true,OFFICIAL,NEVER_AUTO,NONE,"Label ""Chức vụ người ký"" matches NEVER_AUTO pattern.",,TEXT
BM-071,"signature.signerName","Người ký",true,OFFICIAL,NEVER_AUTO,NONE,"Label ""Người ký"" matches NEVER_AUTO pattern.",,TEXT
BM-072,"agency.coQuan","Tên cơ quan",false,AGENCY,NEVER_AUTO,NONE,"Label ""Tên cơ quan"" matches NEVER_AUTO pattern.",,TEXT
BM-072,"agency.diaDanh","Tên cơ quan",false,AGENCY,NEVER_AUTO,NONE,"Label ""Tên cơ quan"" matches NEVER_AUTO pattern.",,TEXT
BM-072,"document.dienThoai","Số điện thoại",false,MANUAL,NEVER_AUTO,NONE,"Label ""Số điện thoại"" matches NEVER_AUTO pattern.",,TEXT
BM-072,"signature.positionTitle","Chức danh",false,OFFICIAL,NEVER_AUTO,NONE,"Label ""Chức danh"" matches NEVER_AUTO pattern.",,TEXT
BM-072,"document.soQuyet","Số quyết định",false,MANUAL,NEVER_AUTO,NONE,"Label ""Số quyết định"" matches NEVER_AUTO pattern.",,TEXT
BM-073,"agency.name","Tên cơ quan",false,AGENCY,NEVER_AUTO,NONE,"Label ""Tên cơ quan"" matches NEVER_AUTO pattern.",,TEXT
BM-073,"document.fullDocumentCode","Số văn bản",true,MANUAL,NEVER_AUTO,NONE,"Label ""Số văn bản"" matches NEVER_AUTO pattern.",,TEXT
BM-073,"document.issueDate","Ngày ban hành",true,SYSTEM,SAFE_RUNTIME_DEFAULT,DOCUMENT_PLACE_DATE,"SYSTEM/CURRENT_DATE field. Label ""Ngày ban hành"" matches safe document place/date pattern.","2026-01-01",TEXT
BM-073,"person.dateOfBirth","Ngày sinh",false,MANUAL,NEVER_AUTO,NONE,"Path ""person.dateOfBirth"" starts with NEVER_AUTO path prefix.",,TEXT
BM-073,"person.idNumber","Số CMND/Thẻ CCCD/Thẻ CC/Hộ chiếu",true,MANUAL,NEVER_AUTO,NONE,"Label ""Số CMND/Thẻ CCCD/Thẻ CC/Hộ chiếu"" matches NEVER_AUTO pattern.",,TEXT
BM-074,"agency.coQuan","Tên cơ quan",false,AGENCY,NEVER_AUTO,NONE,"Label ""Tên cơ quan"" matches NEVER_AUTO pattern.",,TEXT
BM-074,"agency.diaDanh","Địa danh",false,AGENCY,NEVER_AUTO,NONE,"Label ""Địa danh"" matches NEVER_AUTO pattern.",,TEXT
BM-074,"document.dienThoai","Số điện thoại",false,MANUAL,NEVER_AUTO,NONE,"Label ""Số điện thoại"" matches NEVER_AUTO pattern.",,TEXT
BM-074,"document.soYeu","Số yêu cầu",false,MANUAL,NEVER_AUTO,NONE,"Label ""Số yêu cầu"" matches NEVER_AUTO pattern.",,TEXT
BM-075,"agency.name","Tên cơ quan",false,AGENCY,NEVER_AUTO,NONE,"Label ""Tên cơ quan"" matches NEVER_AUTO pattern.",,TEXT
BM-075,"document.fullDocumentCode","Số văn bản / quyết định",false,MANUAL,NEVER_AUTO,NONE,"Label ""Số văn bản / quyết định"" matches NEVER_AUTO pattern.",,TEXT
BM-075,"person.personFullName","Họ tên",false,MANUAL,NEVER_AUTO,NONE,"Label ""Họ tên"" matches NEVER_AUTO pattern.",,TEXT
BM-075,"person.dateOfBirth","Ngày sinh",false,MANUAL,NEVER_AUTO,NONE,"Path ""person.dateOfBirth"" starts with NEVER_AUTO path prefix.",,TEXT
BM-075,"person.currentAddress","Nơi ở hiện tại",false,MANUAL,NEVER_AUTO,NONE,"Label ""Nơi ở hiện tại"" matches NEVER_AUTO pattern.",,TEXT
BM-076,"agency.coQuan","Tên cơ quan",false,AGENCY,NEVER_AUTO,NONE,"Label ""Tên cơ quan"" matches NEVER_AUTO pattern.",,TEXT
BM-076,"agency.diaDanh","Địa danh",false,AGENCY,NEVER_AUTO,NONE,"Label ""Địa danh"" matches NEVER_AUTO pattern.",,TEXT
BM-076,"document.dienThoai","Số điện thoại",false,MANUAL,NEVER_AUTO,NONE,"Label ""Số điện thoại"" matches NEVER_AUTO pattern.",,TEXT
BM-076,"document.soQuyet","Số quyết định",false,MANUAL,NEVER_AUTO,NONE,"Label ""Số quyết định"" matches NEVER_AUTO pattern.",,TEXT
BM-076,"document.ngayBan","Ngày ban hành",false,MANUAL,SAFE_GENERIC_PREFILL,GENERIC_TEXT,"Path ""document.ngayBan"" is generic/common boilerplate safe for prefill.","01",TEXT
BM-077,"agency.name","Tên cơ quan",false,AGENCY,NEVER_AUTO,NONE,"Label ""Tên cơ quan"" matches NEVER_AUTO pattern.",,TEXT
BM-077,"document.fullDocumentCode","Số văn bản / quyết định",false,MANUAL,NEVER_AUTO,NONE,"Label ""Số văn bản / quyết định"" matches NEVER_AUTO pattern.",,TEXT
BM-078,"agency.coQuan","Tên cơ quan",false,AGENCY,NEVER_AUTO,NONE,"Label ""Tên cơ quan"" matches NEVER_AUTO pattern.",,TEXT
BM-078,"agency.diaDanh","Địa danh",false,AGENCY,NEVER_AUTO,NONE,"Label ""Địa danh"" matches NEVER_AUTO pattern.",,TEXT
BM-078,"document.dienThoai","Số điện thoại",false,MANUAL,NEVER_AUTO,NONE,"Label ""Số điện thoại"" matches NEVER_AUTO pattern.",,TEXT
BM-078,"document.soThong","Số thông báo",false,MANUAL,NEVER_AUTO,NONE,"Label ""Số thông báo"" matches NEVER_AUTO pattern.",,TEXT
BM-079,"agency.name","Tên cơ quan",false,AGENCY,NEVER_AUTO,NONE,"Label ""Tên cơ quan"" matches NEVER_AUTO pattern.",,TEXT
BM-080,"agency.name","Tên cơ quan",false,AGENCY,NEVER_AUTO,NONE,"Label ""Tên cơ quan"" matches NEVER_AUTO pattern.",,TEXT
BM-080,"document.fullDocumentCode","Số văn bản",false,MANUAL,NEVER_AUTO,NONE,"Label ""Số văn bản"" matches NEVER_AUTO pattern.",,TEXT
BM-080,"document.issueDate","Ngày ban hành",false,MANUAL,SAFE_GENERIC_PREFILL,GENERIC_TEXT,"Path ""document.issueDate"" is generic/common boilerplate safe for prefill.","2026-01-01",TEXT
BM-080,"person.dateOfBirth","Ngày sinh",false,MANUAL,NEVER_AUTO,NONE,"Path ""person.dateOfBirth"" starts with NEVER_AUTO path prefix.",,TEXT
BM-080,"person.currentAddress","Nơi ở hiện tại",false,MANUAL,NEVER_AUTO,NONE,"Label ""Nơi ở hiện tại"" matches NEVER_AUTO pattern.",,TEXT
BM-080,"legalBasis.legalBasisLine","Căn cứ pháp lý",false,MANUAL,SAFE_GENERIC_PREFILL,GENERIC_TEXT,"Path ""legalBasis.legalBasisLine"" is generic/common boilerplate safe for prefill.",,TEXTAREA
BM-080,"person.fullName","Họ tên",true,MANUAL,NEVER_AUTO,NONE,"Label ""Họ tên"" matches NEVER_AUTO pattern.",,TEXT
BM-081,"agency.coQuan","Tên cơ quan",false,AGENCY,NEVER_AUTO,NONE,"Label ""Tên cơ quan"" matches NEVER_AUTO pattern.",,TEXT
BM-081,"agency.diaDanh","Địa danh",false,AGENCY,NEVER_AUTO,NONE,"Label ""Địa danh"" matches NEVER_AUTO pattern.",,TEXT
BM-081,"document.dienThoai","Số điện thoại",false,MANUAL,NEVER_AUTO,NONE,"Label ""Số điện thoại"" matches NEVER_AUTO pattern.",,TEXT
BM-082,"agency.name","Tên cơ quan",false,AGENCY,NEVER_AUTO,NONE,"Label ""Tên cơ quan"" matches NEVER_AUTO pattern.",,TEXT
BM-082,"document.fullDocumentCode","Số văn bản / quyết định",false,MANUAL,NEVER_AUTO,NONE,"Label ""Số văn bản / quyết định"" matches NEVER_AUTO pattern.",,TEXT
BM-083,"agency.coQuan","Tên cơ quan",false,AGENCY,NEVER_AUTO,NONE,"Label ""Tên cơ quan"" matches NEVER_AUTO pattern.",,TEXT
BM-083,"agency.diaDanh","Địa danh",false,AGENCY,NEVER_AUTO,NONE,"Label ""Địa danh"" matches NEVER_AUTO pattern.",,TEXT
BM-083,"document.dienThoai","Số điện thoại",false,MANUAL,NEVER_AUTO,NONE,"Label ""Số điện thoại"" matches NEVER_AUTO pattern.",,TEXT
BM-083,"document.soYeu","Số yêu cầu",false,MANUAL,NEVER_AUTO,NONE,"Label ""Số yêu cầu"" matches NEVER_AUTO pattern.",,TEXT
BM-084,"agency.coQuan","Tên cơ quan",false,AGENCY,NEVER_AUTO,NONE,"Label ""Tên cơ quan"" matches NEVER_AUTO pattern.",,TEXT
BM-084,"agency.diaDanh","Địa danh",false,AGENCY,NEVER_AUTO,NONE,"Label ""Địa danh"" matches NEVER_AUTO pattern.",,TEXT
BM-084,"document.dienThoai","Số điện thoại",false,MANUAL,NEVER_AUTO,NONE,"Label ""Số điện thoại"" matches NEVER_AUTO pattern.",,TEXT
BM-085,"agency.parentName","Cơ quan cấp trên",true,AGENCY,NEVER_AUTO,NONE,"Label ""Cơ quan cấp trên"" matches NEVER_AUTO pattern.",,TEXT
BM-085,"agency.name","Viện kiểm sát ban hành",true,AGENCY,NEVER_AUTO,NONE,"Label ""Viện kiểm sát ban hành"" matches NEVER_AUTO pattern.",,TEXT
BM-085,"document.documentCode","Số quyết định",true,MANUAL,NEVER_AUTO,NONE,"Label ""Số quyết định"" matches NEVER_AUTO pattern.",,TEXT
BM-085,"document.issuePlaceAndDateLine","Địa danh, ngày ban hành",true,SYSTEM,SAFE_RUNTIME_DEFAULT,DOCUMENT_PLACE_DATE,"SYSTEM/CURRENT_DATE field. Label ""Địa danh, ngày ban hành"" matches safe document place/date pattern.","TP. Hồ Chí Minh, ngày 01 tháng 01 năm 2026",TEXT
BM-085,"official.issuerTitle","Chủ thể ban hành",true,MANUAL,NEVER_AUTO,NONE,"Label ""Chủ thể ban hành"" matches NEVER_AUTO pattern.",,TEXT
BM-085,"caseInvestigationTransfer.procedureArticlesLine","Căn cứ Bộ luật Tố tụng hình sự",true,OFFICIAL,NEVER_AUTO,NONE,"Label ""Căn cứ Bộ luật Tố tụng hình sự"" matches NEVER_AUTO pattern.",,TEXTAREA
BM-085,"caseInvestigationTransfer.reasonLine","Lý do chuyển điều tra",true,MANUAL,NEVER_AUTO,NONE,"Label ""Lý do chuyển điều tra"" matches NEVER_AUTO pattern.",,TEXTAREA
BM-085,"caseInvestigationTransfer.article1Line","Điều 1 - Nội dung quyết định",true,MANUAL,NEVER_AUTO,NONE,"Label ""Điều 1 - Nội dung quyết định"" matches NEVER_AUTO pattern.",,TEXTAREA
BM-085,"caseInvestigationTransfer.article2Line","Điều 2 - Thời hạn",true,MANUAL,NEVER_AUTO,NONE,"Label ""Điều 2 - Thời hạn"" matches NEVER_AUTO pattern.",,TEXTAREA
BM-085,"caseInvestigationTransfer.fromInvestigationAuthorityRecipientLine","Nơi nhận - Từ cơ quan điều tra",true,MANUAL,SAFE_GENERIC_PREFILL,GENERIC_TEXT,"Path ""caseInvestigationTransfer.fromInvestigationAuthorityRecipientLine"" is generic/common boilerplate safe for prefill.",,TEXT
BM-085,"caseInvestigationTransfer.toInvestigationAuthorityRecipientLine","Nơi nhận - Đến cơ quan điều tra",true,MANUAL,SAFE_GENERIC_PREFILL,GENERIC_TEXT,"Path ""caseInvestigationTransfer.toInvestigationAuthorityRecipientLine"" is generic/common boilerplate safe for prefill.",,TEXT
BM-085,"caseInvestigationTransfer.toProcuracyRecipientLine","Nơi nhận - Viện kiểm sát tiếp nhận",true,MANUAL,SAFE_GENERIC_PREFILL,GENERIC_TEXT,"Path ""caseInvestigationTransfer.toProcuracyRecipientLine"" is generic/common boilerplate safe for prefill.",,TEXT
BM-085,"caseInvestigationTransfer.accusedOrRepresentativeRecipientLine","Nơi nhận - Bị can/đại diện",true,MANUAL,SAFE_GENERIC_PREFILL,GENERIC_TEXT,"Path ""caseInvestigationTransfer.accusedOrRepresentativeRecipientLine"" is generic/common boilerplate safe for prefill.",,TEXT
BM-085,"caseInvestigationTransfer.defenderRecipientLine","Nơi nhận - Người bào chữa",false,MANUAL,SAFE_GENERIC_PREFILL,GENERIC_TEXT,"Path ""caseInvestigationTransfer.defenderRecipientLine"" is generic/common boilerplate safe for prefill.",,TEXT
BM-085,"caseInvestigationTransfer.otherParticipantRecipientLine","Nơi nhận - Người tham gia tố tụng khác",false,MANUAL,SAFE_GENERIC_PREFILL,GENERIC_TEXT,"Path ""caseInvestigationTransfer.otherParticipantRecipientLine"" is generic/common boilerplate safe for prefill.",,TEXT
BM-085,"recipients.archiveLine","Lưu hồ sơ",true,MANUAL,SAFE_GENERIC_PREFILL,GENERIC_TEXT,"Path ""recipients.archiveLine"" is generic/common boilerplate safe for prefill.",,TEXT
BM-085,"signature.signMode","Chế độ ký",true,OFFICIAL,NEVER_AUTO,NONE,"Label ""Chế độ ký"" matches NEVER_AUTO pattern.",,TEXT
BM-085,"signature.positionTitle","Chức vụ người ký",true,OFFICIAL,NEVER_AUTO,NONE,"Label ""Chức vụ người ký"" matches NEVER_AUTO pattern.",,TEXT
BM-085,"signature.signerName","Người ký",true,OFFICIAL,NEVER_AUTO,NONE,"Label ""Người ký"" matches NEVER_AUTO pattern.",,TEXT
BM-086,"agency.parentName","Cơ quan cấp trên",true,AGENCY,NEVER_AUTO,NONE,"Label ""Cơ quan cấp trên"" matches NEVER_AUTO pattern.",,TEXT
BM-086,"agency.name","Viện kiểm sát ban hành",true,AGENCY,NEVER_AUTO,NONE,"Label ""Viện kiểm sát ban hành"" matches NEVER_AUTO pattern.",,TEXT
BM-086,"document.documentCode","Số quyết định",true,MANUAL,NEVER_AUTO,NONE,"Label ""Số quyết định"" matches NEVER_AUTO pattern.",,TEXT
BM-086,"document.issuePlaceAndDateLine","Địa danh, ngày ban hành",true,SYSTEM,SAFE_RUNTIME_DEFAULT,DOCUMENT_PLACE_DATE,"SYSTEM/CURRENT_DATE field. Label ""Địa danh, ngày ban hành"" matches safe document place/date pattern.","TP. Hồ Chí Minh, ngày 01 tháng 01 năm 2026",TEXT
BM-086,"official.issuerTitle","Chủ thể ban hành",true,MANUAL,NEVER_AUTO,NONE,"Label ""Chủ thể ban hành"" matches NEVER_AUTO pattern.",,TEXT
BM-086,"legalBasis.procedureArticlesLine","Căn cứ Bộ luật Tố tụng hình sự",true,OFFICIAL,NEVER_AUTO,NONE,"Label ""Căn cứ Bộ luật Tố tụng hình sự"" matches NEVER_AUTO pattern.",,TEXTAREA
BM-086,"legalBasis.jurisdictionCircularLine","Căn cứ Thông tư liên tịch",true,MANUAL,SAFE_GENERIC_PREFILL,GENERIC_TEXT,"Path ""legalBasis.jurisdictionCircularLine"" is generic/common boilerplate safe for prefill.",,TEXTAREA
BM-086,"prosecutionJurisdictionTransfer.considerationLine","Căn cứ xem xét",true,MANUAL,SAFE_GENERIC_PREFILL,GENERIC_TEXT,"Path ""prosecutionJurisdictionTransfer.considerationLine"" is generic/common boilerplate safe for prefill.",,TEXTAREA
BM-086,"prosecutionJurisdictionTransfer.article1Line","Điều 1 - Chuyển hồ sơ",true,MANUAL,NEVER_AUTO,NONE,"Label ""Điều 1 - Chuyển hồ sơ"" matches NEVER_AUTO pattern.",,TEXTAREA
BM-086,"prosecutionJurisdictionTransfer.article2Line","Điều 2 - Thời hạn",true,MANUAL,NEVER_AUTO,NONE,"Label ""Điều 2 - Thời hạn"" matches NEVER_AUTO pattern.",,TEXTAREA
BM-086,"recipients.sourceProcuracyLine","Nơi nhận - VKS chuyển",true,MANUAL,SAFE_GENERIC_PREFILL,GENERIC_TEXT,"Path ""recipients.sourceProcuracyLine"" is generic/common boilerplate safe for prefill.",,TEXT
BM-086,"recipients.targetProcuracyLine","Nơi nhận - VKS tiếp nhận",true,MANUAL,SAFE_GENERIC_PREFILL,GENERIC_TEXT,"Path ""recipients.targetProcuracyLine"" is generic/common boilerplate safe for prefill.",,TEXT
BM-086,"recipients.investigationAuthorityLine","Nơi nhận - CQĐT",true,MANUAL,SAFE_GENERIC_PREFILL,GENERIC_TEXT,"Path ""recipients.investigationAuthorityLine"" is generic/common boilerplate safe for prefill.",,TEXT
BM-086,"recipients.detentionFacilityLine","Nơi nhận - Cơ sở giam giữ",true,MANUAL,SAFE_GENERIC_PREFILL,GENERIC_TEXT,"Path ""recipients.detentionFacilityLine"" is generic/common boilerplate safe for prefill.",,TEXT
BM-086,"recipients.archiveLine","Lưu hồ sơ",true,MANUAL,SAFE_GENERIC_PREFILL,GENERIC_TEXT,"Path ""recipients.archiveLine"" is generic/common boilerplate safe for prefill.",,TEXT
BM-086,"signature.signMode","Chế độ ký",true,OFFICIAL,NEVER_AUTO,NONE,"Label ""Chế độ ký"" matches NEVER_AUTO pattern.",,TEXT
BM-086,"signature.positionTitle","Chức vụ người ký",true,OFFICIAL,NEVER_AUTO,NONE,"Label ""Chức vụ người ký"" matches NEVER_AUTO pattern.",,TEXT
BM-086,"signature.signerName","Người ký",true,OFFICIAL,NEVER_AUTO,NONE,"Label ""Người ký"" matches NEVER_AUTO pattern.",,TEXT
BM-087,"agency.vienKiem","Tên cơ quan",false,AGENCY,NEVER_AUTO,NONE,"Label ""Tên cơ quan"" matches NEVER_AUTO pattern.",,TEXT
BM-087,"document.soQuyet","Số quyết định",false,MANUAL,NEVER_AUTO,NONE,"Label ""Số quyết định"" matches NEVER_AUTO pattern.",,TEXT
BM-087,"agency.diaDanh","Địa danh",false,AGENCY,NEVER_AUTO,NONE,"Label ""Địa danh"" matches NEVER_AUTO pattern.",,TEXT
BM-087,"document.ngayBan","Ngày ban hành",false,MANUAL,SAFE_GENERIC_PREFILL,GENERIC_TEXT,"Path ""document.ngayBan"" is generic/common boilerplate safe for prefill.","01",TEXT
BM-087,"document.chuThe","Chủ thể liên quan",false,MANUAL,NEVER_AUTO,NONE,"Label ""Chủ thể liên quan"" matches NEVER_AUTO pattern.",,TEXT
BM-087,"legalBasis.canCu","Căn cứ pháp lý",false,MANUAL,SAFE_GENERIC_PREFILL,GENERIC_TEXT,"Path ""legalBasis.canCu"" is generic/common boilerplate safe for prefill.",,TEXT
BM-087,"agency.coQuan","Cơ quan",false,AGENCY,NEVER_AUTO,NONE,"Label ""Cơ quan"" matches NEVER_AUTO pattern.",,TEXT
BM-088,"agency.vienKiem","Tên cơ quan",false,AGENCY,NEVER_AUTO,NONE,"Label ""Tên cơ quan"" matches NEVER_AUTO pattern.",,TEXT
BM-088,"document.soQuyet","Số quyết định",false,MANUAL,NEVER_AUTO,NONE,"Label ""Số quyết định"" matches NEVER_AUTO pattern.",,TEXT
BM-088,"agency.diaDanh","Địa danh",false,AGENCY,NEVER_AUTO,NONE,"Label ""Địa danh"" matches NEVER_AUTO pattern.",,TEXT
BM-089,"agency.vienKiem","Tên cơ quan",false,AGENCY,NEVER_AUTO,NONE,"Label ""Tên cơ quan"" matches NEVER_AUTO pattern.",,TEXT
BM-090,"agency.parentName","Cơ quan cấp trên",true,AGENCY,NEVER_AUTO,NONE,"Label ""Cơ quan cấp trên"" matches NEVER_AUTO pattern.",,TEXT
BM-090,"agency.name","Viện kiểm sát ban hành",true,AGENCY,NEVER_AUTO,NONE,"Label ""Viện kiểm sát ban hành"" matches NEVER_AUTO pattern.",,TEXT
BM-090,"document.fullDocumentCode","Số quyết định đầy đủ",true,MANUAL,NEVER_AUTO,NONE,"Label ""Số quyết định đầy đủ"" matches NEVER_AUTO pattern.",,TEXT
BM-090,"document.issuePlaceDateLine","Địa danh, ngày ban hành",true,SYSTEM,SAFE_RUNTIME_DEFAULT,DOCUMENT_PLACE_DATE,"SYSTEM/CURRENT_DATE field. Label ""Địa danh, ngày ban hành"" matches safe document place/date pattern.","TP. Hồ Chí Minh, ngày 01 tháng 01 năm 2026",TEXT
BM-090,"official.issuerTitle","Chủ thể ban hành",true,MANUAL,NEVER_AUTO,NONE,"Label ""Chủ thể ban hành"" matches NEVER_AUTO pattern.",,TEXT
BM-090,"legalBasis.procedureArticlesLine","Căn cứ Bộ luật Tố tụng hình sự",true,OFFICIAL,NEVER_AUTO,NONE,"Label ""Căn cứ Bộ luật Tố tụng hình sự"" matches NEVER_AUTO pattern.",,TEXTAREA
BM-090,"legalBasis.juvenileJusticeLine","Căn cứ Luật xử lý vi phạm hành chính",false,MANUAL,SAFE_GENERIC_PREFILL,GENERIC_TEXT,"Path ""legalBasis.juvenileJusticeLine"" is generic/common boilerplate safe for prefill.",,TEXTAREA
BM-090,"caseDecision.legalBasisLine","Căn cứ quyết định truy tố",true,OFFICIAL,NEVER_AUTO,NONE,"Label ""Căn cứ quyết định truy tố"" matches NEVER_AUTO pattern.",,TEXTAREA
BM-090,"accusedDecision.requestLine","Đề nghị của bị can",true,MANUAL,NEVER_AUTO,NONE,"Label ""Đề nghị của bị can"" matches NEVER_AUTO pattern.",,TEXTAREA
BM-090,"approval.assessmentLine","Kết quả xem xét",true,MANUAL,NEVER_AUTO,NONE,"Label ""Kết quả xem xét"" matches NEVER_AUTO pattern.",,TEXTAREA
BM-090,"accusedDecision.approvalArticle1Line","Điều 1 - Kết quả",true,MANUAL,NEVER_AUTO,NONE,"Label ""Điều 1 - Kết quả"" matches NEVER_AUTO pattern.",,TEXTAREA
BM-090,"accusedDecision.investigationRequestLine","Điều 2 - Yêu cầu",true,MANUAL,NEVER_AUTO,NONE,"Label ""Điều 2 - Yêu cầu"" matches NEVER_AUTO pattern.",,TEXTAREA
BM-090,"recipients.investigationUnitLine","Nơi nhận - Cơ quan điều tra",true,MANUAL,SAFE_GENERIC_PREFILL,GENERIC_TEXT,"Path ""recipients.investigationUnitLine"" is generic/common boilerplate safe for prefill.",,TEXT
BM-090,"recipients.personLine","Nơi nhận - Bị can",true,MANUAL,SAFE_GENERIC_PREFILL,GENERIC_TEXT,"Path ""recipients.personLine"" is generic/common boilerplate safe for prefill.",,TEXT
BM-090,"recipients.archiveLine","Lưu hồ sơ",true,MANUAL,SAFE_GENERIC_PREFILL,GENERIC_TEXT,"Path ""recipients.archiveLine"" is generic/common boilerplate safe for prefill.",,TEXT
BM-090,"signature.signMode","Chế độ ký",true,OFFICIAL,NEVER_AUTO,NONE,"Label ""Chế độ ký"" matches NEVER_AUTO pattern.",,TEXT
BM-090,"signature.positionTitle","Chức vụ người ký",true,OFFICIAL,NEVER_AUTO,NONE,"Label ""Chức vụ người ký"" matches NEVER_AUTO pattern.",,TEXT
BM-090,"signature.signerName","Người ký",true,OFFICIAL,NEVER_AUTO,NONE,"Label ""Người ký"" matches NEVER_AUTO pattern.",,TEXT
BM-091,"agency.vienKiem","Tên cơ quan",false,AGENCY,NEVER_AUTO,NONE,"Label ""Tên cơ quan"" matches NEVER_AUTO pattern.",,TEXT
BM-091,"document.soQuyet","Số quyết định",false,MANUAL,NEVER_AUTO,NONE,"Label ""Số quyết định"" matches NEVER_AUTO pattern.",,TEXT
BM-091,"agency.diaDanh","Địa danh",false,AGENCY,NEVER_AUTO,NONE,"Label ""Địa danh"" matches NEVER_AUTO pattern.",,TEXT
BM-092,"agency.vienKiem","Tên cơ quan",false,AGENCY,NEVER_AUTO,NONE,"Label ""Tên cơ quan"" matches NEVER_AUTO pattern.",,TEXT
BM-092,"document.soQuyet","Số quyết định",false,MANUAL,NEVER_AUTO,NONE,"Label ""Số quyết định"" matches NEVER_AUTO pattern.",,TEXT
BM-092,"agency.diaDanh","Địa danh",false,AGENCY,NEVER_AUTO,NONE,"Label ""Địa danh"" matches NEVER_AUTO pattern.",,TEXT
BM-092,"document.ngayBan","Ngày ban hành",false,MANUAL,SAFE_GENERIC_PREFILL,GENERIC_TEXT,"Path ""document.ngayBan"" is generic/common boilerplate safe for prefill.","01",TEXT
BM-093,"agency.vienKiem","Tên cơ quan",false,AGENCY,NEVER_AUTO,NONE,"Label ""Tên cơ quan"" matches NEVER_AUTO pattern.",,TEXT
BM-093,"document.soQuyet","Số quyết định",false,MANUAL,NEVER_AUTO,NONE,"Label ""Số quyết định"" matches NEVER_AUTO pattern.",,TEXT
BM-093,"agency.diaDanh","Địa danh",false,AGENCY,NEVER_AUTO,NONE,"Label ""Địa danh"" matches NEVER_AUTO pattern.",,TEXT
BM-093,"document.ngayBan","Ngày ban hành",false,MANUAL,SAFE_GENERIC_PREFILL,GENERIC_TEXT,"Path ""document.ngayBan"" is generic/common boilerplate safe for prefill.","01",TEXT
BM-094,"agency.vienKiem","Tên cơ quan",false,AGENCY,NEVER_AUTO,NONE,"Label ""Tên cơ quan"" matches NEVER_AUTO pattern.",,TEXT
BM-094,"document.soQuyet","Số quyết định",false,MANUAL,NEVER_AUTO,NONE,"Label ""Số quyết định"" matches NEVER_AUTO pattern.",,TEXT
BM-094,"agency.diaDanh","Địa danh",false,AGENCY,NEVER_AUTO,NONE,"Label ""Địa danh"" matches NEVER_AUTO pattern.",,TEXT
BM-094,"document.ngayBan","Ngày ban hành",false,MANUAL,SAFE_GENERIC_PREFILL,GENERIC_TEXT,"Path ""document.ngayBan"" is generic/common boilerplate safe for prefill.","01",TEXT
BM-094,"agency.dongDia","Dòng địa danh",false,AGENCY,NEVER_AUTO,NONE,"Label ""Dòng địa danh"" matches NEVER_AUTO pattern.",,TEXT
BM-095,"agency.vienKiem","Tên cơ quan",false,AGENCY,NEVER_AUTO,NONE,"Label ""Tên cơ quan"" matches NEVER_AUTO pattern.",,TEXT
BM-095,"document.soQuyet","Số quyết định",false,MANUAL,NEVER_AUTO,NONE,"Label ""Số quyết định"" matches NEVER_AUTO pattern.",,TEXT
BM-095,"agency.diaDanh","Địa danh",false,AGENCY,NEVER_AUTO,NONE,"Label ""Địa danh"" matches NEVER_AUTO pattern.",,TEXT
BM-095,"document.ngayBan","Ngày ban hành",false,MANUAL,SAFE_GENERIC_PREFILL,GENERIC_TEXT,"Path ""document.ngayBan"" is generic/common boilerplate safe for prefill.","01",TEXT
BM-096,"agency.vienKiem","Tên cơ quan",false,AGENCY,NEVER_AUTO,NONE,"Label ""Tên cơ quan"" matches NEVER_AUTO pattern.",,TEXT
BM-096,"document.soYeu","Số yêu cầu",false,MANUAL,NEVER_AUTO,NONE,"Label ""Số yêu cầu"" matches NEVER_AUTO pattern.",,TEXT
BM-096,"agency.diaDanh","Địa danh",false,AGENCY,NEVER_AUTO,NONE,"Label ""Địa danh"" matches NEVER_AUTO pattern.",,TEXT
BM-096,"document.ngayBan","Ngày ban hành",false,MANUAL,SAFE_GENERIC_PREFILL,GENERIC_TEXT,"Path ""document.ngayBan"" is generic/common boilerplate safe for prefill.","01",TEXT
BM-096,"recipients.personLine","Người bị áp dụng",false,MANUAL,NEVER_AUTO,NONE,"Label ""Người bị áp dụng"" matches NEVER_AUTO pattern.",,TEXT
BM-096,"agency.dongDia","Dòng địa danh",false,AGENCY,NEVER_AUTO,NONE,"Label ""Dòng địa danh"" matches NEVER_AUTO pattern.",,TEXT
BM-096,"document.chuThe","Chủ thể liên quan",false,MANUAL,NEVER_AUTO,NONE,"Label ""Chủ thể liên quan"" matches NEVER_AUTO pattern.",,TEXT
BM-096,"legalBasis.canCu","Căn cứ pháp lý",false,MANUAL,SAFE_GENERIC_PREFILL,GENERIC_TEXT,"Path ""legalBasis.canCu"" is generic/common boilerplate safe for prefill.",,TEXT
BM-096,"document.tenVu","Tên vụ án / vụ việc",false,MANUAL,NEVER_AUTO,NONE,"Label ""Tên vụ án / vụ việc"" matches NEVER_AUTO pattern.",,TEXT
BM-096,"person.toiDanh","Tội danh",false,MANUAL,NEVER_AUTO,NONE,"Label ""Tội danh"" matches NEVER_AUTO pattern.",,TEXT
BM-096,"person.hoTen","Họ tên",false,MANUAL,NEVER_AUTO,NONE,"Label ""Họ tên"" matches NEVER_AUTO pattern.",,TEXT
BM-096,"document.namSinh","Năm sinh",false,MANUAL,NEVER_AUTO,NONE,"Label ""Năm sinh"" matches NEVER_AUTO pattern.",,TEXT
BM-096,"person.idNumber","Số CCCD/CMND",false,MANUAL,NEVER_AUTO,NONE,"Label ""Số CCCD/CMND"" matches NEVER_AUTO pattern.",,TEXT
BM-096,"document.lyDo","Lý do",false,MANUAL,NEVER_AUTO,NONE,"Label ""Lý do"" matches NEVER_AUTO pattern.",,TEXT
BM-096,"recipients.luuHo","Lưu hồ sơ",false,MANUAL,NEVER_AUTO,NONE,"Label ""Lưu hồ sơ"" matches NEVER_AUTO pattern.",,TEXT
BM-096,"signature.cheDo","Nơi thường trú",false,MANUAL,SAFE_GENERIC_PREFILL,GENERIC_TEXT,"Path ""signature.cheDo"" is generic/common boilerplate safe for prefill.",,TEXT
BM-096,"signature.chucVu","Nơi thường trú (tiếp)",false,MANUAL,SAFE_GENERIC_PREFILL,GENERIC_TEXT,"Path ""signature.chucVu"" is generic/common boilerplate safe for prefill.",,TEXT
BM-096,"signature.nguoiKy","Nơi tạm trú",false,MANUAL,SAFE_GENERIC_PREFILL,GENERIC_TEXT,"Path ""signature.nguoiKy"" is generic/common boilerplate safe for prefill.",,TEXT
BM-097,"agency.parentName","Cơ quan cấp trên",true,AGENCY,NEVER_AUTO,NONE,"Label ""Cơ quan cấp trên"" matches NEVER_AUTO pattern.",,TEXT
BM-097,"agency.name","Viện kiểm sát ban hành",true,AGENCY,NEVER_AUTO,NONE,"Label ""Viện kiểm sát ban hành"" matches NEVER_AUTO pattern.",,TEXT
BM-097,"document.fullDocumentCode","Số quyết định truy tố",true,MANUAL,NEVER_AUTO,NONE,"Label ""Số quyết định truy tố"" matches NEVER_AUTO pattern.",,TEXT
BM-097,"document.issuePlaceDateLine","Địa danh, ngày ban hành",true,SYSTEM,SAFE_RUNTIME_DEFAULT,DOCUMENT_PLACE_DATE,"SYSTEM/CURRENT_DATE field. Label ""Địa danh, ngày ban hành"" matches safe document place/date pattern.","TP. Hồ Chí Minh, ngày 01 tháng 01 năm 2026",TEXT
BM-097,"official.issuerTitle","Chủ thể ban hành",true,MANUAL,NEVER_AUTO,NONE,"Label ""Chủ thể ban hành"" matches NEVER_AUTO pattern.",,TEXT
BM-097,"legalBasis.procedureArticlesLine","Căn cứ Bộ luật Tố tụng hình sự",true,OFFICIAL,NEVER_AUTO,NONE,"Label ""Căn cứ Bộ luật Tố tụng hình sự"" matches NEVER_AUTO pattern.",,TEXTAREA
BM-097,"legalBasis.juvenileJusticeLine","Căn cứ Luật xử lý vi phạm hành chính",false,MANUAL,SAFE_GENERIC_PREFILL,GENERIC_TEXT,"Path ""legalBasis.juvenileJusticeLine"" is generic/common boilerplate safe for prefill.",,TEXTAREA
BM-097,"caseDecision.legalBasisLine","Căn cứ quyết định vụ án",true,OFFICIAL,NEVER_AUTO,NONE,"Label ""Căn cứ quyết định vụ án"" matches NEVER_AUTO pattern.",,TEXTAREA
BM-097,"accusedDecision.sufficientGroundsLine","Căn cứ đủ điều kiện đề nghị truy tố",true,MANUAL,SAFE_GENERIC_PREFILL,GENERIC_TEXT,"Path ""accusedDecision.sufficientGroundsLine"" is generic/common boilerplate safe for prefill.",,TEXTAREA
BM-097,"person.fullName","Họ và tên",true,MANUAL,NEVER_AUTO,NONE,"Label ""Họ và tên"" matches NEVER_AUTO pattern.",,TEXT
BM-097,"person.genderLabel","Giới tính",true,MANUAL,NEVER_AUTO,NONE,"Label ""Giới tính"" matches NEVER_AUTO pattern.",,SELECT
BM-097,"person.otherName","Tên gọi khác",false,MANUAL,NEVER_AUTO,NONE,"Label ""Tên gọi khác"" matches NEVER_AUTO pattern.",,TEXT
BM-097,"person.birthInfoLine","Sinh ngày",true,MANUAL,NEVER_AUTO,NONE,"Path ""person.birthInfoLine"" starts with NEVER_AUTO path prefix.",,TEXT
BM-097,"person.nationality","Quốc tịch",true,MANUAL,NEVER_AUTO,NONE,"Label ""Quốc tịch"" matches NEVER_AUTO pattern.",,TEXT
BM-097,"person.ethnicity","Dân tộc",true,MANUAL,NEVER_AUTO,NONE,"Label ""Dân tộc"" matches NEVER_AUTO pattern.",,TEXT
BM-097,"person.religion","Tôn giáo",false,MANUAL,NEVER_AUTO,NONE,"Label ""Tôn giáo"" matches NEVER_AUTO pattern.",,TEXT
BM-097,"person.occupation","Nghề nghiệp",true,MANUAL,NEVER_AUTO,NONE,"Label ""Nghề nghiệp"" matches NEVER_AUTO pattern.",,TEXT
BM-097,"person.identityDocumentLine","Số CMND/CCCD",true,MANUAL,NEVER_AUTO,NONE,"Label ""Số CMND/CCCD"" matches NEVER_AUTO pattern.",,TEXT
BM-097,"person.permanentAddress","Nơi thường trú",true,MANUAL,NEVER_AUTO,NONE,"Label ""Nơi thường trú"" matches NEVER_AUTO pattern.",,TEXTAREA
BM-097,"person.temporaryAddress","Nơi tạm trú",false,MANUAL,NEVER_AUTO,NONE,"Label ""Nơi tạm trú"" matches NEVER_AUTO pattern.",,TEXTAREA
BM-097,"person.currentAddress","Nơi ở hiện tại",true,MANUAL,NEVER_AUTO,NONE,"Label ""Nơi ở hiện tại"" matches NEVER_AUTO pattern.",,TEXTAREA
BM-097,"person.criminalRecordLine","Tiền án, tiền sự",false,MANUAL,NEVER_AUTO,NONE,"Label ""Tiền án, tiền sự"" matches NEVER_AUTO pattern.",,TEXT
BM-097,"offense.actDescriptionLine","Mô tả hành vi phạm tội",true,MANUAL,NEVER_AUTO,NONE,"Path ""offense.actDescriptionLine"" starts with NEVER_AUTO path prefix.",,TEXTAREA
BM-097,"accusedDecision.article1Line","Điều 1 - Quyết định truy tố",true,MANUAL,NEVER_AUTO,NONE,"Label ""Điều 1 - Quyết định truy tố"" matches NEVER_AUTO pattern.",,TEXTAREA
BM-097,"accusedDecision.article2Line","Điều 2 - Giao hồ sơ",true,MANUAL,NEVER_AUTO,NONE,"Label ""Điều 2 - Giao hồ sơ"" matches NEVER_AUTO pattern.",,TEXTAREA
BM-097,"recipients.personLine","Nơi nhận - Bị can",true,MANUAL,SAFE_GENERIC_PREFILL,GENERIC_TEXT,"Path ""recipients.personLine"" is generic/common boilerplate safe for prefill.",,TEXT
BM-097,"recipients.investigationUnitLine","Nơi nhận - Cơ quan điều tra",true,MANUAL,SAFE_GENERIC_PREFILL,GENERIC_TEXT,"Path ""recipients.investigationUnitLine"" is generic/common boilerplate safe for prefill.",,TEXT
BM-097,"recipients.archiveLine","Lưu hồ sơ",true,MANUAL,SAFE_GENERIC_PREFILL,GENERIC_TEXT,"Path ""recipients.archiveLine"" is generic/common boilerplate safe for prefill.",,TEXT
BM-097,"recipients.noteLine","Ghi chú",false,MANUAL,NEVER_AUTO,NONE,"Label ""Ghi chú"" matches NEVER_AUTO pattern.",,TEXT
BM-097,"signature.signMode","Chế độ ký",true,OFFICIAL,NEVER_AUTO,NONE,"Label ""Chế độ ký"" matches NEVER_AUTO pattern.",,TEXT
BM-097,"signature.positionTitle","Chức vụ người ký",true,OFFICIAL,NEVER_AUTO,NONE,"Label ""Chức vụ người ký"" matches NEVER_AUTO pattern.",,TEXT
BM-097,"signature.signerName","Người ký",true,OFFICIAL,NEVER_AUTO,NONE,"Label ""Người ký"" matches NEVER_AUTO pattern.",,TEXT
BM-098,"agency.vienKiem","Tên cơ quan",false,AGENCY,NEVER_AUTO,NONE,"Label ""Tên cơ quan"" matches NEVER_AUTO pattern.",,TEXT
BM-098,"document.soYeu","Số yêu cầu",false,MANUAL,NEVER_AUTO,NONE,"Label ""Số yêu cầu"" matches NEVER_AUTO pattern.",,TEXT
BM-098,"agency.diaDanh","Địa danh",false,AGENCY,NEVER_AUTO,NONE,"Label ""Địa danh"" matches NEVER_AUTO pattern.",,TEXT
BM-099,"agency.vienKiem","Tên cơ quan",false,AGENCY,NEVER_AUTO,NONE,"Label ""Tên cơ quan"" matches NEVER_AUTO pattern.",,TEXT
BM-099,"document.soQuyet","Số quyết định",false,MANUAL,NEVER_AUTO,NONE,"Label ""Số quyết định"" matches NEVER_AUTO pattern.",,TEXT
BM-100,"agency.vienKiem","Tên cơ quan",false,AGENCY,NEVER_AUTO,NONE,"Label ""Tên cơ quan"" matches NEVER_AUTO pattern.",,TEXT
BM-100,"document.soYeu","Số yêu cầu",false,MANUAL,NEVER_AUTO,NONE,"Label ""Số yêu cầu"" matches NEVER_AUTO pattern.",,TEXT
BM-100,"agency.diaDanh","Địa danh",false,AGENCY,NEVER_AUTO,NONE,"Label ""Địa danh"" matches NEVER_AUTO pattern.",,TEXT
BM-101,"agency.vienKiem","Tên cơ quan",false,AGENCY,NEVER_AUTO,NONE,"Label ""Tên cơ quan"" matches NEVER_AUTO pattern.",,TEXT
BM-101,"document.soQuyet","Số quyết định",false,MANUAL,NEVER_AUTO,NONE,"Label ""Số quyết định"" matches NEVER_AUTO pattern.",,TEXT
BM-101,"agency.diaDanh","Địa danh",false,AGENCY,NEVER_AUTO,NONE,"Label ""Địa danh"" matches NEVER_AUTO pattern.",,TEXT
BM-101,"document.ngayBan","Ngày ban hành",false,MANUAL,SAFE_GENERIC_PREFILL,GENERIC_TEXT,"Path ""document.ngayBan"" is generic/common boilerplate safe for prefill.","01",TEXT
BM-101,"agency.dongDia","Dòng địa danh",false,AGENCY,NEVER_AUTO,NONE,"Label ""Dòng địa danh"" matches NEVER_AUTO pattern.",,TEXT
BM-102,"agency.vienKiem","Tên cơ quan",false,AGENCY,NEVER_AUTO,NONE,"Label ""Tên cơ quan"" matches NEVER_AUTO pattern.",,TEXT
BM-102,"document.soQuyet","Số quyết định",false,MANUAL,NEVER_AUTO,NONE,"Label ""Số quyết định"" matches NEVER_AUTO pattern.",,TEXT
BM-102,"agency.diaDanh","Địa danh",false,AGENCY,NEVER_AUTO,NONE,"Label ""Địa danh"" matches NEVER_AUTO pattern.",,TEXT
BM-102,"document.ngayBan","Ngày ban hành",false,MANUAL,SAFE_GENERIC_PREFILL,GENERIC_TEXT,"Path ""document.ngayBan"" is generic/common boilerplate safe for prefill.","01",TEXT
BM-102,"agency.dongDia","Dòng địa danh",false,AGENCY,NEVER_AUTO,NONE,"Label ""Dòng địa danh"" matches NEVER_AUTO pattern.",,TEXT
BM-103,"agency.parentName","Cơ quan cấp trên",true,AGENCY,NEVER_AUTO,NONE,"Label ""Cơ quan cấp trên"" matches NEVER_AUTO pattern.",,TEXT
BM-103,"agency.name","Viện kiểm sát ban hành",true,AGENCY,NEVER_AUTO,NONE,"Label ""Viện kiểm sát ban hành"" matches NEVER_AUTO pattern.",,TEXT
BM-103,"document.documentCode","Số quyết định",true,MANUAL,NEVER_AUTO,NONE,"Label ""Số quyết định"" matches NEVER_AUTO pattern.",,TEXT
BM-103,"document.issuePlaceAndDateLine","Địa danh, ngày ban hành",true,SYSTEM,SAFE_RUNTIME_DEFAULT,DOCUMENT_PLACE_DATE,"SYSTEM/CURRENT_DATE field. Label ""Địa danh, ngày ban hành"" matches safe document place/date pattern.","TP. Hồ Chí Minh, ngày 01 tháng 01 năm 2026",TEXT
BM-103,"recipients.superiorProcuracyName","Tên Viện kiểm sát cấp trên",true,MANUAL,NEVER_AUTO,NONE,"Label ""Tên Viện kiểm sát cấp trên"" matches NEVER_AUTO pattern.",,TEXT
BM-103,"legalBasis.procedureArticlesLine","Căn cứ Bộ luật Tố tụng hình sự",true,OFFICIAL,NEVER_AUTO,NONE,"Label ""Căn cứ Bộ luật Tố tụng hình sự"" matches NEVER_AUTO pattern.",,TEXTAREA
BM-103,"caseDecision.prosecutionDecisionLegalBasisLine","Căn cứ quyết định truy tố",true,MANUAL,SAFE_GENERIC_PREFILL,GENERIC_TEXT,"Path ""caseDecision.prosecutionDecisionLegalBasisLine"" is generic/common boilerplate safe for prefill.",,TEXTAREA
BM-103,"investigationExtension.previousDecisionLegalBasisLine","Căn cứ quyết định gia hạn trước",true,MANUAL,SAFE_GENERIC_PREFILL,GENERIC_TEXT,"Path ""investigationExtension.previousDecisionLegalBasisLine"" is generic/common boilerplate safe for prefill.",,TEXTAREA
BM-103,"proposal.requestingDocumentLine","Đề nghị tại văn bản",true,MANUAL,NEVER_AUTO,NONE,"Label ""Đề nghị tại văn bản"" matches NEVER_AUTO pattern.",,TEXTAREA
BM-103,"proposal.proposingProcuracyName","Tên Viện kiểm sát đề nghị",true,MANUAL,NEVER_AUTO,NONE,"Label ""Tên Viện kiểm sát đề nghị"" matches NEVER_AUTO pattern.",,TEXT
BM-103,"investigationExtension.requestRoundText","Lần đề nghị gia hạn",true,MANUAL,REVIEW_REQUIRED,NONE,"Label ""Lần đề nghị gia hạn"" is ambiguous — requires manual classification before auto-fill.",,TEXT
BM-103,"caseDecision.prosecutionDecisionSummaryLine","Tóm tắt quyết định truy tố",true,MANUAL,NEVER_AUTO,NONE,"Label ""Tóm tắt quyết định truy tố"" matches NEVER_AUTO pattern.",,TEXTAREA
BM-103,"investigationExtension.durationText","Thời hạn gia hạn",true,MANUAL,REVIEW_REQUIRED,NONE,"Label ""Thời hạn gia hạn"" is ambiguous — requires manual classification before auto-fill.",,TEXT
BM-103,"investigationExtension.fromDateText","Từ ngày",true,SYSTEM,NEVER_AUTO,NONE,"Label ""Từ ngày"" matches NEVER_AUTO pattern.",,TEXT
BM-103,"investigationExtension.toDateText","Đến ngày",true,SYSTEM,NEVER_AUTO,NONE,"Label ""Đến ngày"" matches NEVER_AUTO pattern.",,TEXT
BM-103,"recipients.superiorProcuracyLine","Nơi nhận - VKS cấp trên",true,MANUAL,SAFE_GENERIC_PREFILL,GENERIC_TEXT,"Path ""recipients.superiorProcuracyLine"" is generic/common boilerplate safe for prefill.",,TEXT
BM-103,"recipients.investigatingAgencyLine","Nơi nhận - CQĐT",true,MANUAL,SAFE_GENERIC_PREFILL,GENERIC_TEXT,"Path ""recipients.investigatingAgencyLine"" is generic/common boilerplate safe for prefill.",,TEXT
BM-103,"recipients.archiveLine","Lưu hồ sơ",true,MANUAL,SAFE_GENERIC_PREFILL,GENERIC_TEXT,"Path ""recipients.archiveLine"" is generic/common boilerplate safe for prefill.",,TEXT
BM-103,"signature.signMode","Chế độ ký",true,OFFICIAL,NEVER_AUTO,NONE,"Label ""Chế độ ký"" matches NEVER_AUTO pattern.",,TEXT
BM-103,"signature.positionTitle","Chức vụ người ký",true,OFFICIAL,NEVER_AUTO,NONE,"Label ""Chức vụ người ký"" matches NEVER_AUTO pattern.",,TEXT
BM-103,"signature.signerName","Người ký",true,OFFICIAL,NEVER_AUTO,NONE,"Label ""Người ký"" matches NEVER_AUTO pattern.",,TEXT
BM-104,"agency.parentName","Cơ quan cấp trên",true,AGENCY,NEVER_AUTO,NONE,"Label ""Cơ quan cấp trên"" matches NEVER_AUTO pattern.",,TEXT
BM-104,"agency.name","Viện kiểm sát ban hành",true,AGENCY,NEVER_AUTO,NONE,"Label ""Viện kiểm sát ban hành"" matches NEVER_AUTO pattern.",,TEXT
BM-104,"document.documentCode","Số quyết định",true,MANUAL,NEVER_AUTO,NONE,"Label ""Số quyết định"" matches NEVER_AUTO pattern.",,TEXT
BM-104,"document.issuePlaceAndDateLine","Địa danh, ngày ban hành",true,SYSTEM,SAFE_RUNTIME_DEFAULT,DOCUMENT_PLACE_DATE,"SYSTEM/CURRENT_DATE field. Label ""Địa danh, ngày ban hành"" matches safe document place/date pattern.","TP. Hồ Chí Minh, ngày 01 tháng 01 năm 2026",TEXT
BM-104,"investigationExtension.requestRoundText","Lần đề nghị thu hồi",true,MANUAL,REVIEW_REQUIRED,NONE,"Label ""Lần đề nghị thu hồi"" is ambiguous — requires manual classification before auto-fill.",,TEXT
BM-104,"official.issuerTitle","Chủ thể ban hành",true,MANUAL,NEVER_AUTO,NONE,"Label ""Chủ thể ban hành"" matches NEVER_AUTO pattern.",,TEXT
BM-104,"legalBasis.procedureArticlesLine","Căn cứ Bộ luật Tố tụng hình sự",true,OFFICIAL,NEVER_AUTO,NONE,"Label ""Căn cứ Bộ luật Tố tụng hình sự"" matches NEVER_AUTO pattern.",,TEXTAREA
BM-104,"caseDecision.prosecutionDecisionLegalBasisLine","Căn cứ quyết định truy tố",true,MANUAL,SAFE_GENERIC_PREFILL,GENERIC_TEXT,"Path ""caseDecision.prosecutionDecisionLegalBasisLine"" is generic/common boilerplate safe for prefill.",,TEXTAREA
BM-104,"investigationRecovery.legalBasisLine","Căn cứ thu hồi điều tra",true,OFFICIAL,NEVER_AUTO,NONE,"Label ""Căn cứ thu hồi điều tra"" matches NEVER_AUTO pattern.",,TEXTAREA
BM-104,"proposal.requestingDocumentLine","Đề nghị tại văn bản",true,MANUAL,NEVER_AUTO,NONE,"Label ""Đề nghị tại văn bản"" matches NEVER_AUTO pattern.",,TEXTAREA
BM-104,"investigationExtension.reasonLine","Lý do thu hồi",true,MANUAL,REVIEW_REQUIRED,NONE,"Label ""Lý do thu hồi"" is ambiguous — requires manual classification before auto-fill.",,TEXTAREA
BM-104,"investigationExtension.decisionArticle1Line","Điều 1 - Thu hồi điều tra",true,MANUAL,REVIEW_REQUIRED,NONE,"Label ""Điều 1 - Thu hồi điều tra"" is ambiguous — requires manual classification before auto-fill.",,TEXTAREA
BM-104,"investigationExtension.decisionArticle2Line","Điều 2 - Thời hạn",true,MANUAL,REVIEW_REQUIRED,NONE,"Label ""Điều 2 - Thời hạn"" is ambiguous — requires manual classification before auto-fill.",,TEXTAREA
BM-104,"recipients.investigatingAgencyLine","Nơi nhận - CQĐT",true,MANUAL,SAFE_GENERIC_PREFILL,GENERIC_TEXT,"Path ""recipients.investigatingAgencyLine"" is generic/common boilerplate safe for prefill.",,TEXT
BM-104,"recipients.archiveLine","Lưu hồ sơ",true,MANUAL,SAFE_GENERIC_PREFILL,GENERIC_TEXT,"Path ""recipients.archiveLine"" is generic/common boilerplate safe for prefill.",,TEXT
BM-104,"signature.signMode","Chế độ ký",true,OFFICIAL,NEVER_AUTO,NONE,"Label ""Chế độ ký"" matches NEVER_AUTO pattern.",,TEXT
BM-104,"signature.positionTitle","Chức vụ người ký",true,OFFICIAL,NEVER_AUTO,NONE,"Label ""Chức vụ người ký"" matches NEVER_AUTO pattern.",,TEXT
BM-104,"signature.signerName","Người ký",true,OFFICIAL,NEVER_AUTO,NONE,"Label ""Người ký"" matches NEVER_AUTO pattern.",,TEXT
BM-105,"agency.vienKiem","Tên cơ quan",false,AGENCY,NEVER_AUTO,NONE,"Label ""Tên cơ quan"" matches NEVER_AUTO pattern.",,TEXT
BM-105,"document.soQuyet","Số quyết định",false,MANUAL,NEVER_AUTO,NONE,"Label ""Số quyết định"" matches NEVER_AUTO pattern.",,TEXT
BM-105,"agency.diaDanh","Địa danh",false,AGENCY,NEVER_AUTO,NONE,"Label ""Địa danh"" matches NEVER_AUTO pattern.",,TEXT
BM-105,"document.ngayBan","Ngày ban hành",false,MANUAL,SAFE_GENERIC_PREFILL,GENERIC_TEXT,"Path ""document.ngayBan"" is generic/common boilerplate safe for prefill.","01",TEXT
BM-106,"agency.vienKiem","Tên cơ quan",false,AGENCY,NEVER_AUTO,NONE,"Label ""Tên cơ quan"" matches NEVER_AUTO pattern.",,TEXT
BM-106,"recipients.personLine","Người bị áp dụng",false,MANUAL,NEVER_AUTO,NONE,"Label ""Người bị áp dụng"" matches NEVER_AUTO pattern.",,TEXT
BM-106,"document.soQuyet","Số quyết định",false,MANUAL,NEVER_AUTO,NONE,"Label ""Số quyết định"" matches NEVER_AUTO pattern.",,TEXT
BM-106,"agency.diaDanh","Địa danh",false,AGENCY,NEVER_AUTO,NONE,"Label ""Địa danh"" matches NEVER_AUTO pattern.",,TEXT
BM-106,"document.ngayBan","Ngày ban hành",false,MANUAL,SAFE_GENERIC_PREFILL,GENERIC_TEXT,"Path ""document.ngayBan"" is generic/common boilerplate safe for prefill.","01",TEXT
BM-106,"agency.dongDia","Dòng địa danh",false,AGENCY,NEVER_AUTO,NONE,"Label ""Dòng địa danh"" matches NEVER_AUTO pattern.",,TEXT
BM-106,"document.chuThe","Chủ thể liên quan",false,MANUAL,NEVER_AUTO,NONE,"Label ""Chủ thể liên quan"" matches NEVER_AUTO pattern.",,TEXT
BM-106,"document.tenVu","Tên vụ án / vụ việc",false,MANUAL,NEVER_AUTO,NONE,"Label ""Tên vụ án / vụ việc"" matches NEVER_AUTO pattern.",,TEXT
BM-106,"person.toiDanh","Tội danh",false,MANUAL,NEVER_AUTO,NONE,"Label ""Tội danh"" matches NEVER_AUTO pattern.",,TEXT
BM-106,"document.thoiHan","Thời hạn",false,MANUAL,REVIEW_REQUIRED,NONE,"Label ""Thời hạn"" is ambiguous — requires manual classification before auto-fill.",,TEXT
BM-106,"document.lyDo","Lý do",false,MANUAL,NEVER_AUTO,NONE,"Label ""Lý do"" matches NEVER_AUTO pattern.",,TEXT
BM-107,"agency.vienKiem","Tên cơ quan",false,AGENCY,NEVER_AUTO,NONE,"Label ""Tên cơ quan"" matches NEVER_AUTO pattern.",,TEXT
BM-107,"document.soQuyet","Số quyết định",false,MANUAL,NEVER_AUTO,NONE,"Label ""Số quyết định"" matches NEVER_AUTO pattern.",,TEXT
BM-107,"agency.diaDanh","Địa danh",false,AGENCY,NEVER_AUTO,NONE,"Label ""Địa danh"" matches NEVER_AUTO pattern.",,TEXT
BM-108,"agency.vienKiem","Tên cơ quan",false,AGENCY,NEVER_AUTO,NONE,"Label ""Tên cơ quan"" matches NEVER_AUTO pattern.",,TEXT
BM-108,"document.soQuyet","Số quyết định",false,MANUAL,NEVER_AUTO,NONE,"Label ""Số quyết định"" matches NEVER_AUTO pattern.",,TEXT
BM-108,"agency.diaDanh","Địa danh",false,AGENCY,NEVER_AUTO,NONE,"Label ""Địa danh"" matches NEVER_AUTO pattern.",,TEXT
BM-108,"document.ngayBan","Ngày ban hành",false,MANUAL,SAFE_GENERIC_PREFILL,GENERIC_TEXT,"Path ""document.ngayBan"" is generic/common boilerplate safe for prefill.","01",TEXT
BM-108,"agency.dongDia","Dòng địa danh",false,AGENCY,NEVER_AUTO,NONE,"Label ""Dòng địa danh"" matches NEVER_AUTO pattern.",,TEXT
BM-109,"agency.vienKiem","Tên cơ quan",false,AGENCY,NEVER_AUTO,NONE,"Label ""Tên cơ quan"" matches NEVER_AUTO pattern.",,TEXT
BM-109,"document.soQuyet","Số quyết định",false,MANUAL,NEVER_AUTO,NONE,"Label ""Số quyết định"" matches NEVER_AUTO pattern.",,TEXT
BM-109,"agency.diaDanh","Địa danh",false,AGENCY,NEVER_AUTO,NONE,"Label ""Địa danh"" matches NEVER_AUTO pattern.",,TEXT
BM-109,"document.ngayBan","Ngày ban hành",false,MANUAL,SAFE_GENERIC_PREFILL,GENERIC_TEXT,"Path ""document.ngayBan"" is generic/common boilerplate safe for prefill.","01",TEXT
BM-109,"agency.dongDia","Dòng địa danh",false,AGENCY,NEVER_AUTO,NONE,"Label ""Dòng địa danh"" matches NEVER_AUTO pattern.",,TEXT
BM-110,"agency.vienKiem","Tên cơ quan",false,AGENCY,NEVER_AUTO,NONE,"Label ""Tên cơ quan"" matches NEVER_AUTO pattern.",,TEXT
BM-110,"document.soQuyet","Số quyết định",false,MANUAL,NEVER_AUTO,NONE,"Label ""Số quyết định"" matches NEVER_AUTO pattern.",,TEXT
BM-110,"agency.diaDanh","Địa danh",false,AGENCY,NEVER_AUTO,NONE,"Label ""Địa danh"" matches NEVER_AUTO pattern.",,TEXT
BM-111,"agency.vienKiem","Tên cơ quan",false,AGENCY,NEVER_AUTO,NONE,"Label ""Tên cơ quan"" matches NEVER_AUTO pattern.",,TEXT
BM-111,"document.soQuyet","Số quyết định",false,MANUAL,NEVER_AUTO,NONE,"Label ""Số quyết định"" matches NEVER_AUTO pattern.",,TEXT
BM-111,"agency.diaDanh","Địa danh",false,AGENCY,NEVER_AUTO,NONE,"Label ""Địa danh"" matches NEVER_AUTO pattern.",,TEXT
BM-111,"document.ngayBan","Ngày ban hành",false,MANUAL,SAFE_GENERIC_PREFILL,GENERIC_TEXT,"Path ""document.ngayBan"" is generic/common boilerplate safe for prefill.","01",TEXT
BM-112,"agency.vienKiem","Tên cơ quan",false,AGENCY,NEVER_AUTO,NONE,"Label ""Tên cơ quan"" matches NEVER_AUTO pattern.",,TEXT
BM-112,"document.soQuyet","Số quyết định",false,MANUAL,NEVER_AUTO,NONE,"Label ""Số quyết định"" matches NEVER_AUTO pattern.",,TEXT
BM-112,"agency.diaDanh","Địa danh",false,AGENCY,NEVER_AUTO,NONE,"Label ""Địa danh"" matches NEVER_AUTO pattern.",,TEXT
BM-112,"document.ngayBan","Ngày ban hành",false,MANUAL,SAFE_GENERIC_PREFILL,GENERIC_TEXT,"Path ""document.ngayBan"" is generic/common boilerplate safe for prefill.","01",TEXT
BM-112,"agency.dongDia","Dòng địa danh",false,AGENCY,NEVER_AUTO,NONE,"Label ""Dòng địa danh"" matches NEVER_AUTO pattern.",,TEXT
BM-113,"agency.vienKiem","Tên cơ quan",false,AGENCY,NEVER_AUTO,NONE,"Label ""Tên cơ quan"" matches NEVER_AUTO pattern.",,TEXT
BM-113,"document.soQuyet","Số quyết định",false,MANUAL,NEVER_AUTO,NONE,"Label ""Số quyết định"" matches NEVER_AUTO pattern.",,TEXT
BM-113,"agency.diaDanh","Địa danh",false,AGENCY,NEVER_AUTO,NONE,"Label ""Địa danh"" matches NEVER_AUTO pattern.",,TEXT
BM-113,"document.ngayBan","Ngày ban hành",false,MANUAL,SAFE_GENERIC_PREFILL,GENERIC_TEXT,"Path ""document.ngayBan"" is generic/common boilerplate safe for prefill.","01",TEXT
BM-113,"agency.dongDia","Dòng địa danh",false,AGENCY,NEVER_AUTO,NONE,"Label ""Dòng địa danh"" matches NEVER_AUTO pattern.",,TEXT
BM-114,"agency.vienKiem","Tên cơ quan",false,AGENCY,NEVER_AUTO,NONE,"Label ""Tên cơ quan"" matches NEVER_AUTO pattern.",,TEXT
BM-114,"document.soQuyet","Số quyết định",false,MANUAL,NEVER_AUTO,NONE,"Label ""Số quyết định"" matches NEVER_AUTO pattern.",,TEXT
BM-114,"agency.diaDanh","Địa danh",false,AGENCY,NEVER_AUTO,NONE,"Label ""Địa danh"" matches NEVER_AUTO pattern.",,TEXT
BM-114,"document.ngayBan","Ngày ban hành",false,MANUAL,SAFE_GENERIC_PREFILL,GENERIC_TEXT,"Path ""document.ngayBan"" is generic/common boilerplate safe for prefill.","01",TEXT
BM-114,"agency.dongDia","Dòng địa danh",false,AGENCY,NEVER_AUTO,NONE,"Label ""Dòng địa danh"" matches NEVER_AUTO pattern.",,TEXT
BM-114,"document.chuThe","Chủ thể liên quan",false,MANUAL,NEVER_AUTO,NONE,"Label ""Chủ thể liên quan"" matches NEVER_AUTO pattern.",,TEXT
BM-115,"agency.vienKiem","Tên cơ quan",false,AGENCY,NEVER_AUTO,NONE,"Label ""Tên cơ quan"" matches NEVER_AUTO pattern.",,TEXT
BM-115,"document.soQuyet","Số quyết định",false,MANUAL,NEVER_AUTO,NONE,"Label ""Số quyết định"" matches NEVER_AUTO pattern.",,TEXT
BM-115,"agency.diaDanh","Địa danh",false,AGENCY,NEVER_AUTO,NONE,"Label ""Địa danh"" matches NEVER_AUTO pattern.",,TEXT
BM-115,"document.ngayBan","Ngày ban hành",false,MANUAL,SAFE_GENERIC_PREFILL,GENERIC_TEXT,"Path ""document.ngayBan"" is generic/common boilerplate safe for prefill.","01",TEXT
BM-115,"agency.dongDia","Dòng địa danh",false,AGENCY,NEVER_AUTO,NONE,"Label ""Dòng địa danh"" matches NEVER_AUTO pattern.",,TEXT
BM-115,"document.chuThe","Chủ thể liên quan",false,MANUAL,NEVER_AUTO,NONE,"Label ""Chủ thể liên quan"" matches NEVER_AUTO pattern.",,TEXT
BM-116,"agency.vienKiem","Tên cơ quan",false,AGENCY,NEVER_AUTO,NONE,"Label ""Tên cơ quan"" matches NEVER_AUTO pattern.",,TEXT
BM-116,"document.soQuyet","Số quyết định",false,MANUAL,NEVER_AUTO,NONE,"Label ""Số quyết định"" matches NEVER_AUTO pattern.",,TEXT
BM-116,"agency.diaDanh","Địa danh",false,AGENCY,NEVER_AUTO,NONE,"Label ""Địa danh"" matches NEVER_AUTO pattern.",,TEXT
BM-116,"document.ngayBan","Ngày ban hành",false,MANUAL,SAFE_GENERIC_PREFILL,GENERIC_TEXT,"Path ""document.ngayBan"" is generic/common boilerplate safe for prefill.","01",TEXT
BM-117,"agency.vienKiem","Tên cơ quan",false,AGENCY,NEVER_AUTO,NONE,"Label ""Tên cơ quan"" matches NEVER_AUTO pattern.",,TEXT
BM-117,"document.soQuyet","Số quyết định",false,MANUAL,NEVER_AUTO,NONE,"Label ""Số quyết định"" matches NEVER_AUTO pattern.",,TEXT
BM-117,"agency.diaDanh","Địa danh",false,AGENCY,NEVER_AUTO,NONE,"Label ""Địa danh"" matches NEVER_AUTO pattern.",,TEXT
BM-117,"recipients.personLine","Người bị áp dụng",false,MANUAL,NEVER_AUTO,NONE,"Label ""Người bị áp dụng"" matches NEVER_AUTO pattern.",,TEXT
BM-117,"document.ngayBan","Ngày ban hành",false,MANUAL,SAFE_GENERIC_PREFILL,GENERIC_TEXT,"Path ""document.ngayBan"" is generic/common boilerplate safe for prefill.","01",TEXT
BM-117,"agency.dongDia","Dòng địa danh",false,AGENCY,NEVER_AUTO,NONE,"Label ""Dòng địa danh"" matches NEVER_AUTO pattern.",,TEXT
BM-117,"document.chuThe","Chủ thể liên quan",false,MANUAL,NEVER_AUTO,NONE,"Label ""Chủ thể liên quan"" matches NEVER_AUTO pattern.",,TEXT
BM-117,"document.tenVu","Tên vụ án / vụ việc",false,MANUAL,NEVER_AUTO,NONE,"Label ""Tên vụ án / vụ việc"" matches NEVER_AUTO pattern.",,TEXT
BM-117,"person.toiDanh","Tội danh",false,MANUAL,NEVER_AUTO,NONE,"Label ""Tội danh"" matches NEVER_AUTO pattern.",,TEXT
BM-117,"document.soQd","Số quyết định",false,MANUAL,NEVER_AUTO,NONE,"Label ""Số quyết định"" matches NEVER_AUTO pattern.",,TEXT
BM-117,"document.ngayQd","Ngày quyết định",false,MANUAL,REVIEW_REQUIRED,NONE,"Label ""Ngày quyết định"" is ambiguous — requires manual classification before auto-fill.",,TEXT
BM-117,"document.donVi","Đơn vị",false,MANUAL,NEVER_AUTO,NONE,"Label ""Đơn vị"" matches NEVER_AUTO pattern.",,TEXT
BM-118,"agency.vienKiem","Tên cơ quan",false,AGENCY,NEVER_AUTO,NONE,"Label ""Tên cơ quan"" matches NEVER_AUTO pattern.",,TEXT
BM-118,"document.soQuyet","Số quyết định",false,MANUAL,NEVER_AUTO,NONE,"Label ""Số quyết định"" matches NEVER_AUTO pattern.",,TEXT
BM-118,"agency.diaDanh","Địa danh",false,AGENCY,NEVER_AUTO,NONE,"Label ""Địa danh"" matches NEVER_AUTO pattern.",,TEXT
BM-118,"recipients.personLine","Người bị áp dụng",false,MANUAL,NEVER_AUTO,NONE,"Label ""Người bị áp dụng"" matches NEVER_AUTO pattern.",,TEXT
BM-118,"document.ngayBan","Ngày ban hành",false,MANUAL,SAFE_GENERIC_PREFILL,GENERIC_TEXT,"Path ""document.ngayBan"" is generic/common boilerplate safe for prefill.","01",TEXT
BM-118,"agency.dongDia","Dòng địa danh",false,AGENCY,NEVER_AUTO,NONE,"Label ""Dòng địa danh"" matches NEVER_AUTO pattern.",,TEXT
BM-118,"document.chuThe","Chủ thể liên quan",false,MANUAL,NEVER_AUTO,NONE,"Label ""Chủ thể liên quan"" matches NEVER_AUTO pattern.",,TEXT
BM-118,"document.tenVu","Tên vụ án / vụ việc",false,MANUAL,NEVER_AUTO,NONE,"Label ""Tên vụ án / vụ việc"" matches NEVER_AUTO pattern.",,TEXT
BM-118,"person.toiDanh","Tội danh",false,MANUAL,NEVER_AUTO,NONE,"Label ""Tội danh"" matches NEVER_AUTO pattern.",,TEXT
BM-118,"document.soQd","Số quyết định",false,MANUAL,NEVER_AUTO,NONE,"Label ""Số quyết định"" matches NEVER_AUTO pattern.",,TEXT
BM-118,"document.donVi","Đơn vị",false,MANUAL,NEVER_AUTO,NONE,"Label ""Đơn vị"" matches NEVER_AUTO pattern.",,TEXT
BM-118,"document.lyDo","Lý do",false,MANUAL,NEVER_AUTO,NONE,"Label ""Lý do"" matches NEVER_AUTO pattern.",,TEXT
BM-119,"agency.vienKiem","Tên cơ quan",false,AGENCY,NEVER_AUTO,NONE,"Label ""Tên cơ quan"" matches NEVER_AUTO pattern.",,TEXT
BM-119,"document.soQuyet","Số quyết định",false,MANUAL,NEVER_AUTO,NONE,"Label ""Số quyết định"" matches NEVER_AUTO pattern.",,TEXT
BM-119,"agency.diaDanh","Địa danh",false,AGENCY,NEVER_AUTO,NONE,"Label ""Địa danh"" matches NEVER_AUTO pattern.",,TEXT
BM-119,"document.ngayBan","Ngày ban hành",false,MANUAL,SAFE_GENERIC_PREFILL,GENERIC_TEXT,"Path ""document.ngayBan"" is generic/common boilerplate safe for prefill.","01",TEXT
BM-119,"agency.dongDia","Dòng địa danh",false,AGENCY,NEVER_AUTO,NONE,"Label ""Dòng địa danh"" matches NEVER_AUTO pattern.",,TEXT
BM-120,"agency.vienKiem","Tên cơ quan",false,AGENCY,NEVER_AUTO,NONE,"Label ""Tên cơ quan"" matches NEVER_AUTO pattern.",,TEXT
BM-120,"document.soQuyet","Số quyết định",false,MANUAL,NEVER_AUTO,NONE,"Label ""Số quyết định"" matches NEVER_AUTO pattern.",,TEXT
BM-120,"agency.diaDanh","Địa danh",false,AGENCY,NEVER_AUTO,NONE,"Label ""Địa danh"" matches NEVER_AUTO pattern.",,TEXT
BM-120,"document.ngayBan","Ngày ban hành",false,MANUAL,SAFE_GENERIC_PREFILL,GENERIC_TEXT,"Path ""document.ngayBan"" is generic/common boilerplate safe for prefill.","01",TEXT
BM-121,"agency.vienKiem","Tên cơ quan",false,AGENCY,NEVER_AUTO,NONE,"Label ""Tên cơ quan"" matches NEVER_AUTO pattern.",,TEXT
BM-121,"document.soQuyet","Số quyết định",false,MANUAL,NEVER_AUTO,NONE,"Label ""Số quyết định"" matches NEVER_AUTO pattern.",,TEXT
BM-121,"agency.diaDanh","Địa danh",false,AGENCY,NEVER_AUTO,NONE,"Label ""Địa danh"" matches NEVER_AUTO pattern.",,TEXT
BM-122,"agency.vienKiem","Tên cơ quan",false,AGENCY,NEVER_AUTO,NONE,"Label ""Tên cơ quan"" matches NEVER_AUTO pattern.",,TEXT
BM-122,"document.soQuyet","Số quyết định",false,MANUAL,NEVER_AUTO,NONE,"Label ""Số quyết định"" matches NEVER_AUTO pattern.",,TEXT
BM-123,"agency.vienKiem","Tên cơ quan",false,AGENCY,NEVER_AUTO,NONE,"Label ""Tên cơ quan"" matches NEVER_AUTO pattern.",,TEXT
BM-123,"document.soQuyet","Số quyết định",false,MANUAL,NEVER_AUTO,NONE,"Label ""Số quyết định"" matches NEVER_AUTO pattern.",,TEXT
BM-124,"agency.vienKiem","Tên cơ quan",false,AGENCY,NEVER_AUTO,NONE,"Label ""Tên cơ quan"" matches NEVER_AUTO pattern.",,TEXT
BM-125,"agency.vienKiem","Tên cơ quan",false,AGENCY,NEVER_AUTO,NONE,"Label ""Tên cơ quan"" matches NEVER_AUTO pattern.",,TEXT
BM-125,"document.soQuyet","Số quyết định",false,MANUAL,NEVER_AUTO,NONE,"Label ""Số quyết định"" matches NEVER_AUTO pattern.",,TEXT
BM-125,"agency.diaDanh","Địa danh",false,AGENCY,NEVER_AUTO,NONE,"Label ""Địa danh"" matches NEVER_AUTO pattern.",,TEXT
BM-125,"document.ngayBan","Ngày ban hành",false,MANUAL,SAFE_GENERIC_PREFILL,GENERIC_TEXT,"Path ""document.ngayBan"" is generic/common boilerplate safe for prefill.","01",TEXT
BM-125,"agency.dongDia","Dòng địa danh",false,AGENCY,NEVER_AUTO,NONE,"Label ""Dòng địa danh"" matches NEVER_AUTO pattern.",,TEXT
BM-126,"agency.vienKiem","Tên cơ quan",false,AGENCY,NEVER_AUTO,NONE,"Label ""Tên cơ quan"" matches NEVER_AUTO pattern.",,TEXT
BM-126,"document.soQuyet","Số quyết định",false,MANUAL,NEVER_AUTO,NONE,"Label ""Số quyết định"" matches NEVER_AUTO pattern.",,TEXT
BM-126,"agency.diaDanh","Địa danh",false,AGENCY,NEVER_AUTO,NONE,"Label ""Địa danh"" matches NEVER_AUTO pattern.",,TEXT
BM-126,"document.ngayBan","Ngày ban hành",false,MANUAL,SAFE_GENERIC_PREFILL,GENERIC_TEXT,"Path ""document.ngayBan"" is generic/common boilerplate safe for prefill.","01",TEXT
BM-126,"decision.summaryLine","Tóm tắt hồ sơ",false,COMPUTED,NEVER_AUTO,NONE,"Path ""decision.summaryLine"" starts with NEVER_AUTO path prefix.",,TEXT
BM-126,"agency.dongDia","Dòng địa danh",false,AGENCY,NEVER_AUTO,NONE,"Label ""Dòng địa danh"" matches NEVER_AUTO pattern.",,TEXT
BM-126,"document.chuThe","Chủ thể liên quan",false,MANUAL,NEVER_AUTO,NONE,"Label ""Chủ thể liên quan"" matches NEVER_AUTO pattern.",,TEXT
BM-126,"legalBasis.canCu","Căn cứ pháp lý",false,MANUAL,SAFE_GENERIC_PREFILL,GENERIC_TEXT,"Path ""legalBasis.canCu"" is generic/common boilerplate safe for prefill.",,TEXT
BM-126,"person.tenNguoi","Tên người liên quan",false,MANUAL,NEVER_AUTO,NONE,"Label ""Tên người liên quan"" matches NEVER_AUTO pattern.",,TEXT
BM-126,"document.tenVu","Tên vụ án / vụ việc",false,MANUAL,NEVER_AUTO,NONE,"Label ""Tên vụ án / vụ việc"" matches NEVER_AUTO pattern.",,TEXT
BM-126,"person.toiDanh","Tội danh",false,MANUAL,NEVER_AUTO,NONE,"Label ""Tội danh"" matches NEVER_AUTO pattern.",,TEXT
BM-127,"agency.vienKiem","Tên cơ quan",false,AGENCY,NEVER_AUTO,NONE,"Label ""Tên cơ quan"" matches NEVER_AUTO pattern.",,TEXT
BM-127,"document.soQuyet","Số quyết định",false,MANUAL,NEVER_AUTO,NONE,"Label ""Số quyết định"" matches NEVER_AUTO pattern.",,TEXT
BM-127,"agency.diaDanh","Địa danh",false,AGENCY,NEVER_AUTO,NONE,"Label ""Địa danh"" matches NEVER_AUTO pattern.",,TEXT
BM-127,"document.ngayBan","Ngày ban hành",false,MANUAL,SAFE_GENERIC_PREFILL,GENERIC_TEXT,"Path ""document.ngayBan"" is generic/common boilerplate safe for prefill.","01",TEXT
BM-127,"agency.dongDia","Dòng địa danh",false,AGENCY,NEVER_AUTO,NONE,"Label ""Dòng địa danh"" matches NEVER_AUTO pattern.",,TEXT
BM-127,"document.chuThe","Chủ thể liên quan",false,MANUAL,NEVER_AUTO,NONE,"Label ""Chủ thể liên quan"" matches NEVER_AUTO pattern.",,TEXT
BM-127,"agency.coQuan","Cơ quan",false,AGENCY,NEVER_AUTO,NONE,"Label ""Cơ quan"" matches NEVER_AUTO pattern.",,TEXT
BM-128,"agency.vienKiem","Tên cơ quan",false,AGENCY,NEVER_AUTO,NONE,"Label ""Tên cơ quan"" matches NEVER_AUTO pattern.",,TEXT
BM-128,"document.soQuyet","Số quyết định",false,MANUAL,NEVER_AUTO,NONE,"Label ""Số quyết định"" matches NEVER_AUTO pattern.",,TEXT
BM-128,"agency.diaDanh","Địa danh",false,AGENCY,NEVER_AUTO,NONE,"Label ""Địa danh"" matches NEVER_AUTO pattern.",,TEXT
BM-128,"document.ngayBan","Ngày ban hành",false,MANUAL,SAFE_GENERIC_PREFILL,GENERIC_TEXT,"Path ""document.ngayBan"" is generic/common boilerplate safe for prefill.","01",TEXT
BM-128,"agency.dongDia","Dòng địa danh",false,AGENCY,NEVER_AUTO,NONE,"Label ""Dòng địa danh"" matches NEVER_AUTO pattern.",,TEXT
BM-128,"document.chuThe","Chủ thể liên quan",false,MANUAL,NEVER_AUTO,NONE,"Label ""Chủ thể liên quan"" matches NEVER_AUTO pattern.",,TEXT
BM-129,"agency.vienKiem","Tên cơ quan",false,AGENCY,NEVER_AUTO,NONE,"Label ""Tên cơ quan"" matches NEVER_AUTO pattern.",,TEXT
BM-129,"document.soQuyet","Số quyết định",false,MANUAL,NEVER_AUTO,NONE,"Label ""Số quyết định"" matches NEVER_AUTO pattern.",,TEXT
BM-129,"agency.diaDanh","Địa danh",false,AGENCY,NEVER_AUTO,NONE,"Label ""Địa danh"" matches NEVER_AUTO pattern.",,TEXT
BM-129,"document.ngayBan","Ngày ban hành",false,MANUAL,SAFE_GENERIC_PREFILL,GENERIC_TEXT,"Path ""document.ngayBan"" is generic/common boilerplate safe for prefill.","01",TEXT
BM-129,"agency.dongDia","Dòng địa danh",false,AGENCY,NEVER_AUTO,NONE,"Label ""Dòng địa danh"" matches NEVER_AUTO pattern.",,TEXT
BM-129,"document.chuThe","Chủ thể liên quan",false,MANUAL,NEVER_AUTO,NONE,"Label ""Chủ thể liên quan"" matches NEVER_AUTO pattern.",,TEXT
BM-129,"legalBasis.canCu","Căn cứ pháp lý",false,MANUAL,SAFE_GENERIC_PREFILL,GENERIC_TEXT,"Path ""legalBasis.canCu"" is generic/common boilerplate safe for prefill.",,TEXT
BM-130,"agency.vienKiem","Tên cơ quan",false,AGENCY,NEVER_AUTO,NONE,"Label ""Tên cơ quan"" matches NEVER_AUTO pattern.",,TEXT
BM-130,"document.soQuyet","Số quyết định",false,MANUAL,NEVER_AUTO,NONE,"Label ""Số quyết định"" matches NEVER_AUTO pattern.",,TEXT
BM-130,"agency.diaDanh","Địa danh",false,AGENCY,NEVER_AUTO,NONE,"Label ""Địa danh"" matches NEVER_AUTO pattern.",,TEXT
BM-130,"document.ngayBan","Ngày ban hành",false,MANUAL,SAFE_GENERIC_PREFILL,GENERIC_TEXT,"Path ""document.ngayBan"" is generic/common boilerplate safe for prefill.","01",TEXT
BM-130,"agency.dongDia","Dòng địa danh",false,AGENCY,NEVER_AUTO,NONE,"Label ""Dòng địa danh"" matches NEVER_AUTO pattern.",,TEXT
BM-130,"document.chuThe","Chủ thể liên quan",false,MANUAL,NEVER_AUTO,NONE,"Label ""Chủ thể liên quan"" matches NEVER_AUTO pattern.",,TEXT
BM-130,"legalBasis.canCu","Căn cứ pháp lý",false,MANUAL,SAFE_GENERIC_PREFILL,GENERIC_TEXT,"Path ""legalBasis.canCu"" is generic/common boilerplate safe for prefill.",,TEXT
BM-131,"agency.vienKiem","Tên cơ quan",false,AGENCY,NEVER_AUTO,NONE,"Label ""Tên cơ quan"" matches NEVER_AUTO pattern.",,TEXT
BM-131,"document.soQuyet","Số quyết định",false,MANUAL,NEVER_AUTO,NONE,"Label ""Số quyết định"" matches NEVER_AUTO pattern.",,TEXT
BM-131,"agency.diaDanh","Địa danh",false,AGENCY,NEVER_AUTO,NONE,"Label ""Địa danh"" matches NEVER_AUTO pattern.",,TEXT
BM-131,"document.ngayBan","Ngày ban hành",false,MANUAL,SAFE_GENERIC_PREFILL,GENERIC_TEXT,"Path ""document.ngayBan"" is generic/common boilerplate safe for prefill.","01",TEXT
BM-131,"agency.dongDia","Dòng địa danh",false,AGENCY,NEVER_AUTO,NONE,"Label ""Dòng địa danh"" matches NEVER_AUTO pattern.",,TEXT
BM-131,"document.chuThe","Chủ thể liên quan",false,MANUAL,NEVER_AUTO,NONE,"Label ""Chủ thể liên quan"" matches NEVER_AUTO pattern.",,TEXT
BM-132,"agency.vienKiem","Viện kiểm sát",false,AGENCY,NEVER_AUTO,NONE,"Label ""Viện kiểm sát"" matches NEVER_AUTO pattern.",,TEXT
BM-132,"document.soQuyet","Số quyết định",false,MANUAL,NEVER_AUTO,NONE,"Label ""Số quyết định"" matches NEVER_AUTO pattern.",,TEXT
BM-132,"agency.diaDanh","Địa danh",false,AGENCY,NEVER_AUTO,NONE,"Label ""Địa danh"" matches NEVER_AUTO pattern.",,TEXT
BM-133,"agency.vienKiem","Viện kiểm sát",false,AGENCY,NEVER_AUTO,NONE,"Label ""Viện kiểm sát"" matches NEVER_AUTO pattern.",,TEXT
BM-133,"document.soQuyet","Số quyết định",false,MANUAL,NEVER_AUTO,NONE,"Label ""Số quyết định"" matches NEVER_AUTO pattern.",,TEXT
BM-133,"agency.diaDanh","Địa danh",false,AGENCY,NEVER_AUTO,NONE,"Label ""Địa danh"" matches NEVER_AUTO pattern.",,TEXT
BM-133,"document.ngayBan","Ngày ban hành",false,MANUAL,SAFE_GENERIC_PREFILL,GENERIC_TEXT,"Path ""document.ngayBan"" is generic/common boilerplate safe for prefill.","01",TEXT
BM-133,"agency.dongDia","Dòng địa danh",false,AGENCY,NEVER_AUTO,NONE,"Label ""Dòng địa danh"" matches NEVER_AUTO pattern.",,TEXT
BM-134,"agency.vienKiem","Tên cơ quan",false,AGENCY,NEVER_AUTO,NONE,"Label ""Tên cơ quan"" matches NEVER_AUTO pattern.",,TEXT
BM-134,"signature.positionTitle","Chức danh",false,OFFICIAL,NEVER_AUTO,NONE,"Label ""Chức danh"" matches NEVER_AUTO pattern.",,TEXT
BM-134,"document.soQuyet","Số quyết định",false,MANUAL,NEVER_AUTO,NONE,"Label ""Số quyết định"" matches NEVER_AUTO pattern.",,TEXT
BM-134,"recipients.personLine","Người bị áp dụng",false,MANUAL,NEVER_AUTO,NONE,"Label ""Người bị áp dụng"" matches NEVER_AUTO pattern.",,TEXT
BM-134,"agency.diaDanh","Địa danh",false,AGENCY,NEVER_AUTO,NONE,"Label ""Địa danh"" matches NEVER_AUTO pattern.",,TEXT
BM-134,"document.ngayBan","Ngày ban hành",false,MANUAL,SAFE_GENERIC_PREFILL,GENERIC_TEXT,"Path ""document.ngayBan"" is generic/common boilerplate safe for prefill.","01",TEXT
BM-134,"agency.dongDia","Dòng địa danh",false,AGENCY,NEVER_AUTO,NONE,"Label ""Dòng địa danh"" matches NEVER_AUTO pattern.",,TEXT
BM-134,"document.chuThe","Chủ thể liên quan",false,MANUAL,NEVER_AUTO,NONE,"Label ""Chủ thể liên quan"" matches NEVER_AUTO pattern.",,TEXT
BM-134,"legalBasis.canCu","Căn cứ pháp lý",false,MANUAL,SAFE_GENERIC_PREFILL,GENERIC_TEXT,"Path ""legalBasis.canCu"" is generic/common boilerplate safe for prefill.",,TEXT
BM-134,"document.tenVu","Tên vụ án / vụ việc",false,MANUAL,NEVER_AUTO,NONE,"Label ""Tên vụ án / vụ việc"" matches NEVER_AUTO pattern.",,TEXT
BM-135,"agency.vienKiem","Tên cơ quan",false,AGENCY,NEVER_AUTO,NONE,"Label ""Tên cơ quan"" matches NEVER_AUTO pattern.",,TEXT
BM-135,"signature.positionTitle","Chức danh",false,OFFICIAL,NEVER_AUTO,NONE,"Label ""Chức danh"" matches NEVER_AUTO pattern.",,TEXT
BM-135,"document.soQuyet","Số quyết định",false,MANUAL,NEVER_AUTO,NONE,"Label ""Số quyết định"" matches NEVER_AUTO pattern.",,TEXT
BM-135,"agency.diaDanh","Địa danh",false,AGENCY,NEVER_AUTO,NONE,"Label ""Địa danh"" matches NEVER_AUTO pattern.",,TEXT
BM-135,"recipients.personLine","Người bị áp dụng",false,MANUAL,NEVER_AUTO,NONE,"Label ""Người bị áp dụng"" matches NEVER_AUTO pattern.",,TEXT
BM-135,"document.ngayBan","Ngày ban hành",false,MANUAL,SAFE_GENERIC_PREFILL,GENERIC_TEXT,"Path ""document.ngayBan"" is generic/common boilerplate safe for prefill.","01",TEXT
BM-135,"agency.dongDia","Dòng địa danh",false,AGENCY,NEVER_AUTO,NONE,"Label ""Dòng địa danh"" matches NEVER_AUTO pattern.",,TEXT
BM-135,"document.chuThe","Chủ thể liên quan",false,MANUAL,NEVER_AUTO,NONE,"Label ""Chủ thể liên quan"" matches NEVER_AUTO pattern.",,TEXT
BM-135,"legalBasis.canCu","Căn cứ pháp lý",false,MANUAL,SAFE_GENERIC_PREFILL,GENERIC_TEXT,"Path ""legalBasis.canCu"" is generic/common boilerplate safe for prefill.",,TEXT
BM-135,"document.tenVu","Tên vụ án / vụ việc",false,MANUAL,NEVER_AUTO,NONE,"Label ""Tên vụ án / vụ việc"" matches NEVER_AUTO pattern.",,TEXT
BM-136,"agency.vienKiem","Tên cơ quan",false,AGENCY,NEVER_AUTO,NONE,"Label ""Tên cơ quan"" matches NEVER_AUTO pattern.",,TEXT
BM-136,"signature.positionTitle","Chức danh",false,OFFICIAL,NEVER_AUTO,NONE,"Label ""Chức danh"" matches NEVER_AUTO pattern.",,TEXT
BM-136,"recipients.personLine","Người bị áp dụng",false,MANUAL,NEVER_AUTO,NONE,"Label ""Người bị áp dụng"" matches NEVER_AUTO pattern.",,TEXT
BM-136,"document.soQuyet","Số quyết định",false,MANUAL,NEVER_AUTO,NONE,"Label ""Số quyết định"" matches NEVER_AUTO pattern.",,TEXT
BM-136,"agency.diaDanh","Địa danh",false,AGENCY,NEVER_AUTO,NONE,"Label ""Địa danh"" matches NEVER_AUTO pattern.",,TEXT
BM-136,"document.ngayBan","Ngày ban hành",false,MANUAL,SAFE_GENERIC_PREFILL,GENERIC_TEXT,"Path ""document.ngayBan"" is generic/common boilerplate safe for prefill.","01",TEXT
BM-136,"agency.dongDia","Dòng địa danh",false,AGENCY,NEVER_AUTO,NONE,"Label ""Dòng địa danh"" matches NEVER_AUTO pattern.",,TEXT
BM-136,"document.chuThe","Chủ thể liên quan",false,MANUAL,NEVER_AUTO,NONE,"Label ""Chủ thể liên quan"" matches NEVER_AUTO pattern.",,TEXT
BM-136,"person.tenBi","Tên bị can / bị cáo",false,MANUAL,NEVER_AUTO,NONE,"Label ""Tên bị can / bị cáo"" matches NEVER_AUTO pattern.",,TEXT
BM-136,"document.tenVu","Tên vụ án / vụ việc",false,MANUAL,NEVER_AUTO,NONE,"Label ""Tên vụ án / vụ việc"" matches NEVER_AUTO pattern.",,TEXT
BM-136,"person.toiDanh","Tội danh",false,MANUAL,NEVER_AUTO,NONE,"Label ""Tội danh"" matches NEVER_AUTO pattern.",,TEXT
BM-136,"document.soTien","Số tiền",false,MANUAL,NEVER_AUTO,NONE,"Label ""Số tiền"" matches NEVER_AUTO pattern.",,TEXT
BM-136,"document.lyDo","Lý do",false,MANUAL,NEVER_AUTO,NONE,"Label ""Lý do"" matches NEVER_AUTO pattern.",,TEXT
BM-136,"recipients.luuHo","Lưu hồ sơ",false,MANUAL,NEVER_AUTO,NONE,"Label ""Lưu hồ sơ"" matches NEVER_AUTO pattern.",,TEXT
BM-136,"signature.cheDo","Địa chỉ cư trú",false,MANUAL,SAFE_GENERIC_PREFILL,GENERIC_TEXT,"Path ""signature.cheDo"" is generic/common boilerplate safe for prefill.",,TEXT
BM-136,"signature.chucVu","Tư cách tham gia tố tụng",false,MANUAL,SAFE_GENERIC_PREFILL,GENERIC_TEXT,"Path ""signature.chucVu"" is generic/common boilerplate safe for prefill.",,TEXT
BM-136,"signature.nguoiKy","Người tham gia đối chất thứ ba",false,MANUAL,SAFE_GENERIC_PREFILL,GENERIC_TEXT,"Path ""signature.nguoiKy"" is generic/common boilerplate safe for prefill.",,TEXT
BM-137,"agency.vienKiem","Tên cơ quan",false,AGENCY,NEVER_AUTO,NONE,"Label ""Tên cơ quan"" matches NEVER_AUTO pattern.",,TEXT
BM-137,"document.soBien","Số biên bản",false,MANUAL,NEVER_AUTO,NONE,"Label ""Số biên bản"" matches NEVER_AUTO pattern.",,TEXT
BM-137,"document.noiLap","Nơi lập",false,MANUAL,NEVER_AUTO,NONE,"Label ""Nơi lập"" matches NEVER_AUTO pattern.",,TEXT
BM-137,"document.ngayLap","Ngày lập",false,MANUAL,REVIEW_REQUIRED,NONE,"Label ""Ngày lập"" is ambiguous — requires manual classification before auto-fill.",,TEXT
BM-137,"agency.dongDia","Dòng địa danh",false,AGENCY,NEVER_AUTO,NONE,"Label ""Dòng địa danh"" matches NEVER_AUTO pattern.",,TEXT
BM-137,"document.tenVu","Tên vụ án / vụ việc",false,MANUAL,NEVER_AUTO,NONE,"Label ""Tên vụ án / vụ việc"" matches NEVER_AUTO pattern.",,TEXT
BM-138,"agency.vienKiem","Tên cơ quan",false,AGENCY,NEVER_AUTO,NONE,"Label ""Tên cơ quan"" matches NEVER_AUTO pattern.",,TEXT
BM-138,"document.soQuyet","Số quyết định",false,MANUAL,NEVER_AUTO,NONE,"Label ""Số quyết định"" matches NEVER_AUTO pattern.",,TEXT
BM-138,"agency.diaDanh","Địa danh",false,AGENCY,NEVER_AUTO,NONE,"Label ""Địa danh"" matches NEVER_AUTO pattern.",,TEXT
BM-138,"document.ngayBan","Ngày ban hành",false,MANUAL,SAFE_GENERIC_PREFILL,GENERIC_TEXT,"Path ""document.ngayBan"" is generic/common boilerplate safe for prefill.","01",TEXT
BM-138,"agency.dongDia","Dòng địa danh",false,AGENCY,NEVER_AUTO,NONE,"Label ""Dòng địa danh"" matches NEVER_AUTO pattern.",,TEXT
BM-138,"document.chuThe","Chủ thể liên quan",false,MANUAL,NEVER_AUTO,NONE,"Label ""Chủ thể liên quan"" matches NEVER_AUTO pattern.",,TEXT
BM-138,"person.tenBi","Tên bị can / bị cáo",false,MANUAL,NEVER_AUTO,NONE,"Label ""Tên bị can / bị cáo"" matches NEVER_AUTO pattern.",,TEXT
BM-139,"agency.vienKiem","Trường cần điền (document)",false,AGENCY,NEVER_AUTO,NONE,"Label ""Trường cần điền (document)"" matches NEVER_AUTO pattern.",,TEXT
BM-139,"document.soQuyet","Trường cần điền (document)",false,MANUAL,NEVER_AUTO,NONE,"Label ""Trường cần điền (document)"" matches NEVER_AUTO pattern.",,TEXT
BM-139,"agency.diaDanh","Trường cần điền (document)",false,AGENCY,NEVER_AUTO,NONE,"Label ""Trường cần điền (document)"" matches NEVER_AUTO pattern.",,TEXT
BM-139,"recipients.localityName","Địa danh / Quận huyện của cơ quan nhận",false,MANUAL,NEVER_AUTO,NONE,"Label ""Địa danh / Quận huyện của cơ quan nhận"" matches NEVER_AUTO pattern.",,TEXT
BM-139,"person.personFullName","Họ và tên người ký",false,MANUAL,NEVER_AUTO,NONE,"Label ""Họ và tên người ký"" matches NEVER_AUTO pattern.",,TEXT
BM-139,"document.issueDate","Ngày ban hành",false,MANUAL,SAFE_GENERIC_PREFILL,GENERIC_TEXT,"Path ""document.issueDate"" is generic/common boilerplate safe for prefill.","2026-01-01",TEXT
BM-140,"agency.vienKiem","Tên cơ quan",false,AGENCY,NEVER_AUTO,NONE,"Label ""Tên cơ quan"" matches NEVER_AUTO pattern.",,TEXT
BM-140,"document.soKien","Số kiến nghị",false,MANUAL,NEVER_AUTO,NONE,"Label ""Số kiến nghị"" matches NEVER_AUTO pattern.",,TEXT
BM-140,"agency.diaDanh","Địa danh",false,AGENCY,NEVER_AUTO,NONE,"Label ""Địa danh"" matches NEVER_AUTO pattern.",,TEXT
BM-140,"document.ngayBan","Ngày ban hành",false,MANUAL,SAFE_GENERIC_PREFILL,GENERIC_TEXT,"Path ""document.ngayBan"" is generic/common boilerplate safe for prefill.","01",TEXT
BM-140,"agency.dongDia","Dòng địa danh",false,AGENCY,NEVER_AUTO,NONE,"Label ""Dòng địa danh"" matches NEVER_AUTO pattern.",,TEXT
BM-141,"agency.parentName","Cơ quan cấp trên",true,AGENCY,NEVER_AUTO,NONE,"Label ""Cơ quan cấp trên"" matches NEVER_AUTO pattern.",,TEXT
BM-141,"agency.name","Viện kiểm sát ban hành",true,AGENCY,NEVER_AUTO,NONE,"Label ""Viện kiểm sát ban hành"" matches NEVER_AUTO pattern.",,TEXT
BM-141,"document.documentCode","Số quyết định",true,MANUAL,NEVER_AUTO,NONE,"Label ""Số quyết định"" matches NEVER_AUTO pattern.",,TEXT
BM-141,"document.issuePlaceAndDateLine","Địa danh, ngày ban hành",true,SYSTEM,SAFE_RUNTIME_DEFAULT,DOCUMENT_PLACE_DATE,"SYSTEM/CURRENT_DATE field. Label ""Địa danh, ngày ban hành"" matches safe document place/date pattern.","TP. Hồ Chí Minh, ngày 01 tháng 01 năm 2026",TEXT
BM-141,"official.issuerTitle","Chủ thể ban hành",true,MANUAL,NEVER_AUTO,NONE,"Label ""Chủ thể ban hành"" matches NEVER_AUTO pattern.",,TEXT
BM-141,"prosecutionTransfer.procedureArticlesLine","Căn cứ Bộ luật Tố tụng hình sự",true,OFFICIAL,NEVER_AUTO,NONE,"Label ""Căn cứ Bộ luật Tố tụng hình sự"" matches NEVER_AUTO pattern.",,TEXTAREA
BM-141,"prosecutionTransfer.caseDecisionLegalBasisLine","Căn cứ quyết định vụ án",true,MANUAL,SAFE_GENERIC_PREFILL,GENERIC_TEXT,"Path ""prosecutionTransfer.caseDecisionLegalBasisLine"" is generic/common boilerplate safe for prefill.",,TEXTAREA
BM-141,"prosecutionTransfer.accusedDecisionLegalBasisLine","Căn cứ quyết định khởi tố bị can",true,MANUAL,SAFE_GENERIC_PREFILL,GENERIC_TEXT,"Path ""prosecutionTransfer.accusedDecisionLegalBasisLine"" is generic/common boilerplate safe for prefill.",,TEXTAREA
BM-141,"prosecutionTransfer.investigationConclusionLegalBasisLine","Căn cứ Kết luận điều tra",true,MANUAL,SAFE_GENERIC_PREFILL,GENERIC_TEXT,"Path ""prosecutionTransfer.investigationConclusionLegalBasisLine"" is generic/common boilerplate safe for prefill.",,TEXTAREA
BM-141,"prosecutionTransfer.transferReasonLine","Lý do chuyển",true,MANUAL,NEVER_AUTO,NONE,"Label ""Lý do chuyển"" matches NEVER_AUTO pattern.",,TEXTAREA
BM-141,"prosecutionTransfer.article1Line","Điều 1 - Nội dung quyết định",true,MANUAL,NEVER_AUTO,NONE,"Label ""Điều 1 - Nội dung quyết định"" matches NEVER_AUTO pattern.",,TEXTAREA
BM-141,"recipients.investigatingAgencyLine","Nơi nhận - Cơ quan điều tra",true,MANUAL,SAFE_GENERIC_PREFILL,GENERIC_TEXT,"Path ""recipients.investigatingAgencyLine"" is generic/common boilerplate safe for prefill.",,TEXT
BM-141,"recipients.accusedLine","Nơi nhận - Bị can",true,MANUAL,SAFE_GENERIC_PREFILL,GENERIC_TEXT,"Path ""recipients.accusedLine"" is generic/common boilerplate safe for prefill.",,TEXT
BM-141,"prosecutionTransfer.toProcuracyRecipientLine","Nơi nhận - Viện kiểm sát tiếp nhận",true,MANUAL,SAFE_GENERIC_PREFILL,GENERIC_TEXT,"Path ""prosecutionTransfer.toProcuracyRecipientLine"" is generic/common boilerplate safe for prefill.",,TEXT
BM-141,"prosecutionTransfer.detentionFacilityRecipientLine","Nơi nhận - Cơ sở giam giữ",true,MANUAL,SAFE_GENERIC_PREFILL,GENERIC_TEXT,"Path ""prosecutionTransfer.detentionFacilityRecipientLine"" is generic/common boilerplate safe for prefill.",,TEXT
BM-141,"recipients.archiveLine","Lưu hồ sơ",true,MANUAL,SAFE_GENERIC_PREFILL,GENERIC_TEXT,"Path ""recipients.archiveLine"" is generic/common boilerplate safe for prefill.",,TEXT
BM-141,"signature.signMode","Chế độ ký",true,OFFICIAL,NEVER_AUTO,NONE,"Label ""Chế độ ký"" matches NEVER_AUTO pattern.",,TEXT
BM-141,"signature.positionTitle","Chức vụ người ký",true,OFFICIAL,NEVER_AUTO,NONE,"Label ""Chức vụ người ký"" matches NEVER_AUTO pattern.",,TEXT
BM-141,"signature.signerName","Người ký",true,OFFICIAL,NEVER_AUTO,NONE,"Label ""Người ký"" matches NEVER_AUTO pattern.",,TEXT
BM-142,"agency.vienKiem","Tên cơ quan",false,AGENCY,NEVER_AUTO,NONE,"Label ""Tên cơ quan"" matches NEVER_AUTO pattern.",,TEXT
BM-142,"document.soQuyet","Số quyết định",false,MANUAL,NEVER_AUTO,NONE,"Label ""Số quyết định"" matches NEVER_AUTO pattern.",,TEXT
BM-142,"agency.diaDanh","Địa danh",false,AGENCY,NEVER_AUTO,NONE,"Label ""Địa danh"" matches NEVER_AUTO pattern.",,TEXT
BM-142,"document.ngayBan","Ngày ban hành",false,MANUAL,SAFE_GENERIC_PREFILL,GENERIC_TEXT,"Path ""document.ngayBan"" is generic/common boilerplate safe for prefill.","01",TEXT
BM-142,"agency.dongDia","Dòng địa danh",false,AGENCY,NEVER_AUTO,NONE,"Label ""Dòng địa danh"" matches NEVER_AUTO pattern.",,TEXT
BM-143,"agency.vienKiem","Tên cơ quan",false,AGENCY,NEVER_AUTO,NONE,"Label ""Tên cơ quan"" matches NEVER_AUTO pattern.",,TEXT
BM-143,"document.soQuyet","Số quyết định",false,MANUAL,NEVER_AUTO,NONE,"Label ""Số quyết định"" matches NEVER_AUTO pattern.",,TEXT
BM-143,"agency.diaDanh","Địa danh",false,AGENCY,NEVER_AUTO,NONE,"Label ""Địa danh"" matches NEVER_AUTO pattern.",,TEXT
BM-144,"agency.parentName","Cơ quan cấp trên",true,AGENCY,NEVER_AUTO,NONE,"Label ""Cơ quan cấp trên"" matches NEVER_AUTO pattern.",,TEXT
BM-144,"agency.name","Viện kiểm sát ban hành",true,AGENCY,NEVER_AUTO,NONE,"Label ""Viện kiểm sát ban hành"" matches NEVER_AUTO pattern.",,TEXT
BM-144,"document.documentCode","Số quyết định",true,MANUAL,NEVER_AUTO,NONE,"Label ""Số quyết định"" matches NEVER_AUTO pattern.",,TEXT
BM-144,"document.issuePlaceAndDateLine","Địa danh, ngày ban hành",true,SYSTEM,SAFE_RUNTIME_DEFAULT,DOCUMENT_PLACE_DATE,"SYSTEM/CURRENT_DATE field. Label ""Địa danh, ngày ban hành"" matches safe document place/date pattern.","TP. Hồ Chí Minh, ngày 01 tháng 01 năm 2026",TEXT
BM-144,"official.issuerTitle","Chủ thể ban hành",true,MANUAL,NEVER_AUTO,NONE,"Label ""Chủ thể ban hành"" matches NEVER_AUTO pattern.",,TEXT
BM-144,"prosecutionExtension.procedureArticlesLine","Căn cứ Bộ luật Tố tụng hình sự",true,OFFICIAL,NEVER_AUTO,NONE,"Label ""Căn cứ Bộ luật Tố tụng hình sự"" matches NEVER_AUTO pattern.",,TEXTAREA
BM-144,"prosecutionExtension.caseDecisionLegalBasisLine","Căn cứ quyết định vụ án",true,MANUAL,SAFE_GENERIC_PREFILL,GENERIC_TEXT,"Path ""prosecutionExtension.caseDecisionLegalBasisLine"" is generic/common boilerplate safe for prefill.",,TEXTAREA
BM-144,"prosecutionExtension.accusedDecisionLegalBasisLine","Căn cứ quyết định khởi tố bị can",true,MANUAL,SAFE_GENERIC_PREFILL,GENERIC_TEXT,"Path ""prosecutionExtension.accusedDecisionLegalBasisLine"" is generic/common boilerplate safe for prefill.",,TEXTAREA
BM-144,"prosecutionExtension.investigationConclusionLegalBasisLine","Căn cứ Kết luận điều tra",true,MANUAL,SAFE_GENERIC_PREFILL,GENERIC_TEXT,"Path ""prosecutionExtension.investigationConclusionLegalBasisLine"" is generic/common boilerplate safe for prefill.",,TEXTAREA
BM-144,"prosecutionExtension.reasonLine","Lý do gia hạn",true,MANUAL,NEVER_AUTO,NONE,"Label ""Lý do gia hạn"" matches NEVER_AUTO pattern.",,TEXTAREA
BM-144,"prosecutionExtension.article1Line","Điều 1 - Nội dung quyết định",true,MANUAL,NEVER_AUTO,NONE,"Label ""Điều 1 - Nội dung quyết định"" matches NEVER_AUTO pattern.",,TEXTAREA
BM-144,"recipients.investigatingAgencyLine","Nơi nhận - Cơ quan điều tra",true,MANUAL,SAFE_GENERIC_PREFILL,GENERIC_TEXT,"Path ""recipients.investigatingAgencyLine"" is generic/common boilerplate safe for prefill.",,TEXT
BM-144,"recipients.accusedLine","Nơi nhận - Bị can",true,MANUAL,SAFE_GENERIC_PREFILL,GENERIC_TEXT,"Path ""recipients.accusedLine"" is generic/common boilerplate safe for prefill.",,TEXT
BM-144,"recipients.archiveLine","Lưu hồ sơ",true,MANUAL,SAFE_GENERIC_PREFILL,GENERIC_TEXT,"Path ""recipients.archiveLine"" is generic/common boilerplate safe for prefill.",,TEXT
BM-144,"signature.signMode","Chế độ ký",true,OFFICIAL,NEVER_AUTO,NONE,"Label ""Chế độ ký"" matches NEVER_AUTO pattern.",,TEXT
BM-144,"signature.positionTitle","Chức vụ người ký",true,OFFICIAL,NEVER_AUTO,NONE,"Label ""Chức vụ người ký"" matches NEVER_AUTO pattern.",,TEXT
BM-144,"signature.signerName","Người ký",true,OFFICIAL,NEVER_AUTO,NONE,"Label ""Người ký"" matches NEVER_AUTO pattern.",,TEXT
BM-145,"agency.parentName","Cơ quan cấp trên",true,AGENCY,NEVER_AUTO,NONE,"Label ""Cơ quan cấp trên"" matches NEVER_AUTO pattern.",,TEXT
BM-145,"agency.name","Viện kiểm sát ban hành",true,AGENCY,NEVER_AUTO,NONE,"Label ""Viện kiểm sát ban hành"" matches NEVER_AUTO pattern.",,TEXT
BM-145,"document.documentCode","Số quyết định",true,MANUAL,NEVER_AUTO,NONE,"Label ""Số quyết định"" matches NEVER_AUTO pattern.",,TEXT
BM-145,"document.issuePlaceAndDateLine","Địa danh, ngày ban hành",true,SYSTEM,SAFE_RUNTIME_DEFAULT,DOCUMENT_PLACE_DATE,"SYSTEM/CURRENT_DATE field. Label ""Địa danh, ngày ban hành"" matches safe document place/date pattern.","TP. Hồ Chí Minh, ngày 01 tháng 01 năm 2026",TEXT
BM-145,"prosecutionSupplementReturn.returnRoundLine","Vòng trả hồ sơ",true,MANUAL,NEVER_AUTO,NONE,"Label ""Vòng trả hồ sơ"" matches NEVER_AUTO pattern.",,TEXT
BM-145,"official.issuerTitle","Chủ thể ban hành",true,MANUAL,NEVER_AUTO,NONE,"Label ""Chủ thể ban hành"" matches NEVER_AUTO pattern.",,TEXT
BM-145,"prosecutionSupplementReturn.procedureArticlesLine","Căn cứ Bộ luật Tố tụng hình sự",true,OFFICIAL,NEVER_AUTO,NONE,"Label ""Căn cứ Bộ luật Tố tụng hình sự"" matches NEVER_AUTO pattern.",,TEXTAREA
BM-145,"prosecutionSupplementReturn.investigationConclusionLegalBasisLine","Căn cứ kết luận điều tra",true,MANUAL,SAFE_GENERIC_PREFILL,GENERIC_TEXT,"Path ""prosecutionSupplementReturn.investigationConclusionLegalBasisLine"" is generic/common boilerplate safe for prefill.",,TEXTAREA
BM-145,"prosecutionSupplementReturn.courtReturnDecisionLegalBasisLine","Căn cứ quyết định Tòa án trả hồ sơ",true,MANUAL,SAFE_GENERIC_PREFILL,GENERIC_TEXT,"Path ""prosecutionSupplementReturn.courtReturnDecisionLegalBasisLine"" is generic/common boilerplate safe for prefill.",,TEXTAREA
BM-145,"prosecutionSupplementReturn.reasonLine","Lý do trả hồ sơ",true,MANUAL,NEVER_AUTO,NONE,"Label ""Lý do trả hồ sơ"" matches NEVER_AUTO pattern.",,TEXTAREA
BM-145,"prosecutionSupplementReturn.article1IntroLine","Điều 1 - Mở đầu",true,MANUAL,NEVER_AUTO,NONE,"Label ""Điều 1 - Mở đầu"" matches NEVER_AUTO pattern.",,TEXTAREA
BM-145,"prosecutionSupplementReturn.supplementIssue1Line","Điều 1 - Vấn đề 1 cần điều tra bổ sung",true,MANUAL,NEVER_AUTO,NONE,"Label ""Điều 1 - Vấn đề 1 cần điều tra bổ sung"" matches NEVER_AUTO pattern.",,TEXTAREA
BM-145,"prosecutionSupplementReturn.supplementIssue2Line","Điều 1 - Vấn đề 2 cần điều tra bổ sung",true,MANUAL,NEVER_AUTO,NONE,"Label ""Điều 1 - Vấn đề 2 cần điều tra bổ sung"" matches NEVER_AUTO pattern.",,TEXTAREA
BM-145,"prosecutionSupplementReturn.supplementIssue3Line","Điều 1 - Vấn đề 3 cần điều tra bổ sung",false,MANUAL,NEVER_AUTO,NONE,"Label ""Điều 1 - Vấn đề 3 cần điều tra bổ sung"" matches NEVER_AUTO pattern.",,TEXTAREA
BM-145,"prosecutionSupplementReturn.article2Line","Điều 2 - Chuyển hồ sơ",true,MANUAL,NEVER_AUTO,NONE,"Label ""Điều 2 - Chuyển hồ sơ"" matches NEVER_AUTO pattern.",,TEXTAREA
BM-145,"prosecutionSupplementReturn.article3Line","Điều 3 - Yêu cầu",true,MANUAL,NEVER_AUTO,NONE,"Label ""Điều 3 - Yêu cầu"" matches NEVER_AUTO pattern.",,TEXTAREA
BM-145,"prosecutionSupplementReturn.investigationAuthorityRecipientLine","Nơi nhận - Cơ quan điều tra",true,MANUAL,SAFE_GENERIC_PREFILL,GENERIC_TEXT,"Path ""prosecutionSupplementReturn.investigationAuthorityRecipientLine"" is generic/common boilerplate safe for prefill.",,TEXT
BM-145,"recipients.archiveLine","Lưu hồ sơ",true,MANUAL,SAFE_GENERIC_PREFILL,GENERIC_TEXT,"Path ""recipients.archiveLine"" is generic/common boilerplate safe for prefill.",,TEXT
BM-145,"signature.signMode","Chế độ ký",true,OFFICIAL,NEVER_AUTO,NONE,"Label ""Chế độ ký"" matches NEVER_AUTO pattern.",,TEXT
BM-145,"signature.positionTitle","Chức vụ người ký",true,OFFICIAL,NEVER_AUTO,NONE,"Label ""Chức vụ người ký"" matches NEVER_AUTO pattern.",,TEXT
BM-145,"signature.signerName","Người ký",true,OFFICIAL,NEVER_AUTO,NONE,"Label ""Người ký"" matches NEVER_AUTO pattern.",,TEXT
BM-146,"agency.parentName","Cơ quan cấp trên",true,AGENCY,NEVER_AUTO,NONE,"Label ""Cơ quan cấp trên"" matches NEVER_AUTO pattern.",,TEXT
BM-146,"agency.name","Viện kiểm sát ban hành",true,AGENCY,NEVER_AUTO,NONE,"Label ""Viện kiểm sát ban hành"" matches NEVER_AUTO pattern.",,TEXT
BM-146,"document.documentCode","Số quyết định",true,MANUAL,NEVER_AUTO,NONE,"Label ""Số quyết định"" matches NEVER_AUTO pattern.",,TEXT
BM-146,"document.issuePlaceAndDateLine","Địa danh, ngày ban hành",true,SYSTEM,SAFE_RUNTIME_DEFAULT,DOCUMENT_PLACE_DATE,"SYSTEM/CURRENT_DATE field. Label ""Địa danh, ngày ban hành"" matches safe document place/date pattern.","TP. Hồ Chí Minh, ngày 01 tháng 01 năm 2026",TEXT
BM-146,"official.issuerTitle","Chủ thể ban hành",true,MANUAL,NEVER_AUTO,NONE,"Label ""Chủ thể ban hành"" matches NEVER_AUTO pattern.",,TEXT
BM-146,"prosecutionCaseSuspension.procedureArticlesLine","Căn cứ Bộ luật Tố tụng hình sự",true,OFFICIAL,NEVER_AUTO,NONE,"Label ""Căn cứ Bộ luật Tố tụng hình sự"" matches NEVER_AUTO pattern.",,TEXTAREA
BM-146,"prosecutionCaseSuspension.caseDecisionLegalBasisLine","Căn cứ quyết định vụ án",true,MANUAL,SAFE_GENERIC_PREFILL,GENERIC_TEXT,"Path ""prosecutionCaseSuspension.caseDecisionLegalBasisLine"" is generic/common boilerplate safe for prefill.",,TEXTAREA
BM-146,"prosecutionCaseSuspension.reasonLine","Lý do đình chỉ điều tra vụ án",true,MANUAL,NEVER_AUTO,NONE,"Label ""Lý do đình chỉ điều tra vụ án"" matches NEVER_AUTO pattern.",,TEXTAREA
BM-146,"prosecutionCaseSuspension.article1Line","Điều 1 - Nội dung quyết định",true,MANUAL,NEVER_AUTO,NONE,"Label ""Điều 1 - Nội dung quyết định"" matches NEVER_AUTO pattern.",,TEXTAREA
BM-146,"prosecutionCaseSuspension.article2Line","Điều 2 - Xử lý vật chứng",true,MANUAL,NEVER_AUTO,NONE,"Label ""Điều 2 - Xử lý vật chứng"" matches NEVER_AUTO pattern.",,TEXTAREA
BM-146,"prosecutionCaseSuspension.article3Line","Điều 3 - Thông báo",true,MANUAL,NEVER_AUTO,NONE,"Label ""Điều 3 - Thông báo"" matches NEVER_AUTO pattern.",,TEXTAREA
BM-146,"prosecutionCaseSuspension.article4Line","Điều 4 - Thẩm quyền giải quyết",true,MANUAL,NEVER_AUTO,NONE,"Label ""Điều 4 - Thẩm quyền giải quyết"" matches NEVER_AUTO pattern.",,TEXTAREA
BM-146,"prosecutionCaseSuspension.investigationAuthorityRecipientLine","Nơi nhận - Cơ quan điều tra",true,MANUAL,SAFE_GENERIC_PREFILL,GENERIC_TEXT,"Path ""prosecutionCaseSuspension.investigationAuthorityRecipientLine"" is generic/common boilerplate safe for prefill.",,TEXT
BM-146,"recipients.otherRecipientsLine","Nơi nhận khác",false,MANUAL,SAFE_GENERIC_PREFILL,GENERIC_TEXT,"Path ""recipients.otherRecipientsLine"" is generic/common boilerplate safe for prefill.",,TEXT
BM-146,"recipients.archiveLine","Lưu hồ sơ",true,MANUAL,SAFE_GENERIC_PREFILL,GENERIC_TEXT,"Path ""recipients.archiveLine"" is generic/common boilerplate safe for prefill.",,TEXT
BM-146,"signature.signMode","Chế độ ký",true,OFFICIAL,NEVER_AUTO,NONE,"Label ""Chế độ ký"" matches NEVER_AUTO pattern.",,TEXT
BM-146,"signature.positionTitle","Chức vụ người ký",true,OFFICIAL,NEVER_AUTO,NONE,"Label ""Chức vụ người ký"" matches NEVER_AUTO pattern.",,TEXT
BM-146,"signature.signerName","Người ký",true,OFFICIAL,NEVER_AUTO,NONE,"Label ""Người ký"" matches NEVER_AUTO pattern.",,TEXT
BM-147,"agency.vienKiem","Tên cơ quan",false,AGENCY,NEVER_AUTO,NONE,"Label ""Tên cơ quan"" matches NEVER_AUTO pattern.",,TEXT
BM-147,"document.soQuyet","Số quyết định",false,MANUAL,NEVER_AUTO,NONE,"Label ""Số quyết định"" matches NEVER_AUTO pattern.",,TEXT
BM-147,"agency.diaDanh","Địa danh",false,AGENCY,NEVER_AUTO,NONE,"Label ""Địa danh"" matches NEVER_AUTO pattern.",,TEXT
BM-147,"document.ngayBan","Ngày ban hành",false,MANUAL,SAFE_GENERIC_PREFILL,GENERIC_TEXT,"Path ""document.ngayBan"" is generic/common boilerplate safe for prefill.","01",TEXT
BM-148,"agency.parentName","Cơ quan cấp trên",true,AGENCY,NEVER_AUTO,NONE,"Label ""Cơ quan cấp trên"" matches NEVER_AUTO pattern.",,TEXT
BM-148,"agency.name","Viện kiểm sát ban hành",true,AGENCY,NEVER_AUTO,NONE,"Label ""Viện kiểm sát ban hành"" matches NEVER_AUTO pattern.",,TEXT
BM-148,"document.documentCode","Số quyết định",true,MANUAL,NEVER_AUTO,NONE,"Label ""Số quyết định"" matches NEVER_AUTO pattern.",,TEXT
BM-148,"document.issuePlaceAndDateLine","Địa danh, ngày ban hành",true,SYSTEM,SAFE_RUNTIME_DEFAULT,DOCUMENT_PLACE_DATE,"SYSTEM/CURRENT_DATE field. Label ""Địa danh, ngày ban hành"" matches safe document place/date pattern.","TP. Hồ Chí Minh, ngày 01 tháng 01 năm 2026",TEXT
BM-148,"official.issuerTitle","Chủ thể ban hành",true,MANUAL,NEVER_AUTO,NONE,"Label ""Chủ thể ban hành"" matches NEVER_AUTO pattern.",,TEXT
BM-148,"legalBasis.procedureArticlesLine","Căn cứ Bộ luật Tố tụng hình sự",true,OFFICIAL,NEVER_AUTO,NONE,"Label ""Căn cứ Bộ luật Tố tụng hình sự"" matches NEVER_AUTO pattern.",,TEXTAREA
BM-148,"legalBasis.juvenileJusticeLine","Căn cứ Luật xử lý vi phạm hành chính",false,MANUAL,SAFE_GENERIC_PREFILL,GENERIC_TEXT,"Path ""legalBasis.juvenileJusticeLine"" is generic/common boilerplate safe for prefill.",,TEXTAREA
BM-148,"caseDecision.prosecutionDecisionLegalBasisLine","Căn cứ quyết định truy tố",true,MANUAL,SAFE_GENERIC_PREFILL,GENERIC_TEXT,"Path ""caseDecision.prosecutionDecisionLegalBasisLine"" is generic/common boilerplate safe for prefill.",,TEXTAREA
BM-148,"accusedDecision.prosecutionDecisionLegalBasisLine","Căn cứ quyết định đối với bị can",true,MANUAL,SAFE_GENERIC_PREFILL,GENERIC_TEXT,"Path ""accusedDecision.prosecutionDecisionLegalBasisLine"" is generic/common boilerplate safe for prefill.",,TEXTAREA
BM-148,"suspension.reasonLine","Lý do đình chỉ điều tra",true,MANUAL,NEVER_AUTO,NONE,"Label ""Lý do đình chỉ điều tra"" matches NEVER_AUTO pattern.",,TEXTAREA
BM-148,"suspension.article1Line","Điều 1 - Nội dung quyết định",true,MANUAL,NEVER_AUTO,NONE,"Label ""Điều 1 - Nội dung quyết định"" matches NEVER_AUTO pattern.",,TEXTAREA
BM-148,"person.fullName","Họ và tên",true,MANUAL,NEVER_AUTO,NONE,"Label ""Họ và tên"" matches NEVER_AUTO pattern.",,TEXT
BM-148,"person.genderText","Giới tính",true,MANUAL,NEVER_AUTO,NONE,"Label ""Giới tính"" matches NEVER_AUTO pattern.",,SELECT
BM-148,"person.otherName","Tên gọi khác",false,MANUAL,NEVER_AUTO,NONE,"Label ""Tên gọi khác"" matches NEVER_AUTO pattern.",,TEXT
BM-148,"person.birthDateLine","Sinh ngày",true,SYSTEM,NEVER_AUTO,NONE,"Path ""person.birthDateLine"" starts with NEVER_AUTO path prefix.",,TEXT
BM-148,"person.nationalityEthnicityReligionLine","Quốc tịch, dân tộc, tôn giáo",true,MANUAL,NEVER_AUTO,NONE,"Label ""Quốc tịch, dân tộc, tôn giáo"" matches NEVER_AUTO pattern.",,TEXT
BM-148,"person.occupation","Nghề nghiệp",true,MANUAL,NEVER_AUTO,NONE,"Label ""Nghề nghiệp"" matches NEVER_AUTO pattern.",,TEXT
BM-148,"person.identityNo","Số CMND/CCCD",true,MANUAL,NEVER_AUTO,NONE,"Label ""Số CMND/CCCD"" matches NEVER_AUTO pattern.",,TEXT
BM-148,"person.identityIssueLine","Nơi cấp CMND/CCCD",true,MANUAL,NEVER_AUTO,NONE,"Path ""person.identityIssueLine"" starts with NEVER_AUTO path prefix.",,TEXT
BM-148,"person.permanentResidence","Nơi thường trú",true,MANUAL,NEVER_AUTO,NONE,"Label ""Nơi thường trú"" matches NEVER_AUTO pattern.",,TEXTAREA
BM-148,"person.temporaryResidence","Nơi tạm trú",false,MANUAL,NEVER_AUTO,NONE,"Label ""Nơi tạm trú"" matches NEVER_AUTO pattern.",,TEXTAREA
BM-148,"person.currentResidence","Nơi ở hiện tại",true,MANUAL,NEVER_AUTO,NONE,"Label ""Nơi ở hiện tại"" matches NEVER_AUTO pattern.",,TEXTAREA
BM-148,"suspension.article2ActionLine","Điều 2 - Hành động",true,MANUAL,NEVER_AUTO,NONE,"Label ""Điều 2 - Hành động"" matches NEVER_AUTO pattern.",,TEXTAREA
BM-148,"suspension.executionRequestLine","Điều 3 - Yêu cầu",true,MANUAL,NEVER_AUTO,NONE,"Label ""Điều 3 - Yêu cầu"" matches NEVER_AUTO pattern.",,TEXTAREA
BM-148,"recipients.line1","Nơi nhận chính 1",true,MANUAL,SAFE_GENERIC_PREFILL,GENERIC_TEXT,"Path ""recipients.line1"" is generic/common boilerplate safe for prefill.",,TEXT
BM-148,"recipients.line2","Nơi nhận chính 2",true,MANUAL,SAFE_GENERIC_PREFILL,GENERIC_TEXT,"Path ""recipients.line2"" is generic/common boilerplate safe for prefill.",,TEXT
BM-148,"recipients.archiveLine","Lưu hồ sơ",true,MANUAL,SAFE_GENERIC_PREFILL,GENERIC_TEXT,"Path ""recipients.archiveLine"" is generic/common boilerplate safe for prefill.",,TEXT
BM-148,"signature.signMode","Chế độ ký",true,OFFICIAL,NEVER_AUTO,NONE,"Label ""Chế độ ký"" matches NEVER_AUTO pattern.",,TEXT
BM-148,"signature.positionTitle","Chức vụ người ký",true,OFFICIAL,NEVER_AUTO,NONE,"Label ""Chức vụ người ký"" matches NEVER_AUTO pattern.",,TEXT
BM-148,"signature.signerName","Người ký",true,OFFICIAL,NEVER_AUTO,NONE,"Label ""Người ký"" matches NEVER_AUTO pattern.",,TEXT
BM-149,"agency.vienKiem","Tên cơ quan",false,AGENCY,NEVER_AUTO,NONE,"Label ""Tên cơ quan"" matches NEVER_AUTO pattern.",,TEXT
BM-149,"document.soQuyet","Số quyết định",false,MANUAL,NEVER_AUTO,NONE,"Label ""Số quyết định"" matches NEVER_AUTO pattern.",,TEXT
BM-149,"agency.diaDanh","Địa danh",false,AGENCY,NEVER_AUTO,NONE,"Label ""Địa danh"" matches NEVER_AUTO pattern.",,TEXT
BM-149,"document.ngayBan","Ngày ban hành",false,MANUAL,SAFE_GENERIC_PREFILL,GENERIC_TEXT,"Path ""document.ngayBan"" is generic/common boilerplate safe for prefill.","01",TEXT
BM-149,"agency.dongDia","Dòng địa danh",false,AGENCY,NEVER_AUTO,NONE,"Label ""Dòng địa danh"" matches NEVER_AUTO pattern.",,TEXT
BM-149,"document.chuThe","Chủ thể liên quan",false,MANUAL,NEVER_AUTO,NONE,"Label ""Chủ thể liên quan"" matches NEVER_AUTO pattern.",,TEXT
BM-150,"agency.parentName","Cơ quan cấp trên",true,AGENCY,NEVER_AUTO,NONE,"Label ""Cơ quan cấp trên"" matches NEVER_AUTO pattern.",,TEXT
BM-150,"agency.name","Viện kiểm sát ban hành",true,AGENCY,NEVER_AUTO,NONE,"Label ""Viện kiểm sát ban hành"" matches NEVER_AUTO pattern.",,TEXT
BM-150,"document.documentCode","Số quyết định",true,MANUAL,NEVER_AUTO,NONE,"Label ""Số quyết định"" matches NEVER_AUTO pattern.",,TEXT
BM-150,"document.issuePlaceAndDateLine","Địa danh, ngày ban hành",true,SYSTEM,SAFE_RUNTIME_DEFAULT,DOCUMENT_PLACE_DATE,"SYSTEM/CURRENT_DATE field. Label ""Địa danh, ngày ban hành"" matches safe document place/date pattern.","TP. Hồ Chí Minh, ngày 01 tháng 01 năm 2026",TEXT
BM-150,"official.issuerTitle","Chủ thể ban hành",true,MANUAL,NEVER_AUTO,NONE,"Label ""Chủ thể ban hành"" matches NEVER_AUTO pattern.",,TEXT
BM-150,"prosecutionCaseTermination.procedureArticlesLine","Căn cứ Bộ luật Tố tụng hình sự",true,OFFICIAL,NEVER_AUTO,NONE,"Label ""Căn cứ Bộ luật Tố tụng hình sự"" matches NEVER_AUTO pattern.",,TEXTAREA
BM-150,"prosecutionCaseTermination.caseDecisionLegalBasisLine","Căn cứ quyết định vụ án",true,MANUAL,SAFE_GENERIC_PREFILL,GENERIC_TEXT,"Path ""prosecutionCaseTermination.caseDecisionLegalBasisLine"" is generic/common boilerplate safe for prefill.",,TEXTAREA
BM-150,"prosecutionCaseTermination.accusedDecisionLegalBasisLine","Căn cứ quyết định khởi tố bị can",true,MANUAL,SAFE_GENERIC_PREFILL,GENERIC_TEXT,"Path ""prosecutionCaseTermination.accusedDecisionLegalBasisLine"" is generic/common boilerplate safe for prefill.",,TEXTAREA
BM-150,"prosecutionCaseTermination.reasonLine","Lý do chấm dứt truy tố",true,MANUAL,NEVER_AUTO,NONE,"Label ""Lý do chấm dứt truy tố"" matches NEVER_AUTO pattern.",,TEXTAREA
BM-150,"prosecutionCaseTermination.article1Line","Điều 1 - Nội dung quyết định",true,MANUAL,NEVER_AUTO,NONE,"Label ""Điều 1 - Nội dung quyết định"" matches NEVER_AUTO pattern.",,TEXTAREA
BM-150,"prosecutionCaseTermination.article2Line","Điều 2 - Hậu quả pháp lý",true,MANUAL,NEVER_AUTO,NONE,"Label ""Điều 2 - Hậu quả pháp lý"" matches NEVER_AUTO pattern.",,TEXTAREA
BM-150,"prosecutionCaseTermination.article3Line","Điều 3 - Thông báo",true,MANUAL,NEVER_AUTO,NONE,"Label ""Điều 3 - Thông báo"" matches NEVER_AUTO pattern.",,TEXTAREA
BM-150,"prosecutionCaseTermination.article4Line","Điều 4 - Khiếu nại",true,MANUAL,NEVER_AUTO,NONE,"Label ""Điều 4 - Khiếu nại"" matches NEVER_AUTO pattern.",,TEXTAREA
BM-150,"prosecutionCaseTermination.superiorProcuracyRecipientLine","Nơi nhận - VKS cấp trên",true,MANUAL,SAFE_GENERIC_PREFILL,GENERIC_TEXT,"Path ""prosecutionCaseTermination.superiorProcuracyRecipientLine"" is generic/common boilerplate safe for prefill.",,TEXT
BM-150,"recipients.otherRecipientsLine","Nơi nhận - Cơ quan khác",true,MANUAL,SAFE_GENERIC_PREFILL,GENERIC_TEXT,"Path ""recipients.otherRecipientsLine"" is generic/common boilerplate safe for prefill.",,TEXT
BM-150,"prosecutionCaseTermination.accusedOrRepresentativeRecipientLine","Nơi nhận - Bị can/đại diện",true,MANUAL,SAFE_GENERIC_PREFILL,GENERIC_TEXT,"Path ""prosecutionCaseTermination.accusedOrRepresentativeRecipientLine"" is generic/common boilerplate safe for prefill.",,TEXT
BM-150,"prosecutionCaseTermination.investigationAuthorityRecipientLine","Nơi nhận - Cơ quan điều tra",true,MANUAL,SAFE_GENERIC_PREFILL,GENERIC_TEXT,"Path ""prosecutionCaseTermination.investigationAuthorityRecipientLine"" is generic/common boilerplate safe for prefill.",,TEXT
BM-150,"prosecutionCaseTermination.defenseCounselRecipientLine","Nơi nhận - Luật sư",true,MANUAL,SAFE_GENERIC_PREFILL,GENERIC_TEXT,"Path ""prosecutionCaseTermination.defenseCounselRecipientLine"" is generic/common boilerplate safe for prefill.",,TEXT
BM-150,"recipients.archiveLine","Lưu hồ sơ",true,MANUAL,SAFE_GENERIC_PREFILL,GENERIC_TEXT,"Path ""recipients.archiveLine"" is generic/common boilerplate safe for prefill.",,TEXT
BM-150,"signature.signMode","Chế độ ký",true,OFFICIAL,NEVER_AUTO,NONE,"Label ""Chế độ ký"" matches NEVER_AUTO pattern.",,TEXT
BM-150,"signature.positionTitle","Chức vụ người ký",true,OFFICIAL,NEVER_AUTO,NONE,"Label ""Chức vụ người ký"" matches NEVER_AUTO pattern.",,TEXT
BM-150,"signature.signerName","Người ký",true,OFFICIAL,NEVER_AUTO,NONE,"Label ""Người ký"" matches NEVER_AUTO pattern.",,TEXT
BM-151,"agency.vienKiem","Tên cơ quan",false,AGENCY,NEVER_AUTO,NONE,"Label ""Tên cơ quan"" matches NEVER_AUTO pattern.",,TEXT
BM-151,"document.soQuyet","Số quyết định",false,MANUAL,NEVER_AUTO,NONE,"Label ""Số quyết định"" matches NEVER_AUTO pattern.",,TEXT
BM-151,"agency.diaDanh","Địa danh",false,AGENCY,NEVER_AUTO,NONE,"Label ""Địa danh"" matches NEVER_AUTO pattern.",,TEXT
BM-152,"agency.vienKiem","Tên cơ quan",false,AGENCY,NEVER_AUTO,NONE,"Label ""Tên cơ quan"" matches NEVER_AUTO pattern.",,TEXT
BM-152,"document.soQuyet","Số quyết định",false,MANUAL,NEVER_AUTO,NONE,"Label ""Số quyết định"" matches NEVER_AUTO pattern.",,TEXT
BM-152,"recipients.personLine","Người bị áp dụng",false,MANUAL,NEVER_AUTO,NONE,"Label ""Người bị áp dụng"" matches NEVER_AUTO pattern.",,TEXT
BM-152,"agency.diaDanh","Địa danh",false,AGENCY,NEVER_AUTO,NONE,"Label ""Địa danh"" matches NEVER_AUTO pattern.",,TEXT
BM-152,"document.ngayBan","Ngày ban hành",false,MANUAL,SAFE_GENERIC_PREFILL,GENERIC_TEXT,"Path ""document.ngayBan"" is generic/common boilerplate safe for prefill.","01",TEXT
BM-152,"agency.dongDia","Dòng địa danh",false,AGENCY,NEVER_AUTO,NONE,"Label ""Dòng địa danh"" matches NEVER_AUTO pattern.",,TEXT
BM-152,"document.chuThe","Chủ thể liên quan",false,MANUAL,NEVER_AUTO,NONE,"Label ""Chủ thể liên quan"" matches NEVER_AUTO pattern.",,TEXT
BM-152,"legalBasis.canCu","Căn cứ pháp lý",false,MANUAL,SAFE_GENERIC_PREFILL,GENERIC_TEXT,"Path ""legalBasis.canCu"" is generic/common boilerplate safe for prefill.",,TEXT
BM-152,"person.tenBi","Tên bị can / bị cáo",false,MANUAL,NEVER_AUTO,NONE,"Label ""Tên bị can / bị cáo"" matches NEVER_AUTO pattern.",,TEXT
BM-153,"agency.vienKiem","Tên cơ quan",false,AGENCY,NEVER_AUTO,NONE,"Label ""Tên cơ quan"" matches NEVER_AUTO pattern.",,TEXT
BM-153,"document.soQuyet","Số quyết định",false,MANUAL,NEVER_AUTO,NONE,"Label ""Số quyết định"" matches NEVER_AUTO pattern.",,TEXT
BM-153,"agency.diaDanh","Địa danh",false,AGENCY,NEVER_AUTO,NONE,"Label ""Địa danh"" matches NEVER_AUTO pattern.",,TEXT
BM-153,"document.ngayBan","Ngày ban hành",false,MANUAL,SAFE_GENERIC_PREFILL,GENERIC_TEXT,"Path ""document.ngayBan"" is generic/common boilerplate safe for prefill.","01",TEXT
BM-153,"agency.dongDia","Dòng địa danh",false,AGENCY,NEVER_AUTO,NONE,"Label ""Dòng địa danh"" matches NEVER_AUTO pattern.",,TEXT
BM-154,"agency.vienKiem","Tên cơ quan",false,AGENCY,NEVER_AUTO,NONE,"Label ""Tên cơ quan"" matches NEVER_AUTO pattern.",,TEXT
BM-154,"document.soQuyet","Số quyết định",false,MANUAL,NEVER_AUTO,NONE,"Label ""Số quyết định"" matches NEVER_AUTO pattern.",,TEXT
BM-154,"agency.diaDanh","Địa danh",false,AGENCY,NEVER_AUTO,NONE,"Label ""Địa danh"" matches NEVER_AUTO pattern.",,TEXT
BM-154,"document.ngayBan","Ngày ban hành",false,MANUAL,SAFE_GENERIC_PREFILL,GENERIC_TEXT,"Path ""document.ngayBan"" is generic/common boilerplate safe for prefill.","01",TEXT
BM-154,"agency.dongDia","Dòng địa danh",false,AGENCY,NEVER_AUTO,NONE,"Label ""Dòng địa danh"" matches NEVER_AUTO pattern.",,TEXT
BM-154,"document.chuThe","Chủ thể liên quan",false,MANUAL,NEVER_AUTO,NONE,"Label ""Chủ thể liên quan"" matches NEVER_AUTO pattern.",,TEXT
BM-155,"agency.vienKiem","Tên cơ quan",false,AGENCY,NEVER_AUTO,NONE,"Label ""Tên cơ quan"" matches NEVER_AUTO pattern.",,TEXT
BM-155,"document.soQuyet","Số quyết định",false,MANUAL,NEVER_AUTO,NONE,"Label ""Số quyết định"" matches NEVER_AUTO pattern.",,TEXT
BM-155,"agency.diaDanh","Địa danh",false,AGENCY,NEVER_AUTO,NONE,"Label ""Địa danh"" matches NEVER_AUTO pattern.",,TEXT
BM-155,"document.ngayBan","Ngày ban hành",false,MANUAL,SAFE_GENERIC_PREFILL,GENERIC_TEXT,"Path ""document.ngayBan"" is generic/common boilerplate safe for prefill.","01",TEXT
BM-155,"recipients.personLine","Người bị áp dụng",false,MANUAL,NEVER_AUTO,NONE,"Label ""Người bị áp dụng"" matches NEVER_AUTO pattern.",,TEXT
BM-155,"document.chuThe","Chủ thể liên quan",false,MANUAL,NEVER_AUTO,NONE,"Label ""Chủ thể liên quan"" matches NEVER_AUTO pattern.",,TEXT
BM-155,"legalBasis.canCu","Căn cứ pháp lý",false,MANUAL,SAFE_GENERIC_PREFILL,GENERIC_TEXT,"Path ""legalBasis.canCu"" is generic/common boilerplate safe for prefill.",,TEXT
BM-155,"document.soQd","Số quyết định",false,MANUAL,NEVER_AUTO,NONE,"Label ""Số quyết định"" matches NEVER_AUTO pattern.",,TEXT
BM-155,"document.ngayQd","Ngày quyết định",false,MANUAL,REVIEW_REQUIRED,NONE,"Label ""Ngày quyết định"" is ambiguous — requires manual classification before auto-fill.",,TEXT
BM-155,"person.tenBi","Tên bị can / bị cáo",false,MANUAL,NEVER_AUTO,NONE,"Label ""Tên bị can / bị cáo"" matches NEVER_AUTO pattern.",,TEXT
BM-155,"document.tenVu","Tên vụ án / vụ việc",false,MANUAL,NEVER_AUTO,NONE,"Label ""Tên vụ án / vụ việc"" matches NEVER_AUTO pattern.",,TEXT
BM-155,"document.lyDo","Lý do",false,MANUAL,NEVER_AUTO,NONE,"Label ""Lý do"" matches NEVER_AUTO pattern.",,TEXT
BM-155,"document.dieu1","Nội dung Điều 1",false,MANUAL,NEVER_AUTO,NONE,"Label ""Nội dung Điều 1"" matches NEVER_AUTO pattern.",,TEXT
BM-155,"document.dieu2","Nội dung Điều 2",false,MANUAL,NEVER_AUTO,NONE,"Label ""Nội dung Điều 2"" matches NEVER_AUTO pattern.",,TEXT
BM-155,"recipients.noiNhan","Nơi nhận",false,MANUAL,SAFE_GENERIC_PREFILL,GENERIC_TEXT,"Path ""recipients.noiNhan"" is generic/common boilerplate safe for prefill.",,TEXT
BM-156,"agency.parentName","Cơ quan cấp trên",true,AGENCY,NEVER_AUTO,NONE,"Label ""Cơ quan cấp trên"" matches NEVER_AUTO pattern.",,TEXT
BM-156,"agency.name","Viện kiểm sát ban hành",true,AGENCY,NEVER_AUTO,NONE,"Label ""Viện kiểm sát ban hành"" matches NEVER_AUTO pattern.",,TEXT
BM-156,"document.documentCode","Số quyết định",true,MANUAL,NEVER_AUTO,NONE,"Label ""Số quyết định"" matches NEVER_AUTO pattern.",,TEXT
BM-156,"document.issuePlaceAndDateLine","Địa danh, ngày ban hành",true,SYSTEM,SAFE_RUNTIME_DEFAULT,DOCUMENT_PLACE_DATE,"SYSTEM/CURRENT_DATE field. Label ""Địa danh, ngày ban hành"" matches safe document place/date pattern.","TP. Hồ Chí Minh, ngày 01 tháng 01 năm 2026",TEXT
BM-156,"official.issuerTitle","Chủ thể ban hành",true,MANUAL,NEVER_AUTO,NONE,"Label ""Chủ thể ban hành"" matches NEVER_AUTO pattern.",,TEXT
BM-156,"legalBasis.procedureArticlesLine","Căn cứ Bộ luật Tố tụng hình sự",true,OFFICIAL,NEVER_AUTO,NONE,"Label ""Căn cứ Bộ luật Tố tụng hình sự"" matches NEVER_AUTO pattern.",,TEXTAREA
BM-156,"caseDecision.prosecutionDecisionLegalBasisLine","Căn cứ quyết định truy tố",true,MANUAL,SAFE_GENERIC_PREFILL,GENERIC_TEXT,"Path ""caseDecision.prosecutionDecisionLegalBasisLine"" is generic/common boilerplate safe for prefill.",,TEXTAREA
BM-156,"accusedDecision.prosecutionDecisionLegalBasisLine","Căn cứ quyết định đối với bị can",true,MANUAL,SAFE_GENERIC_PREFILL,GENERIC_TEXT,"Path ""accusedDecision.prosecutionDecisionLegalBasisLine"" is generic/common boilerplate safe for prefill.",,TEXTAREA
BM-156,"caseJoinder.legalBasisLine","Căn cứ gộp vụ án",false,OFFICIAL,NEVER_AUTO,NONE,"Label ""Căn cứ gộp vụ án"" matches NEVER_AUTO pattern.",,TEXTAREA
BM-156,"caseRecovery.legalBasisLine","Căn cứ thu hồi vụ án",false,OFFICIAL,NEVER_AUTO,NONE,"Label ""Căn cứ thu hồi vụ án"" matches NEVER_AUTO pattern.",,TEXTAREA
BM-156,"investigationConclusion.legalBasisLine","Căn cứ kết luận điều tra",false,OFFICIAL,NEVER_AUTO,NONE,"Label ""Căn cứ kết luận điều tra"" matches NEVER_AUTO pattern.",,TEXTAREA
BM-156,"indictment.criminalActDescriptionLine","Mô tả hành vi phạm tội",true,MANUAL,NEVER_AUTO,NONE,"Path ""indictment.criminalActDescriptionLine"" starts with NEVER_AUTO path prefix.",,TEXTAREA
BM-156,"indictment.aggravatingMitigatingAnalysisLine","Phân tích tăng nặng, giảm nhẹ",true,MANUAL,NEVER_AUTO,NONE,"Path ""indictment.aggravatingMitigatingAnalysisLine"" starts with NEVER_AUTO path prefix.",,TEXTAREA
BM-156,"indictment.evidenceHandlingLine","Tình trạng tang vật, phương tiện",true,MANUAL,NEVER_AUTO,NONE,"Path ""indictment.evidenceHandlingLine"" starts with NEVER_AUTO path prefix.",,TEXTAREA
BM-156,"indictment.civilLiabilityLine","Trách nhiệm dân sự",true,MANUAL,NEVER_AUTO,NONE,"Path ""indictment.civilLiabilityLine"" starts with NEVER_AUTO path prefix.",,TEXTAREA
BM-156,"indictment.otherFactsLine","Các tình tiết khác",false,MANUAL,NEVER_AUTO,NONE,"Path ""indictment.otherFactsLine"" starts with NEVER_AUTO path prefix.",,TEXTAREA
BM-156,"indictment.summaryConclusionLine","Tổng kết kết luận",true,OFFICIAL,NEVER_AUTO,NONE,"Path ""indictment.summaryConclusionLine"" starts with NEVER_AUTO path prefix.",,TEXTAREA
BM-156,"indictment.absentAccusedNoteLine","Ghi chú vắng mặt bị can",false,MANUAL,NEVER_AUTO,NONE,"Path ""indictment.absentAccusedNoteLine"" starts with NEVER_AUTO path prefix.",,TEXTAREA
BM-156,"indictment.defendantIdentityLine","Nhân thân bị can",true,MANUAL,NEVER_AUTO,NONE,"Path ""indictment.defendantIdentityLine"" starts with NEVER_AUTO path prefix.",,TEXTAREA
BM-156,"indictment.familyBackgroundLine","Hoàn cảnh gia đình",false,MANUAL,NEVER_AUTO,NONE,"Path ""indictment.familyBackgroundLine"" starts with NEVER_AUTO path prefix.",,TEXTAREA
BM-156,"indictment.specialStatusLine","Tình trạng đặc biệt",false,MANUAL,NEVER_AUTO,NONE,"Path ""indictment.specialStatusLine"" starts with NEVER_AUTO path prefix.",,TEXTAREA
BM-156,"indictment.administrativeViolationLine","Vi phạm hành chính liên quan",false,MANUAL,NEVER_AUTO,NONE,"Path ""indictment.administrativeViolationLine"" starts with NEVER_AUTO path prefix.",,TEXTAREA
BM-156,"indictment.criminalRecordLine","Tiền án",false,MANUAL,NEVER_AUTO,NONE,"Path ""indictment.criminalRecordLine"" starts with NEVER_AUTO path prefix.",,TEXTAREA
BM-156,"indictment.preventiveMeasureLine","Biện pháp ngăn chặn đang áp dụng",false,MANUAL,NEVER_AUTO,NONE,"Path ""indictment.preventiveMeasureLine"" starts with NEVER_AUTO path prefix.",,TEXTAREA
BM-156,"indictment.crimeConclusionLine","Kết luận về tội phạm",true,MANUAL,NEVER_AUTO,NONE,"Path ""indictment.crimeConclusionLine"" starts with NEVER_AUTO path prefix.",,TEXTAREA
BM-156,"indictment.aggravatingMitigatingLine","Tình tiết tăng nặng, giảm nhẹ trách nhiệm hình sự",true,MANUAL,NEVER_AUTO,NONE,"Path ""indictment.aggravatingMitigatingLine"" starts with NEVER_AUTO path prefix.",,TEXTAREA
BM-156,"indictment.separatedCaseHandlingLine","Xử lý vụ án tách biệt",false,MANUAL,NEVER_AUTO,NONE,"Path ""indictment.separatedCaseHandlingLine"" starts with NEVER_AUTO path prefix.",,TEXTAREA
BM-156,"indictment.article1Line","Điều 1 - Quyết định truy tố",true,OFFICIAL,NEVER_AUTO,NONE,"Path ""indictment.article1Line"" starts with NEVER_AUTO path prefix.",,TEXTAREA
BM-156,"indictment.replacementLine","Điều khoản thay thế",false,OFFICIAL,NEVER_AUTO,NONE,"Path ""indictment.replacementLine"" starts with NEVER_AUTO path prefix.",,TEXTAREA
BM-156,"indictment.caseFileLine","Hồ sơ vụ án",true,MANUAL,NEVER_AUTO,NONE,"Path ""indictment.caseFileLine"" starts with NEVER_AUTO path prefix.",,TEXTAREA
BM-156,"indictment.evidenceListLine","Danh mục chứng cứ",true,MANUAL,NEVER_AUTO,NONE,"Path ""indictment.evidenceListLine"" starts with NEVER_AUTO path prefix.",,TEXTAREA
BM-156,"indictment.summonedPersonsLine","Người được triệu tập",true,MANUAL,NEVER_AUTO,NONE,"Path ""indictment.summonedPersonsLine"" starts with NEVER_AUTO path prefix.",,TEXTAREA
BM-156,"recipients.courtLine","Nơi nhận - Tòa án",true,MANUAL,SAFE_GENERIC_PREFILL,GENERIC_TEXT,"Path ""recipients.courtLine"" is generic/common boilerplate safe for prefill.",,TEXT
BM-156,"recipients.accusedLine","Nơi nhận - Bị can",true,MANUAL,SAFE_GENERIC_PREFILL,GENERIC_TEXT,"Path ""recipients.accusedLine"" is generic/common boilerplate safe for prefill.",,TEXT
BM-156,"recipients.defenseCounselLine","Nơi nhận - Người bào chữa",true,MANUAL,SAFE_GENERIC_PREFILL,GENERIC_TEXT,"Path ""recipients.defenseCounselLine"" is generic/common boilerplate safe for prefill.",,TEXT
BM-156,"recipients.investigatingAgencyLine","Nơi nhận - Cơ quan điều tra",true,MANUAL,SAFE_GENERIC_PREFILL,GENERIC_TEXT,"Path ""recipients.investigatingAgencyLine"" is generic/common boilerplate safe for prefill.",,TEXT
BM-156,"recipients.otherRecipientLine","Nơi nhận - Người khác",false,MANUAL,SAFE_GENERIC_PREFILL,GENERIC_TEXT,"Path ""recipients.otherRecipientLine"" is generic/common boilerplate safe for prefill.",,TEXT
BM-156,"recipients.archiveLine","Lưu hồ sơ",true,MANUAL,SAFE_GENERIC_PREFILL,GENERIC_TEXT,"Path ""recipients.archiveLine"" is generic/common boilerplate safe for prefill.",,TEXT
BM-156,"signature.signMode","Chế độ ký",true,OFFICIAL,NEVER_AUTO,NONE,"Label ""Chế độ ký"" matches NEVER_AUTO pattern.",,TEXT
BM-156,"signature.positionTitle","Chức vụ người ký",true,OFFICIAL,NEVER_AUTO,NONE,"Label ""Chức vụ người ký"" matches NEVER_AUTO pattern.",,TEXT
BM-156,"signature.signerName","Người ký",true,OFFICIAL,NEVER_AUTO,NONE,"Label ""Người ký"" matches NEVER_AUTO pattern.",,TEXT
BM-157,"agency.vienKiem","Viện kiểm sát",false,AGENCY,NEVER_AUTO,NONE,"Label ""Viện kiểm sát"" matches NEVER_AUTO pattern.",,TEXT
BM-158,"agency.vienKiem","Tên cơ quan",false,AGENCY,NEVER_AUTO,NONE,"Label ""Tên cơ quan"" matches NEVER_AUTO pattern.",,TEXT
BM-158,"document.soDanh","Số danh sách",false,MANUAL,NEVER_AUTO,NONE,"Label ""Số danh sách"" matches NEVER_AUTO pattern.",,TEXT
BM-158,"agency.diaDanh","Địa danh",false,AGENCY,NEVER_AUTO,NONE,"Label ""Địa danh"" matches NEVER_AUTO pattern.",,TEXT
BM-159,"agency.parentName","Cơ quan cấp trên",true,AGENCY,NEVER_AUTO,NONE,"Label ""Cơ quan cấp trên"" matches NEVER_AUTO pattern.",,TEXT
BM-159,"agency.name","Viện kiểm sát ban hành",true,AGENCY,NEVER_AUTO,NONE,"Label ""Viện kiểm sát ban hành"" matches NEVER_AUTO pattern.",,TEXT
BM-159,"document.documentCode","Số quyết định",true,MANUAL,NEVER_AUTO,NONE,"Label ""Số quyết định"" matches NEVER_AUTO pattern.",,TEXT
BM-159,"document.issuePlaceAndDateLine","Địa danh, ngày ban hành",true,SYSTEM,SAFE_RUNTIME_DEFAULT,DOCUMENT_PLACE_DATE,"SYSTEM/CURRENT_DATE field. Label ""Địa danh, ngày ban hành"" matches safe document place/date pattern.","TP. Hồ Chí Minh, ngày 01 tháng 01 năm 2026",TEXT
BM-159,"official.issuerTitle","Chủ thể ban hành",true,MANUAL,NEVER_AUTO,NONE,"Label ""Chủ thể ban hành"" matches NEVER_AUTO pattern.",,TEXT
BM-159,"legalBasis.procedureArticlesLine","Căn cứ Bộ luật Tố tụng hình sự",true,OFFICIAL,NEVER_AUTO,NONE,"Label ""Căn cứ Bộ luật Tố tụng hình sự"" matches NEVER_AUTO pattern.",,TEXTAREA
BM-159,"subordinateProcuracyTrialAssignment.indictmentLine","Căn cứ cáo trạng",true,MANUAL,SAFE_GENERIC_PREFILL,GENERIC_TEXT,"Path ""subordinateProcuracyTrialAssignment.indictmentLine"" is generic/common boilerplate safe for prefill.",,TEXTAREA
BM-159,"subordinateProcuracyTrialAssignment.article1Line","Điều 1 - Nội dung quyết định",true,OFFICIAL,NEVER_AUTO,NONE,"Label ""Điều 1 - Nội dung quyết định"" matches NEVER_AUTO pattern.",,TEXTAREA
BM-159,"subordinateProcuracyTrialAssignment.article2Line","Điều 2 - Thời hạn",true,MANUAL,NEVER_AUTO,NONE,"Label ""Điều 2 - Thời hạn"" matches NEVER_AUTO pattern.",,TEXTAREA
BM-159,"recipients.assignedProcuracyLine","Nơi nhận - Viện kiểm sát được phân công",true,MANUAL,SAFE_GENERIC_PREFILL,GENERIC_TEXT,"Path ""recipients.assignedProcuracyLine"" is generic/common boilerplate safe for prefill.",,TEXT
BM-159,"recipients.courtLine","Nơi nhận - Tòa án",true,MANUAL,SAFE_GENERIC_PREFILL,GENERIC_TEXT,"Path ""recipients.courtLine"" is generic/common boilerplate safe for prefill.",,TEXT
BM-159,"recipients.archiveLine","Lưu hồ sơ",true,MANUAL,SAFE_GENERIC_PREFILL,GENERIC_TEXT,"Path ""recipients.archiveLine"" is generic/common boilerplate safe for prefill.",,TEXT
BM-159,"signature.signMode","Chế độ ký",true,OFFICIAL,NEVER_AUTO,NONE,"Label ""Chế độ ký"" matches NEVER_AUTO pattern.",,TEXT
BM-159,"signature.positionTitle","Chức vụ người ký",true,OFFICIAL,NEVER_AUTO,NONE,"Label ""Chức vụ người ký"" matches NEVER_AUTO pattern.",,TEXT
BM-159,"signature.signerName","Người ký",true,OFFICIAL,NEVER_AUTO,NONE,"Label ""Người ký"" matches NEVER_AUTO pattern.",,TEXT
BM-160,"agency.vienKiem","Tên cơ quan",false,AGENCY,NEVER_AUTO,NONE,"Label ""Tên cơ quan"" matches NEVER_AUTO pattern.",,TEXT
BM-160,"document.soBien","Số biên bản",false,MANUAL,NEVER_AUTO,NONE,"Label ""Số biên bản"" matches NEVER_AUTO pattern.",,TEXT
BM-161,"agency.vienKiem","Tên cơ quan",false,AGENCY,NEVER_AUTO,NONE,"Label ""Tên cơ quan"" matches NEVER_AUTO pattern.",,TEXT
BM-161,"document.soPhieu","Số phiếu",false,MANUAL,NEVER_AUTO,NONE,"Label ""Số phiếu"" matches NEVER_AUTO pattern.",,TEXT
BM-161,"recipients.personLine","Người bị áp dụng",false,MANUAL,NEVER_AUTO,NONE,"Label ""Người bị áp dụng"" matches NEVER_AUTO pattern.",,TEXT
BM-161,"agency.diaDanh","Địa danh",false,AGENCY,NEVER_AUTO,NONE,"Label ""Địa danh"" matches NEVER_AUTO pattern.",,TEXT
BM-161,"document.ngayBan","Ngày ban hành",false,MANUAL,SAFE_GENERIC_PREFILL,GENERIC_TEXT,"Path ""document.ngayBan"" is generic/common boilerplate safe for prefill.","01",TEXT
BM-161,"document.chuThe","Chủ thể liên quan",false,MANUAL,NEVER_AUTO,NONE,"Label ""Chủ thể liên quan"" matches NEVER_AUTO pattern.",,TEXT
BM-161,"document.hoTen","Họ tên",false,MANUAL,NEVER_AUTO,NONE,"Label ""Họ tên"" matches NEVER_AUTO pattern.",,TEXT
BM-161,"document.ngaySinh","Ngày sinh",false,MANUAL,NEVER_AUTO,NONE,"Label ""Ngày sinh"" matches NEVER_AUTO pattern.",,TEXT
BM-162,"agency.name","Tên cơ quan",false,AGENCY,NEVER_AUTO,NONE,"Label ""Tên cơ quan"" matches NEVER_AUTO pattern.",,TEXT
BM-162,"document.fullDocumentCode","Số văn bản",false,MANUAL,NEVER_AUTO,NONE,"Label ""Số văn bản"" matches NEVER_AUTO pattern.",,TEXT
BM-162,"document.issueDate","Ngày ban hành",false,MANUAL,SAFE_GENERIC_PREFILL,GENERIC_TEXT,"Path ""document.issueDate"" is generic/common boilerplate safe for prefill.","2026-01-01",TEXT
BM-162,"person.dateOfBirth","Ngày sinh",false,MANUAL,NEVER_AUTO,NONE,"Path ""person.dateOfBirth"" starts with NEVER_AUTO path prefix.",,TEXT
BM-162,"person.personFullName","Họ tên",false,MANUAL,NEVER_AUTO,NONE,"Label ""Họ tên"" matches NEVER_AUTO pattern.",,TEXT
BM-162,"person.currentAddress","Nơi ở hiện nay",false,MANUAL,NEVER_AUTO,NONE,"Label ""Nơi ở hiện nay"" matches NEVER_AUTO pattern.",,TEXT
BM-162,"person.occupation","Nghề nghiệp",false,MANUAL,NEVER_AUTO,NONE,"Label ""Nghề nghiệp"" matches NEVER_AUTO pattern.",,TEXT
BM-162,"person.idNumber","Số CCCD/CMND",false,MANUAL,NEVER_AUTO,NONE,"Label ""Số CCCD/CMND"" matches NEVER_AUTO pattern.",,TEXT
BM-163,"agency.name","Tên cơ quan",false,AGENCY,NEVER_AUTO,NONE,"Label ""Tên cơ quan"" matches NEVER_AUTO pattern.",,TEXT
BM-163,"document.fullDocumentCode","Số văn bản",false,MANUAL,NEVER_AUTO,NONE,"Label ""Số văn bản"" matches NEVER_AUTO pattern.",,TEXT
BM-163,"document.issueDate","Ngày ban hành",false,MANUAL,SAFE_GENERIC_PREFILL,GENERIC_TEXT,"Path ""document.issueDate"" is generic/common boilerplate safe for prefill.","2026-01-01",TEXT
BM-163,"person.dateOfBirth","Ngày sinh",false,MANUAL,NEVER_AUTO,NONE,"Path ""person.dateOfBirth"" starts with NEVER_AUTO path prefix.",,TEXT
BM-163,"person.personFullName","Họ tên",false,MANUAL,NEVER_AUTO,NONE,"Label ""Họ tên"" matches NEVER_AUTO pattern.",,TEXT
BM-163,"person.currentAddress","Nơi ở hiện nay",false,MANUAL,NEVER_AUTO,NONE,"Label ""Nơi ở hiện nay"" matches NEVER_AUTO pattern.",,TEXT
BM-163,"person.occupation","Nghề nghiệp",false,MANUAL,NEVER_AUTO,NONE,"Label ""Nghề nghiệp"" matches NEVER_AUTO pattern.",,TEXT
BM-163,"person.ward","Phường/Xã",false,MANUAL,NEVER_AUTO,NONE,"Label ""Phường/Xã"" matches NEVER_AUTO pattern.",,TEXT
BM-163,"person.province","Tỉnh/Thành phố",false,MANUAL,NEVER_AUTO,NONE,"Label ""Tỉnh/Thành phố"" matches NEVER_AUTO pattern.",,TEXT
BM-163,"person.idNumber","Số CCCD/CMND",false,MANUAL,NEVER_AUTO,NONE,"Label ""Số CCCD/CMND"" matches NEVER_AUTO pattern.",,TEXT
BM-163,"case.caseNumber","Số vụ án",false,MANUAL,NEVER_AUTO,NONE,"Path ""case.caseNumber"" starts with NEVER_AUTO path prefix.",,TEXT
BM-164,"agency.name","Tên cơ quan",false,AGENCY,NEVER_AUTO,NONE,"Label ""Tên cơ quan"" matches NEVER_AUTO pattern.",,TEXT
BM-164,"signature.positionTitle","Chức danh",false,OFFICIAL,NEVER_AUTO,NONE,"Label ""Chức danh"" matches NEVER_AUTO pattern.",,TEXT
BM-164,"recipients.personLine","Người bị áp dụng",false,MANUAL,NEVER_AUTO,NONE,"Label ""Người bị áp dụng"" matches NEVER_AUTO pattern.",,TEXT
BM-164,"recipients.personLine6","Người nhận (dòng 6)",false,MANUAL,NEVER_AUTO,NONE,"Label ""Người nhận (dòng 6)"" matches NEVER_AUTO pattern.",,TEXT
BM-164,"recipients.personLine5","Người nhận (dòng 5)",false,MANUAL,NEVER_AUTO,NONE,"Label ""Người nhận (dòng 5)"" matches NEVER_AUTO pattern.",,TEXT
BM-164,"recipients.personLine4","Người nhận (dòng 4)",false,MANUAL,NEVER_AUTO,NONE,"Label ""Người nhận (dòng 4)"" matches NEVER_AUTO pattern.",,TEXT
BM-164,"recipients.personLine3","Người nhận (dòng 3)",false,MANUAL,NEVER_AUTO,NONE,"Label ""Người nhận (dòng 3)"" matches NEVER_AUTO pattern.",,TEXT
BM-164,"recipients.personLine2","Người nhận (dòng 2)",false,MANUAL,NEVER_AUTO,NONE,"Label ""Người nhận (dòng 2)"" matches NEVER_AUTO pattern.",,TEXT
BM-164,"document.fullDocumentCode","Số văn bản / quyết định",false,MANUAL,NEVER_AUTO,NONE,"Label ""Số văn bản / quyết định"" matches NEVER_AUTO pattern.",,TEXT
BM-165,"agency.name","Tên cơ quan",false,AGENCY,NEVER_AUTO,NONE,"Label ""Tên cơ quan"" matches NEVER_AUTO pattern.",,TEXT
BM-165,"document.fullDocumentCode","Số văn bản / quyết định",false,MANUAL,NEVER_AUTO,NONE,"Label ""Số văn bản / quyết định"" matches NEVER_AUTO pattern.",,TEXT
BM-166,"agency.parentName","Cơ quan cấp trên",true,AGENCY,NEVER_AUTO,NONE,"Label ""Cơ quan cấp trên"" matches NEVER_AUTO pattern.",,TEXT
BM-166,"agency.name","Viện kiểm sát ban hành",true,AGENCY,NEVER_AUTO,NONE,"Label ""Viện kiểm sát ban hành"" matches NEVER_AUTO pattern.",,TEXT
BM-166,"document.documentCode","Số quyết định",true,MANUAL,NEVER_AUTO,NONE,"Label ""Số quyết định"" matches NEVER_AUTO pattern.",,TEXT
BM-166,"document.issuePlaceAndDateLine","Địa danh, ngày ban hành",true,SYSTEM,SAFE_RUNTIME_DEFAULT,DOCUMENT_PLACE_DATE,"SYSTEM/CURRENT_DATE field. Label ""Địa danh, ngày ban hành"" matches safe document place/date pattern.","TP. Hồ Chí Minh, ngày 01 tháng 01 năm 2026",TEXT
BM-166,"official.issuerTitle","Chủ thể ban hành",true,MANUAL,NEVER_AUTO,NONE,"Label ""Chủ thể ban hành"" matches NEVER_AUTO pattern.",,TEXT
BM-166,"legalBasis.procedureArticlesLine","Căn cứ Bộ luật Tố tụng hình sự",true,OFFICIAL,NEVER_AUTO,NONE,"Label ""Căn cứ Bộ luật Tố tụng hình sự"" matches NEVER_AUTO pattern.",,TEXTAREA
BM-166,"returnInvestigation.courtDecisionLegalBasisLine","Căn cứ quyết định của Tòa án",true,MANUAL,SAFE_GENERIC_PREFILL,GENERIC_TEXT,"Path ""returnInvestigation.courtDecisionLegalBasisLine"" is generic/common boilerplate safe for prefill.",,TEXTAREA
BM-166,"returnInvestigation.article1Line","Điều 1 - Nội dung quyết định",true,MANUAL,NEVER_AUTO,NONE,"Label ""Điều 1 - Nội dung quyết định"" matches NEVER_AUTO pattern.",,TEXTAREA
BM-166,"returnInvestigation.article2Line","Điều 2 - Yêu cầu",true,MANUAL,NEVER_AUTO,NONE,"Label ""Điều 2 - Yêu cầu"" matches NEVER_AUTO pattern.",,TEXTAREA
BM-166,"recipients.line1","Nơi nhận - Cơ quan điều tra",true,MANUAL,SAFE_GENERIC_PREFILL,GENERIC_TEXT,"Path ""recipients.line1"" is generic/common boilerplate safe for prefill.",,TEXT
BM-166,"recipients.archiveLine","Lưu hồ sơ",true,MANUAL,SAFE_GENERIC_PREFILL,GENERIC_TEXT,"Path ""recipients.archiveLine"" is generic/common boilerplate safe for prefill.",,TEXT
BM-166,"signature.signMode","Chế độ ký",true,OFFICIAL,NEVER_AUTO,NONE,"Label ""Chế độ ký"" matches NEVER_AUTO pattern.",,TEXT
BM-166,"signature.positionTitle","Chức vụ người ký",true,OFFICIAL,NEVER_AUTO,NONE,"Label ""Chức vụ người ký"" matches NEVER_AUTO pattern.",,TEXT
BM-166,"signature.signerName","Người ký",true,OFFICIAL,NEVER_AUTO,NONE,"Label ""Người ký"" matches NEVER_AUTO pattern.",,TEXT
BM-167,"agency.name","Tên cơ quan",false,AGENCY,NEVER_AUTO,NONE,"Label ""Tên cơ quan"" matches NEVER_AUTO pattern.",,TEXT
BM-167,"document.fullDocumentCode","Số văn bản",true,MANUAL,NEVER_AUTO,NONE,"Label ""Số văn bản"" matches NEVER_AUTO pattern.",,TEXT
BM-168,"agency.parentName","Cơ quan cấp trên",true,AGENCY,NEVER_AUTO,NONE,"Label ""Cơ quan cấp trên"" matches NEVER_AUTO pattern.",,TEXT
BM-168,"agency.name","Viện kiểm sát ban hành",true,AGENCY,NEVER_AUTO,NONE,"Label ""Viện kiểm sát ban hành"" matches NEVER_AUTO pattern.",,TEXT
BM-168,"caseFileHandover.startedAtLine","Thời điểm bắt đầu bàn giao",true,MANUAL,NEVER_AUTO,NONE,"Label ""Thời điểm bắt đầu bàn giao"" matches NEVER_AUTO pattern.",,TEXT
BM-168,"caseFileHandover.giverName","Người giao",true,MANUAL,NEVER_AUTO,NONE,"Label ""Người giao"" matches NEVER_AUTO pattern.",,TEXT
BM-168,"caseFileHandover.giverPositionTitle","Chức danh người giao",true,MANUAL,NEVER_AUTO,NONE,"Label ""Chức danh người giao"" matches NEVER_AUTO pattern.",,TEXT
BM-168,"caseFileHandover.receiverName","Người nhận",true,MANUAL,NEVER_AUTO,NONE,"Label ""Người nhận"" matches NEVER_AUTO pattern.",,TEXT
BM-168,"caseFileHandover.receiverPositionTitle","Chức danh người nhận",true,MANUAL,NEVER_AUTO,NONE,"Label ""Chức danh người nhận"" matches NEVER_AUTO pattern.",,TEXT
BM-168,"caseFileHandover.caseFileTitle","Tên hồ sơ bàn giao",true,MANUAL,NEVER_AUTO,NONE,"Label ""Tên hồ sơ bàn giao"" matches NEVER_AUTO pattern.",,TEXT
BM-168,"caseFileHandover.handoverReasonLine","Lý do bàn giao",true,MANUAL,NEVER_AUTO,NONE,"Label ""Lý do bàn giao"" matches NEVER_AUTO pattern.",,TEXTAREA
BM-168,"caseFileHandover.fileStatsLine","Thống kê hồ sơ",true,MANUAL,NEVER_AUTO,NONE,"Label ""Thống kê hồ sơ"" matches NEVER_AUTO pattern.",,TEXTAREA
BM-168,"caseFileHandover.evidenceLine","Vật chứng",true,MANUAL,NEVER_AUTO,NONE,"Label ""Vật chứng"" matches NEVER_AUTO pattern.",,TEXTAREA
BM-168,"caseFileHandover.endedAtLine","Thời điểm kết thúc",true,MANUAL,NEVER_AUTO,NONE,"Label ""Thời điểm kết thúc"" matches NEVER_AUTO pattern.",,TEXT
BM-168,"caseFileHandover.receiverSignerName","Người nhận ký",true,MANUAL,NEVER_AUTO,NONE,"Label ""Người nhận ký"" matches NEVER_AUTO pattern.",,TEXT
BM-168,"caseFileHandover.giverSignerName","Người giao ký",true,MANUAL,NEVER_AUTO,NONE,"Label ""Người giao ký"" matches NEVER_AUTO pattern.",,TEXT
BM-169,"agency.parentName","Cơ quan cấp trên",true,AGENCY,NEVER_AUTO,NONE,"Label ""Cơ quan cấp trên"" matches NEVER_AUTO pattern.",,TEXT
BM-169,"agency.name","Viện kiểm sát ban hành",true,AGENCY,NEVER_AUTO,NONE,"Label ""Viện kiểm sát ban hành"" matches NEVER_AUTO pattern.",,TEXT
BM-169,"document.documentCode","Số quyết định",true,MANUAL,NEVER_AUTO,NONE,"Label ""Số quyết định"" matches NEVER_AUTO pattern.",,TEXT
BM-169,"document.issuePlaceAndDateLine","Địa danh, ngày ban hành",true,SYSTEM,SAFE_RUNTIME_DEFAULT,DOCUMENT_PLACE_DATE,"SYSTEM/CURRENT_DATE field. Label ""Địa danh, ngày ban hành"" matches safe document place/date pattern.","TP. Hồ Chí Minh, ngày 01 tháng 01 năm 2026",TEXT
BM-169,"official.issuerTitle","Chủ thể ban hành",true,MANUAL,NEVER_AUTO,NONE,"Label ""Chủ thể ban hành"" matches NEVER_AUTO pattern.",,TEXT
BM-169,"legalBasis.procedureArticlesLine","Căn cứ Bộ luật Tố tụng hình sự",true,OFFICIAL,NEVER_AUTO,NONE,"Label ""Căn cứ Bộ luật Tố tụng hình sự"" matches NEVER_AUTO pattern.",,TEXTAREA
BM-169,"caseDecision.prosecutionDecisionLegalBasisLine","Căn cứ quyết định truy tố",true,MANUAL,SAFE_GENERIC_PREFILL,GENERIC_TEXT,"Path ""caseDecision.prosecutionDecisionLegalBasisLine"" is generic/common boilerplate safe for prefill.",,TEXTAREA
BM-169,"accusedDecision.prosecutionDecisionLegalBasisLine","Căn cứ quyết định đối với bị can",true,MANUAL,SAFE_GENERIC_PREFILL,GENERIC_TEXT,"Path ""accusedDecision.prosecutionDecisionLegalBasisLine"" is generic/common boilerplate safe for prefill.",,TEXTAREA
BM-169,"evidenceHandling.investigationConclusionLegalBasisLine","Căn cứ kết luận điều tra",true,MANUAL,SAFE_GENERIC_PREFILL,GENERIC_TEXT,"Path ""evidenceHandling.investigationConclusionLegalBasisLine"" is generic/common boilerplate safe for prefill.",,TEXTAREA
BM-169,"evidenceHandling.caseSuspensionDecisionLegalBasisLine","Căn cứ quyết định tạm đình chỉ vụ án",true,MANUAL,SAFE_GENERIC_PREFILL,GENERIC_TEXT,"Path ""evidenceHandling.caseSuspensionDecisionLegalBasisLine"" is generic/common boilerplate safe for prefill.",,TEXTAREA
BM-169,"evidenceHandling.accusedSuspensionDecisionLegalBasisLine","Căn cứ quyết định tạm đình chỉ đối với bị can",true,MANUAL,SAFE_GENERIC_PREFILL,GENERIC_TEXT,"Path ""evidenceHandling.accusedSuspensionDecisionLegalBasisLine"" is generic/common boilerplate safe for prefill.",,TEXTAREA
BM-169,"evidenceHandling.considerationLine","Xem xét tài sản",true,MANUAL,NEVER_AUTO,NONE,"Label ""Xem xét tài sản"" matches NEVER_AUTO pattern.",,TEXTAREA
BM-169,"evidenceHandling.evidenceListLine","Danh mục vật chứng",true,MANUAL,NEVER_AUTO,NONE,"Label ""Danh mục vật chứng"" matches NEVER_AUTO pattern.",,TEXTAREA
BM-169,"evidenceHandling.handlingMethodLine","Phương thức xử lý",true,MANUAL,NEVER_AUTO,NONE,"Label ""Phương thức xử lý"" matches NEVER_AUTO pattern.",,TEXTAREA
BM-169,"evidenceHandling.executionRequestLine","Điều 2 - Yêu cầu",true,MANUAL,NEVER_AUTO,NONE,"Label ""Điều 2 - Yêu cầu"" matches NEVER_AUTO pattern.",,TEXTAREA
BM-169,"recipients.line1","Nơi nhận chính",true,MANUAL,SAFE_GENERIC_PREFILL,GENERIC_TEXT,"Path ""recipients.line1"" is generic/common boilerplate safe for prefill.",,TEXT
BM-169,"recipients.archiveLine","Lưu hồ sơ",true,MANUAL,SAFE_GENERIC_PREFILL,GENERIC_TEXT,"Path ""recipients.archiveLine"" is generic/common boilerplate safe for prefill.",,TEXT
BM-169,"signature.signMode","Chế độ ký",true,OFFICIAL,NEVER_AUTO,NONE,"Label ""Chế độ ký"" matches NEVER_AUTO pattern.",,TEXT
BM-169,"signature.positionTitle","Chức vụ người ký",true,OFFICIAL,NEVER_AUTO,NONE,"Label ""Chức vụ người ký"" matches NEVER_AUTO pattern.",,TEXT
BM-169,"signature.signerName","Người ký",true,OFFICIAL,NEVER_AUTO,NONE,"Label ""Người ký"" matches NEVER_AUTO pattern.",,TEXT
BM-170,"agency.parentName","Cơ quan cấp trên",true,AGENCY,NEVER_AUTO,NONE,"Label ""Cơ quan cấp trên"" matches NEVER_AUTO pattern.",,TEXT
BM-170,"agency.name","Viện kiểm sát ban hành",true,AGENCY,NEVER_AUTO,NONE,"Label ""Viện kiểm sát ban hành"" matches NEVER_AUTO pattern.",,TEXT
BM-170,"document.documentCode","Số quyết định",true,MANUAL,NEVER_AUTO,NONE,"Label ""Số quyết định"" matches NEVER_AUTO pattern.",,TEXT
BM-170,"document.issuePlaceAndDateLine","Địa danh, ngày ban hành",true,SYSTEM,SAFE_RUNTIME_DEFAULT,DOCUMENT_PLACE_DATE,"SYSTEM/CURRENT_DATE field. Label ""Địa danh, ngày ban hành"" matches safe document place/date pattern.","TP. Hồ Chí Minh, ngày 01 tháng 01 năm 2026",TEXT
BM-170,"official.issuerTitle","Chủ thể ban hành",true,MANUAL,NEVER_AUTO,NONE,"Label ""Chủ thể ban hành"" matches NEVER_AUTO pattern.",,TEXT
BM-170,"legalBasis.procedureArticlesLine","Căn cứ Bộ luật Tố tụng hình sự",true,OFFICIAL,NEVER_AUTO,NONE,"Label ""Căn cứ Bộ luật Tố tụng hình sự"" matches NEVER_AUTO pattern.",,TEXTAREA
BM-170,"evidenceHandlingCancellation.caseInitiationLine","Căn cứ khởi tố vụ án",true,MANUAL,SAFE_GENERIC_PREFILL,GENERIC_TEXT,"Path ""evidenceHandlingCancellation.caseInitiationLine"" is generic/common boilerplate safe for prefill.",,TEXTAREA
BM-170,"evidenceHandlingCancellation.defendantInitiationLine","Căn cứ khởi tố bị can",true,MANUAL,SAFE_GENERIC_PREFILL,GENERIC_TEXT,"Path ""evidenceHandlingCancellation.defendantInitiationLine"" is generic/common boilerplate safe for prefill.",,TEXTAREA
BM-170,"evidenceHandlingCancellation.evidenceHandlingDecisionReviewLine","Xem xét Quyết định xử lý vật chứng",true,MANUAL,NEVER_AUTO,NONE,"Label ""Xem xét Quyết định xử lý vật chứng"" matches NEVER_AUTO pattern.",,TEXTAREA
BM-170,"evidenceHandlingCancellation.unlawfulReasonLine","Lý do vi phạm",true,MANUAL,NEVER_AUTO,NONE,"Label ""Lý do vi phạm"" matches NEVER_AUTO pattern.",,TEXTAREA
BM-170,"evidenceHandlingCancellation.article1Line","Điều 1 - Nội dung quyết định",true,MANUAL,NEVER_AUTO,NONE,"Label ""Điều 1 - Nội dung quyết định"" matches NEVER_AUTO pattern.",,TEXTAREA
BM-170,"evidenceHandlingCancellation.article2Line","Điều 2 - Yêu cầu",true,MANUAL,NEVER_AUTO,NONE,"Label ""Điều 2 - Yêu cầu"" matches NEVER_AUTO pattern.",,TEXTAREA
BM-170,"recipients.primaryLine","Nơi nhận - Chính",true,MANUAL,SAFE_GENERIC_PREFILL,GENERIC_TEXT,"Path ""recipients.primaryLine"" is generic/common boilerplate safe for prefill.",,TEXT
BM-170,"recipients.archiveLine","Lưu hồ sơ",true,MANUAL,SAFE_GENERIC_PREFILL,GENERIC_TEXT,"Path ""recipients.archiveLine"" is generic/common boilerplate safe for prefill.",,TEXT
BM-170,"signature.signMode","Chế độ ký",true,OFFICIAL,NEVER_AUTO,NONE,"Label ""Chế độ ký"" matches NEVER_AUTO pattern.",,TEXT
BM-170,"signature.positionTitle","Chức vụ người ký",true,OFFICIAL,NEVER_AUTO,NONE,"Label ""Chức vụ người ký"" matches NEVER_AUTO pattern.",,TEXT
BM-170,"signature.signerName","Người ký",true,OFFICIAL,NEVER_AUTO,NONE,"Label ""Người ký"" matches NEVER_AUTO pattern.",,TEXT
BM-171,"agency.parentName","Cơ quan cấp trên",true,AGENCY,NEVER_AUTO,NONE,"Label ""Cơ quan cấp trên"" matches NEVER_AUTO pattern.",,TEXT
BM-171,"agency.name","Viện kiểm sát ban hành",true,AGENCY,NEVER_AUTO,NONE,"Label ""Viện kiểm sát ban hành"" matches NEVER_AUTO pattern.",,TEXT
BM-171,"document.documentCode","Số quyết định",true,MANUAL,NEVER_AUTO,NONE,"Label ""Số quyết định"" matches NEVER_AUTO pattern.",,TEXT
BM-171,"document.issuePlaceAndDateLine","Địa danh, ngày ban hành",true,SYSTEM,SAFE_RUNTIME_DEFAULT,DOCUMENT_PLACE_DATE,"SYSTEM/CURRENT_DATE field. Label ""Địa danh, ngày ban hành"" matches safe document place/date pattern.","TP. Hồ Chí Minh, ngày 01 tháng 01 năm 2026",TEXT
BM-171,"official.issuerTitle","Chủ thể ban hành",true,MANUAL,NEVER_AUTO,NONE,"Label ""Chủ thể ban hành"" matches NEVER_AUTO pattern.",,TEXT
BM-171,"legalBasis.procedureArticlesLine","Căn cứ Bộ luật Tố tụng hình sự",true,OFFICIAL,NEVER_AUTO,NONE,"Label ""Căn cứ Bộ luật Tố tụng hình sự"" matches NEVER_AUTO pattern.",,TEXTAREA
BM-171,"caseDecision.prosecutionDecisionLegalBasisLine","Căn cứ quyết định truy tố",true,MANUAL,SAFE_GENERIC_PREFILL,GENERIC_TEXT,"Path ""caseDecision.prosecutionDecisionLegalBasisLine"" is generic/common boilerplate safe for prefill.",,TEXTAREA
BM-171,"accusedDecision.prosecutionDecisionLegalBasisLine","Căn cứ quyết định đối với bị can",true,MANUAL,SAFE_GENERIC_PREFILL,GENERIC_TEXT,"Path ""accusedDecision.prosecutionDecisionLegalBasisLine"" is generic/common boilerplate safe for prefill.",,TEXTAREA
BM-171,"assetReturn.investigationConclusionLegalBasisLine","Căn cứ kết luận điều tra",true,MANUAL,SAFE_GENERIC_PREFILL,GENERIC_TEXT,"Path ""assetReturn.investigationConclusionLegalBasisLine"" is generic/common boilerplate safe for prefill.",,TEXTAREA
BM-171,"assetReturn.caseSuspensionDecisionLegalBasisLine","Căn cứ quyết định tạm đình chỉ vụ án",true,MANUAL,SAFE_GENERIC_PREFILL,GENERIC_TEXT,"Path ""assetReturn.caseSuspensionDecisionLegalBasisLine"" is generic/common boilerplate safe for prefill.",,TEXTAREA
BM-171,"assetReturn.accusedSuspensionDecisionLegalBasisLine","Căn cứ quyết định tạm đình chỉ đối với bị can",true,MANUAL,SAFE_GENERIC_PREFILL,GENERIC_TEXT,"Path ""assetReturn.accusedSuspensionDecisionLegalBasisLine"" is generic/common boilerplate safe for prefill.",,TEXTAREA
BM-171,"assetReturn.considerationLine","Căn cứ xem xét tài sản",true,MANUAL,SAFE_GENERIC_PREFILL,GENERIC_TEXT,"Path ""assetReturn.considerationLine"" is generic/common boilerplate safe for prefill.",,TEXTAREA
BM-171,"assetReturn.assetListLine","Danh mục tài sản",true,MANUAL,NEVER_AUTO,NONE,"Label ""Danh mục tài sản"" matches NEVER_AUTO pattern.",,TEXTAREA
BM-171,"assetOwner.fullName","Họ và tên chủ tài sản",true,MANUAL,NEVER_AUTO,NONE,"Path ""assetOwner.fullName"" starts with NEVER_AUTO path prefix.",,TEXT
BM-171,"assetOwner.genderText","Giới tính",true,MANUAL,NEVER_AUTO,NONE,"Path ""assetOwner.genderText"" starts with NEVER_AUTO path prefix.",,SELECT
BM-171,"assetOwner.otherName","Tên gọi khác",false,MANUAL,NEVER_AUTO,NONE,"Path ""assetOwner.otherName"" starts with NEVER_AUTO path prefix.",,TEXT
BM-171,"assetOwner.dateOfBirthText","Sinh ngày",true,SYSTEM,NEVER_AUTO,NONE,"Path ""assetOwner.dateOfBirthText"" starts with NEVER_AUTO path prefix.",,TEXT
BM-171,"assetOwner.placeOfBirth","Nơi sinh",true,MANUAL,NEVER_AUTO,NONE,"Path ""assetOwner.placeOfBirth"" starts with NEVER_AUTO path prefix.",,TEXT
BM-171,"assetOwner.nationality","Quốc tịch",true,MANUAL,NEVER_AUTO,NONE,"Path ""assetOwner.nationality"" starts with NEVER_AUTO path prefix.",,TEXT
BM-171,"assetOwner.ethnicity","Dân tộc",true,MANUAL,NEVER_AUTO,NONE,"Path ""assetOwner.ethnicity"" starts with NEVER_AUTO path prefix.",,TEXT
BM-171,"assetOwner.religion","Tôn giáo",false,MANUAL,NEVER_AUTO,NONE,"Path ""assetOwner.religion"" starts with NEVER_AUTO path prefix.",,TEXT
BM-171,"assetOwner.occupation","Nghề nghiệp",true,MANUAL,NEVER_AUTO,NONE,"Path ""assetOwner.occupation"" starts with NEVER_AUTO path prefix.",,TEXT
BM-171,"assetOwner.identityNo","Số CMND/CCCD",true,MANUAL,NEVER_AUTO,NONE,"Path ""assetOwner.identityNo"" starts with NEVER_AUTO path prefix.",,TEXT
BM-171,"assetOwner.identityIssuedDateText","Cấp ngày",true,SYSTEM,NEVER_AUTO,NONE,"Path ""assetOwner.identityIssuedDateText"" starts with NEVER_AUTO path prefix.",,TEXT
BM-171,"assetOwner.identityIssuedPlace","Nơi cấp",true,MANUAL,NEVER_AUTO,NONE,"Path ""assetOwner.identityIssuedPlace"" starts with NEVER_AUTO path prefix.",,TEXT
BM-171,"assetOwner.permanentResidence","Nơi thường trú",true,MANUAL,NEVER_AUTO,NONE,"Path ""assetOwner.permanentResidence"" starts with NEVER_AUTO path prefix.",,TEXTAREA
BM-171,"assetOwner.temporaryResidence","Nơi tạm trú",false,MANUAL,NEVER_AUTO,NONE,"Path ""assetOwner.temporaryResidence"" starts with NEVER_AUTO path prefix.",,TEXTAREA
BM-171,"assetOwner.currentResidence","Nơi ở hiện tại",true,MANUAL,NEVER_AUTO,NONE,"Path ""assetOwner.currentResidence"" starts with NEVER_AUTO path prefix.",,TEXTAREA
BM-171,"assetReturn.executionRequestLine","Điều 2 - Yêu cầu",true,MANUAL,NEVER_AUTO,NONE,"Label ""Điều 2 - Yêu cầu"" matches NEVER_AUTO pattern.",,TEXTAREA
BM-171,"recipients.line1","Nơi nhận chính",true,MANUAL,SAFE_GENERIC_PREFILL,GENERIC_TEXT,"Path ""recipients.line1"" is generic/common boilerplate safe for prefill.",,TEXT
BM-171,"recipients.archiveLine","Lưu hồ sơ",true,MANUAL,SAFE_GENERIC_PREFILL,GENERIC_TEXT,"Path ""recipients.archiveLine"" is generic/common boilerplate safe for prefill.",,TEXT
BM-171,"signature.signMode","Chế độ ký",true,OFFICIAL,NEVER_AUTO,NONE,"Label ""Chế độ ký"" matches NEVER_AUTO pattern.",,TEXT
BM-171,"signature.positionTitle","Chức vụ người ký",true,OFFICIAL,NEVER_AUTO,NONE,"Label ""Chức vụ người ký"" matches NEVER_AUTO pattern.",,TEXT
BM-171,"signature.signerName","Người ký",true,OFFICIAL,NEVER_AUTO,NONE,"Label ""Người ký"" matches NEVER_AUTO pattern.",,TEXT
BM-172,"agency.parentName","Cơ quan cấp trên",true,AGENCY,NEVER_AUTO,NONE,"Label ""Cơ quan cấp trên"" matches NEVER_AUTO pattern.",,TEXT
BM-172,"agency.name","Viện kiểm sát ban hành",true,AGENCY,NEVER_AUTO,NONE,"Label ""Viện kiểm sát ban hành"" matches NEVER_AUTO pattern.",,TEXT
BM-172,"document.documentCode","Số quyết định",true,MANUAL,NEVER_AUTO,NONE,"Label ""Số quyết định"" matches NEVER_AUTO pattern.",,TEXT
BM-172,"document.issuePlaceAndDateLine","Địa danh, ngày ban hành",true,SYSTEM,SAFE_RUNTIME_DEFAULT,DOCUMENT_PLACE_DATE,"SYSTEM/CURRENT_DATE field. Label ""Địa danh, ngày ban hành"" matches safe document place/date pattern.","TP. Hồ Chí Minh, ngày 01 tháng 01 năm 2026",TEXT
BM-172,"official.issuerTitle","Chủ thể ban hành",true,MANUAL,NEVER_AUTO,NONE,"Label ""Chủ thể ban hành"" matches NEVER_AUTO pattern.",,TEXT
BM-172,"legalBasis.procedureArticlesLine","Căn cứ Bộ luật Tố tụng hình sự",true,OFFICIAL,NEVER_AUTO,NONE,"Label ""Căn cứ Bộ luật Tố tụng hình sự"" matches NEVER_AUTO pattern.",,TEXTAREA
BM-172,"propertyReturnCancellation.caseInitiationLine","Căn cứ khởi tố vụ án",true,MANUAL,SAFE_GENERIC_PREFILL,GENERIC_TEXT,"Path ""propertyReturnCancellation.caseInitiationLine"" is generic/common boilerplate safe for prefill.",,TEXTAREA
BM-172,"propertyReturnCancellation.defendantInitiationLine","Căn cứ khởi tố bị can",true,MANUAL,SAFE_GENERIC_PREFILL,GENERIC_TEXT,"Path ""propertyReturnCancellation.defendantInitiationLine"" is generic/common boilerplate safe for prefill.",,TEXTAREA
BM-172,"propertyReturnCancellation.propertyReturnDecisionReviewLine","Căn cứ quyết định trả tài sản",true,MANUAL,SAFE_GENERIC_PREFILL,GENERIC_TEXT,"Path ""propertyReturnCancellation.propertyReturnDecisionReviewLine"" is generic/common boilerplate safe for prefill.",,TEXTAREA
BM-172,"propertyReturnCancellation.unlawfulReasonLine","Lý do hủy quyết định trả tài sản",true,MANUAL,NEVER_AUTO,NONE,"Label ""Lý do hủy quyết định trả tài sản"" matches NEVER_AUTO pattern.",,TEXTAREA
BM-172,"propertyReturnCancellation.article1Line","Điều 1 - Nội dung quyết định",true,MANUAL,NEVER_AUTO,NONE,"Label ""Điều 1 - Nội dung quyết định"" matches NEVER_AUTO pattern.",,TEXTAREA
BM-172,"propertyReturnCancellation.article2Line","Điều 2 - Chuyển hồ sơ",true,MANUAL,NEVER_AUTO,NONE,"Label ""Điều 2 - Chuyển hồ sơ"" matches NEVER_AUTO pattern.",,TEXTAREA
BM-172,"propertyReturnCancellation.article3RequestLine","Điều 3 - Người nhận tài sản",true,MANUAL,NEVER_AUTO,NONE,"Label ""Điều 3 - Người nhận tài sản"" matches NEVER_AUTO pattern.",,TEXTAREA
BM-172,"propertyRecipient.gender","Giới tính",true,MANUAL,NEVER_AUTO,NONE,"Path ""propertyRecipient.gender"" starts with NEVER_AUTO path prefix.",,SELECT
BM-172,"propertyRecipient.aliasName","Tên gọi khác",false,MANUAL,NEVER_AUTO,NONE,"Path ""propertyRecipient.aliasName"" starts with NEVER_AUTO path prefix.",,TEXT
BM-172,"propertyRecipient.birthDateLine","Sinh ngày",true,SYSTEM,NEVER_AUTO,NONE,"Path ""propertyRecipient.birthDateLine"" starts with NEVER_AUTO path prefix.",,TEXT
BM-172,"propertyRecipient.birthPlace","Nơi sinh",true,MANUAL,NEVER_AUTO,NONE,"Path ""propertyRecipient.birthPlace"" starts with NEVER_AUTO path prefix.",,TEXT
BM-172,"propertyRecipient.nationality","Quốc tịch",true,MANUAL,NEVER_AUTO,NONE,"Path ""propertyRecipient.nationality"" starts with NEVER_AUTO path prefix.",,TEXT
BM-172,"propertyRecipient.ethnicity","Dân tộc",true,MANUAL,NEVER_AUTO,NONE,"Path ""propertyRecipient.ethnicity"" starts with NEVER_AUTO path prefix.",,TEXT
BM-172,"propertyRecipient.religion","Tôn giáo",false,MANUAL,NEVER_AUTO,NONE,"Path ""propertyRecipient.religion"" starts with NEVER_AUTO path prefix.",,TEXT
BM-172,"propertyRecipient.occupation","Nghề nghiệp",true,MANUAL,NEVER_AUTO,NONE,"Path ""propertyRecipient.occupation"" starts with NEVER_AUTO path prefix.",,TEXT
BM-172,"propertyRecipient.identityNumber","Số CMND/CCCD",true,MANUAL,NEVER_AUTO,NONE,"Path ""propertyRecipient.identityNumber"" starts with NEVER_AUTO path prefix.",,TEXT
BM-172,"propertyRecipient.identityIssueDateLine","Cấp ngày",true,SYSTEM,NEVER_AUTO,NONE,"Path ""propertyRecipient.identityIssueDateLine"" starts with NEVER_AUTO path prefix.",,TEXT
BM-172,"propertyRecipient.identityIssuePlace","Nơi cấp",true,MANUAL,NEVER_AUTO,NONE,"Path ""propertyRecipient.identityIssuePlace"" starts with NEVER_AUTO path prefix.",,TEXT
BM-172,"propertyRecipient.permanentResidence","Nơi thường trú",true,MANUAL,NEVER_AUTO,NONE,"Path ""propertyRecipient.permanentResidence"" starts with NEVER_AUTO path prefix.",,TEXTAREA
BM-172,"propertyRecipient.temporaryResidence","Nơi tạm trú",false,MANUAL,NEVER_AUTO,NONE,"Path ""propertyRecipient.temporaryResidence"" starts with NEVER_AUTO path prefix.",,TEXTAREA
BM-172,"propertyRecipient.currentResidence","Nơi ở hiện tại",true,MANUAL,NEVER_AUTO,NONE,"Path ""propertyRecipient.currentResidence"" starts with NEVER_AUTO path prefix.",,TEXTAREA
BM-172,"propertyReturnCancellation.article3ExecutionLine","Điều 3 - Thực hiện quyền sở hữu",true,MANUAL,NEVER_AUTO,NONE,"Label ""Điều 3 - Thực hiện quyền sở hữu"" matches NEVER_AUTO pattern.",,TEXTAREA
BM-172,"recipients.primaryLine","Nơi nhận chính",true,MANUAL,SAFE_GENERIC_PREFILL,GENERIC_TEXT,"Path ""recipients.primaryLine"" is generic/common boilerplate safe for prefill.",,TEXT
BM-172,"recipients.propertyRecipientLine","Nơi nhận - Người nhận tài sản",true,MANUAL,SAFE_GENERIC_PREFILL,GENERIC_TEXT,"Path ""recipients.propertyRecipientLine"" is generic/common boilerplate safe for prefill.",,TEXT
BM-172,"recipients.archiveLine","Lưu hồ sơ",true,MANUAL,SAFE_GENERIC_PREFILL,GENERIC_TEXT,"Path ""recipients.archiveLine"" is generic/common boilerplate safe for prefill.",,TEXT
BM-172,"signature.signMode","Chế độ ký",true,OFFICIAL,NEVER_AUTO,NONE,"Label ""Chế độ ký"" matches NEVER_AUTO pattern.",,TEXT
BM-172,"signature.positionTitle","Chức vụ người ký",true,OFFICIAL,NEVER_AUTO,NONE,"Label ""Chức vụ người ký"" matches NEVER_AUTO pattern.",,TEXT
BM-172,"signature.signerName","Người ký",true,OFFICIAL,NEVER_AUTO,NONE,"Label ""Người ký"" matches NEVER_AUTO pattern.",,TEXT
BM-173,"agency.parentName","Cơ quan cấp trên",true,AGENCY,NEVER_AUTO,NONE,"Label ""Cơ quan cấp trên"" matches NEVER_AUTO pattern.",,TEXT
BM-173,"agency.name","Viện kiểm sát ban hành",true,AGENCY,NEVER_AUTO,NONE,"Label ""Viện kiểm sát ban hành"" matches NEVER_AUTO pattern.",,TEXT
BM-173,"document.documentCode","Số quyết định",true,MANUAL,NEVER_AUTO,NONE,"Label ""Số quyết định"" matches NEVER_AUTO pattern.",,TEXT
BM-173,"document.issuePlaceAndDateLine","Địa danh, ngày ban hành",true,SYSTEM,SAFE_RUNTIME_DEFAULT,DOCUMENT_PLACE_DATE,"SYSTEM/CURRENT_DATE field. Label ""Địa danh, ngày ban hành"" matches safe document place/date pattern.","TP. Hồ Chí Minh, ngày 01 tháng 01 năm 2026",TEXT
BM-173,"official.issuerTitle","Chủ thể ban hành",true,MANUAL,NEVER_AUTO,NONE,"Label ""Chủ thể ban hành"" matches NEVER_AUTO pattern.",,TEXT
BM-173,"legalBasis.procedureArticlesLine","Căn cứ Bộ luật Tố tụng hình sự",true,OFFICIAL,NEVER_AUTO,NONE,"Label ""Căn cứ Bộ luật Tố tụng hình sự"" matches NEVER_AUTO pattern.",,TEXTAREA
BM-173,"evidenceTransfer.prosecutionDecisionLegalBasisLine","Căn cứ quyết định truy tố",true,MANUAL,SAFE_GENERIC_PREFILL,GENERIC_TEXT,"Path ""evidenceTransfer.prosecutionDecisionLegalBasisLine"" is generic/common boilerplate safe for prefill.",,TEXTAREA
BM-173,"evidenceTransfer.considerationLine","Xem xét tang vật, phương tiện",true,MANUAL,NEVER_AUTO,NONE,"Label ""Xem xét tang vật, phương tiện"" matches NEVER_AUTO pattern.",,TEXTAREA
BM-173,"evidenceTransfer.article1Line","Điều 1 - Nội dung quyết định",true,MANUAL,NEVER_AUTO,NONE,"Label ""Điều 1 - Nội dung quyết định"" matches NEVER_AUTO pattern.",,TEXTAREA
BM-173,"evidenceTransfer.article2Line","Điều 2 - Yêu cầu",true,MANUAL,NEVER_AUTO,NONE,"Label ""Điều 2 - Yêu cầu"" matches NEVER_AUTO pattern.",,TEXTAREA
BM-173,"recipients.line1","Nơi nhận chính 1",true,MANUAL,SAFE_GENERIC_PREFILL,GENERIC_TEXT,"Path ""recipients.line1"" is generic/common boilerplate safe for prefill.",,TEXT
BM-173,"recipients.line2","Nơi nhận chính 2",true,MANUAL,SAFE_GENERIC_PREFILL,GENERIC_TEXT,"Path ""recipients.line2"" is generic/common boilerplate safe for prefill.",,TEXT
BM-173,"recipients.archiveLine","Lưu hồ sơ",true,MANUAL,SAFE_GENERIC_PREFILL,GENERIC_TEXT,"Path ""recipients.archiveLine"" is generic/common boilerplate safe for prefill.",,TEXT
BM-173,"signature.signMode","Chế độ ký",true,OFFICIAL,NEVER_AUTO,NONE,"Label ""Chế độ ký"" matches NEVER_AUTO pattern.",,TEXT
BM-173,"signature.positionTitle","Chức vụ người ký",true,OFFICIAL,NEVER_AUTO,NONE,"Label ""Chức vụ người ký"" matches NEVER_AUTO pattern.",,TEXT
BM-173,"signature.signerName","Người ký",true,OFFICIAL,NEVER_AUTO,NONE,"Label ""Người ký"" matches NEVER_AUTO pattern.",,TEXT
BM-174,"agency.name","Tên cơ quan",false,AGENCY,NEVER_AUTO,NONE,"Label ""Tên cơ quan"" matches NEVER_AUTO pattern.",,TEXT
BM-174,"document.summaryLine","Tóm tắt / liệt kê (dòng)",false,MANUAL,NEVER_AUTO,NONE,"Label ""Tóm tắt / liệt kê (dòng)"" matches NEVER_AUTO pattern.",,TEXT
BM-174,"person.idNumber","Số CMND / CCCD",false,MANUAL,NEVER_AUTO,NONE,"Label ""Số CMND / CCCD"" matches NEVER_AUTO pattern.",,TEXT
BM-174,"person.occupation","Nghề nghiệp",false,MANUAL,NEVER_AUTO,NONE,"Label ""Nghề nghiệp"" matches NEVER_AUTO pattern.",,TEXT
BM-174,"person.currentAddress","Địa chỉ thường trú",false,MANUAL,NEVER_AUTO,NONE,"Label ""Địa chỉ thường trú"" matches NEVER_AUTO pattern.",,TEXT
BM-174,"person.dateOfBirth","Ngày sinh",false,MANUAL,NEVER_AUTO,NONE,"Path ""person.dateOfBirth"" starts with NEVER_AUTO path prefix.",,TEXT
BM-174,"person.personFullName","Họ và tên",false,MANUAL,NEVER_AUTO,NONE,"Label ""Họ và tên"" matches NEVER_AUTO pattern.",,TEXT
BM-174,"document.contentLine","Nội dung (dòng)",false,MANUAL,NEVER_AUTO,NONE,"Label ""Nội dung (dòng)"" matches NEVER_AUTO pattern.",,TEXT
BM-174,"document.issuePlace","Nơi ban hành",false,MANUAL,NEVER_AUTO,NONE,"Label ""Nơi ban hành"" matches NEVER_AUTO pattern.","TP. Hồ Chí Minh",TEXT
BM-174,"document.issueDate","Ngày ban hành",false,MANUAL,SAFE_GENERIC_PREFILL,GENERIC_TEXT,"Path ""document.issueDate"" is generic/common boilerplate safe for prefill.","2026-01-01",TEXT
BM-174,"document.fullDocumentCode","Số văn bản / quyết định",false,MANUAL,NEVER_AUTO,NONE,"Label ""Số văn bản / quyết định"" matches NEVER_AUTO pattern.",,TEXT
BM-175,"agency.name","Tên cơ quan",false,AGENCY,NEVER_AUTO,NONE,"Label ""Tên cơ quan"" matches NEVER_AUTO pattern.",,TEXT
BM-175,"document.issueDate","Ngày ban hành",false,MANUAL,SAFE_GENERIC_PREFILL,GENERIC_TEXT,"Path ""document.issueDate"" is generic/common boilerplate safe for prefill.","2026-01-01",TEXT
BM-175,"document.fullDocumentCode","Số văn bản / quyết định",false,MANUAL,NEVER_AUTO,NONE,"Label ""Số văn bản / quyết định"" matches NEVER_AUTO pattern.",,TEXT
BM-176,"agency.name","Tên cơ quan",false,AGENCY,NEVER_AUTO,NONE,"Label ""Tên cơ quan"" matches NEVER_AUTO pattern.",,TEXT
BM-176,"document.summaryLine","Tóm tắt / liệt kê (dòng)",false,MANUAL,NEVER_AUTO,NONE,"Label ""Tóm tắt / liệt kê (dòng)"" matches NEVER_AUTO pattern.",,TEXT
BM-176,"document.reasonLine","Căn cứ / lý do (dòng)",false,MANUAL,SAFE_GENERIC_PREFILL,GENERIC_TEXT,"Path ""document.reasonLine"" is generic/common boilerplate safe for prefill.",,TEXT
BM-176,"document.contentLine","Nội dung (dòng)",false,MANUAL,NEVER_AUTO,NONE,"Label ""Nội dung (dòng)"" matches NEVER_AUTO pattern.",,TEXT
BM-176,"decision.decisionLine","Cơ quan ra quyết định (dòng)",false,MANUAL,NEVER_AUTO,NONE,"Path ""decision.decisionLine"" starts with NEVER_AUTO path prefix.",,TEXT
BM-176,"document.issueDate","Ngày ban hành",false,MANUAL,SAFE_GENERIC_PREFILL,GENERIC_TEXT,"Path ""document.issueDate"" is generic/common boilerplate safe for prefill.","2026-01-01",TEXT
BM-176,"document.fullDocumentCode","Số văn bản / quyết định",false,MANUAL,NEVER_AUTO,NONE,"Label ""Số văn bản / quyết định"" matches NEVER_AUTO pattern.",,TEXT
BM-177,"agency.name","Tên cơ quan",false,AGENCY,NEVER_AUTO,NONE,"Label ""Tên cơ quan"" matches NEVER_AUTO pattern.",,TEXT
BM-177,"document.fullDocumentCode","Số văn bản / quyết định",false,MANUAL,NEVER_AUTO,NONE,"Label ""Số văn bản / quyết định"" matches NEVER_AUTO pattern.",,TEXT
BM-178,"agency.name","Tên cơ quan",false,AGENCY,NEVER_AUTO,NONE,"Label ""Tên cơ quan"" matches NEVER_AUTO pattern.",,TEXT
BM-178,"document.issuePlace","Nơi ban hành",false,MANUAL,NEVER_AUTO,NONE,"Label ""Nơi ban hành"" matches NEVER_AUTO pattern.","TP. Hồ Chí Minh",TEXT
BM-178,"document.issueDate","Ngày ban hành",false,MANUAL,SAFE_GENERIC_PREFILL,GENERIC_TEXT,"Path ""document.issueDate"" is generic/common boilerplate safe for prefill.","2026-01-01",TEXT
BM-178,"document.fullDocumentCode","Số văn bản / quyết định",false,MANUAL,NEVER_AUTO,NONE,"Label ""Số văn bản / quyết định"" matches NEVER_AUTO pattern.",,TEXT
BM-179,"agency.name","Tên cơ quan",false,AGENCY,NEVER_AUTO,NONE,"Label ""Tên cơ quan"" matches NEVER_AUTO pattern.",,TEXT
BM-179,"document.summaryLine","Tóm tắt / liệt kê (dòng)",false,MANUAL,NEVER_AUTO,NONE,"Label ""Tóm tắt / liệt kê (dòng)"" matches NEVER_AUTO pattern.",,TEXT
BM-179,"person.dateOfBirth","Ngày sinh",false,MANUAL,NEVER_AUTO,NONE,"Path ""person.dateOfBirth"" starts with NEVER_AUTO path prefix.",,TEXT
BM-179,"person.personFullName","Họ và tên",false,MANUAL,NEVER_AUTO,NONE,"Label ""Họ và tên"" matches NEVER_AUTO pattern.",,TEXT
BM-179,"document.reasonLine","Căn cứ / lý do (dòng)",false,MANUAL,SAFE_GENERIC_PREFILL,GENERIC_TEXT,"Path ""document.reasonLine"" is generic/common boilerplate safe for prefill.",,TEXT
BM-179,"document.contentLine","Nội dung (dòng)",false,MANUAL,NEVER_AUTO,NONE,"Label ""Nội dung (dòng)"" matches NEVER_AUTO pattern.",,TEXT
BM-179,"document.issuePlace","Nơi ban hành",false,MANUAL,NEVER_AUTO,NONE,"Label ""Nơi ban hành"" matches NEVER_AUTO pattern.","TP. Hồ Chí Minh",TEXT
BM-179,"document.issueDate","Ngày ban hành",false,MANUAL,SAFE_GENERIC_PREFILL,GENERIC_TEXT,"Path ""document.issueDate"" is generic/common boilerplate safe for prefill.","2026-01-01",TEXT
BM-179,"document.fullDocumentCode","Số văn bản / quyết định",false,MANUAL,NEVER_AUTO,NONE,"Label ""Số văn bản / quyết định"" matches NEVER_AUTO pattern.",,TEXT
BM-180,"agency.name","Tên cơ quan",false,AGENCY,NEVER_AUTO,NONE,"Label ""Tên cơ quan"" matches NEVER_AUTO pattern.",,TEXT
BM-180,"document.summaryLine","Tóm tắt / liệt kê (dòng)",false,MANUAL,NEVER_AUTO,NONE,"Label ""Tóm tắt / liệt kê (dòng)"" matches NEVER_AUTO pattern.",,TEXT
BM-180,"person.personFullName","Họ và tên",false,MANUAL,NEVER_AUTO,NONE,"Label ""Họ và tên"" matches NEVER_AUTO pattern.",,TEXT
BM-180,"document.contentLine","Nội dung (dòng)",false,MANUAL,NEVER_AUTO,NONE,"Label ""Nội dung (dòng)"" matches NEVER_AUTO pattern.",,TEXT
BM-180,"document.reasonLine2","Căn cứ / lý do (dòng 2)",false,MANUAL,SAFE_GENERIC_PREFILL,GENERIC_TEXT,"Path ""document.reasonLine2"" is generic/common boilerplate safe for prefill.",,TEXT
BM-180,"document.reasonLine","Căn cứ / lý do (dòng)",false,MANUAL,SAFE_GENERIC_PREFILL,GENERIC_TEXT,"Path ""document.reasonLine"" is generic/common boilerplate safe for prefill.",,TEXT
BM-180,"document.issuePlace","Nơi ban hành",false,MANUAL,NEVER_AUTO,NONE,"Label ""Nơi ban hành"" matches NEVER_AUTO pattern.","TP. Hồ Chí Minh",TEXT
BM-180,"agency.agencyReferenceLine","Cơ quan (dòng tham chiếu)",false,AGENCY,NEVER_AUTO,NONE,"Label ""Cơ quan (dòng tham chiếu)"" matches NEVER_AUTO pattern.",,TEXT
BM-180,"document.issueDate","Ngày ban hành",false,MANUAL,SAFE_GENERIC_PREFILL,GENERIC_TEXT,"Path ""document.issueDate"" is generic/common boilerplate safe for prefill.","2026-01-01",TEXT
BM-180,"document.fullDocumentCode","Số văn bản / quyết định",false,MANUAL,NEVER_AUTO,NONE,"Label ""Số văn bản / quyết định"" matches NEVER_AUTO pattern.",,TEXT
BM-181,"agency.name","Tên cơ quan",false,AGENCY,NEVER_AUTO,NONE,"Label ""Tên cơ quan"" matches NEVER_AUTO pattern.",,TEXT
BM-181,"document.issueDate","Ngày ban hành",false,MANUAL,SAFE_GENERIC_PREFILL,GENERIC_TEXT,"Path ""document.issueDate"" is generic/common boilerplate safe for prefill.","2026-01-01",TEXT
BM-181,"document.fullDocumentCode","Số văn bản / quyết định",false,MANUAL,NEVER_AUTO,NONE,"Label ""Số văn bản / quyết định"" matches NEVER_AUTO pattern.",,TEXT
BM-182,"agency.name","Tên cơ quan",false,AGENCY,NEVER_AUTO,NONE,"Label ""Tên cơ quan"" matches NEVER_AUTO pattern.",,TEXT
BM-182,"document.issueDate","Ngày ban hành",false,MANUAL,SAFE_GENERIC_PREFILL,GENERIC_TEXT,"Path ""document.issueDate"" is generic/common boilerplate safe for prefill.","2026-01-01",TEXT
BM-182,"document.fullDocumentCode","Số văn bản / quyết định",false,MANUAL,NEVER_AUTO,NONE,"Label ""Số văn bản / quyết định"" matches NEVER_AUTO pattern.",,TEXT
BM-183,"agency.name","Tên cơ quan",false,AGENCY,NEVER_AUTO,NONE,"Label ""Tên cơ quan"" matches NEVER_AUTO pattern.",,TEXT
BM-183,"person.dateOfBirth","Ngày sinh",false,MANUAL,NEVER_AUTO,NONE,"Path ""person.dateOfBirth"" starts with NEVER_AUTO path prefix.",,TEXT
BM-183,"person.personFullName","Họ và tên",false,MANUAL,NEVER_AUTO,NONE,"Label ""Họ và tên"" matches NEVER_AUTO pattern.",,TEXT
BM-183,"legalBasis.statuteReference","Điều luật tham chiếu",false,MANUAL,SAFE_GENERIC_PREFILL,GENERIC_TEXT,"Path ""legalBasis.statuteReference"" is generic/common boilerplate safe for prefill.",,TEXT
BM-183,"document.contentLine","Nội dung (dòng)",false,MANUAL,NEVER_AUTO,NONE,"Label ""Nội dung (dòng)"" matches NEVER_AUTO pattern.",,TEXT
BM-183,"legalBasis.legalBasisLine2","Căn cứ pháp luật (dòng 2)",false,MANUAL,SAFE_GENERIC_PREFILL,GENERIC_TEXT,"Path ""legalBasis.legalBasisLine2"" is generic/common boilerplate safe for prefill.",,TEXT
BM-183,"legalBasis.legalBasisLine","Căn cứ pháp luật (dòng)",false,MANUAL,SAFE_GENERIC_PREFILL,GENERIC_TEXT,"Path ""legalBasis.legalBasisLine"" is generic/common boilerplate safe for prefill.",,TEXT
BM-183,"document.issueDate","Ngày ban hành",false,MANUAL,SAFE_GENERIC_PREFILL,GENERIC_TEXT,"Path ""document.issueDate"" is generic/common boilerplate safe for prefill.","2026-01-01",TEXT
BM-183,"document.fullDocumentCode","Số văn bản / quyết định",false,MANUAL,NEVER_AUTO,NONE,"Label ""Số văn bản / quyết định"" matches NEVER_AUTO pattern.",,TEXT
BM-184,"agency.name","Tên cơ quan",false,AGENCY,NEVER_AUTO,NONE,"Label ""Tên cơ quan"" matches NEVER_AUTO pattern.",,TEXT
BM-184,"decision.decisionLine","Nội dung quyết định",false,MANUAL,NEVER_AUTO,NONE,"Path ""decision.decisionLine"" starts with NEVER_AUTO path prefix.",,TEXT
BM-184,"decision.decisionLine4","Cơ quan ra quyết định (dòng 4)",false,MANUAL,NEVER_AUTO,NONE,"Path ""decision.decisionLine4"" starts with NEVER_AUTO path prefix.",,TEXT
BM-184,"document.summaryLine","Tóm tắt / liệt kê (dòng)",false,MANUAL,NEVER_AUTO,NONE,"Label ""Tóm tắt / liệt kê (dòng)"" matches NEVER_AUTO pattern.",,TEXT
BM-184,"person.occupation","Nghề nghiệp",false,MANUAL,NEVER_AUTO,NONE,"Label ""Nghề nghiệp"" matches NEVER_AUTO pattern.",,TEXT
BM-184,"decision.decisionLine3","Cơ quan ra quyết định (dòng 3)",false,MANUAL,NEVER_AUTO,NONE,"Path ""decision.decisionLine3"" starts with NEVER_AUTO path prefix.",,TEXT
BM-184,"decision.decisionLine2","Cơ quan ra quyết định (dòng 2)",false,MANUAL,NEVER_AUTO,NONE,"Path ""decision.decisionLine2"" starts with NEVER_AUTO path prefix.",,TEXT
BM-184,"person.currentAddress","Địa chỉ thường trú",false,MANUAL,NEVER_AUTO,NONE,"Label ""Địa chỉ thường trú"" matches NEVER_AUTO pattern.",,TEXT
BM-184,"person.dateOfBirth","Ngày sinh",false,MANUAL,NEVER_AUTO,NONE,"Path ""person.dateOfBirth"" starts with NEVER_AUTO path prefix.",,TEXT
BM-184,"person.personFullName","Họ và tên",false,MANUAL,NEVER_AUTO,NONE,"Label ""Họ và tên"" matches NEVER_AUTO pattern.",,TEXT
BM-184,"document.issuePlace","Nơi ban hành",false,MANUAL,NEVER_AUTO,NONE,"Label ""Nơi ban hành"" matches NEVER_AUTO pattern.","TP. Hồ Chí Minh",TEXT
BM-184,"document.issueDate","Ngày ban hành",false,MANUAL,SAFE_GENERIC_PREFILL,GENERIC_TEXT,"Path ""document.issueDate"" is generic/common boilerplate safe for prefill.","2026-01-01",TEXT
BM-184,"document.fullDocumentCode","Số văn bản / quyết định",false,MANUAL,NEVER_AUTO,NONE,"Label ""Số văn bản / quyết định"" matches NEVER_AUTO pattern.",,TEXT
BM-185,"agency.name","Tên cơ quan",false,AGENCY,NEVER_AUTO,NONE,"Label ""Tên cơ quan"" matches NEVER_AUTO pattern.",,TEXT
BM-185,"person.currentAddress","Địa chỉ thường trú",false,MANUAL,NEVER_AUTO,NONE,"Label ""Địa chỉ thường trú"" matches NEVER_AUTO pattern.",,TEXT
BM-185,"person.dateOfBirth","Ngày sinh",false,MANUAL,NEVER_AUTO,NONE,"Path ""person.dateOfBirth"" starts with NEVER_AUTO path prefix.",,TEXT
BM-185,"person.personFullName","Họ và tên",false,MANUAL,NEVER_AUTO,NONE,"Label ""Họ và tên"" matches NEVER_AUTO pattern.",,TEXT
BM-185,"document.issueDate","Ngày ban hành",false,MANUAL,SAFE_GENERIC_PREFILL,GENERIC_TEXT,"Path ""document.issueDate"" is generic/common boilerplate safe for prefill.","2026-01-01",TEXT
BM-185,"document.fullDocumentCode","Số văn bản / quyết định",false,MANUAL,NEVER_AUTO,NONE,"Label ""Số văn bản / quyết định"" matches NEVER_AUTO pattern.",,TEXT
BM-186,"agency.name","Tên cơ quan",false,AGENCY,NEVER_AUTO,NONE,"Label ""Tên cơ quan"" matches NEVER_AUTO pattern.",,TEXT
BM-186,"recipients.personLine","Người bị áp dụng",false,MANUAL,NEVER_AUTO,NONE,"Label ""Người bị áp dụng"" matches NEVER_AUTO pattern.",,TEXT
BM-186,"recipients.personLine15","Người nhận (dòng 15)",false,MANUAL,NEVER_AUTO,NONE,"Label ""Người nhận (dòng 15)"" matches NEVER_AUTO pattern.",,TEXT
BM-186,"document.reasonLine","Căn cứ / lý do (dòng)",false,MANUAL,SAFE_GENERIC_PREFILL,GENERIC_TEXT,"Path ""document.reasonLine"" is generic/common boilerplate safe for prefill.",,TEXT
BM-186,"document.issuePlace","Nơi ban hành",false,MANUAL,NEVER_AUTO,NONE,"Label ""Nơi ban hành"" matches NEVER_AUTO pattern.","TP. Hồ Chí Minh",TEXT
BM-186,"recipients.personLine14","Người nhận (dòng 14)",false,MANUAL,NEVER_AUTO,NONE,"Label ""Người nhận (dòng 14)"" matches NEVER_AUTO pattern.",,TEXT
BM-186,"recipients.personLine13","Người nhận (dòng 13)",false,MANUAL,NEVER_AUTO,NONE,"Label ""Người nhận (dòng 13)"" matches NEVER_AUTO pattern.",,TEXT
BM-186,"document.issueDate","Ngày ban hành",false,MANUAL,SAFE_GENERIC_PREFILL,GENERIC_TEXT,"Path ""document.issueDate"" is generic/common boilerplate safe for prefill.","2026-01-01",TEXT
BM-186,"recipients.personLine12","Người nhận (dòng 12)",false,MANUAL,NEVER_AUTO,NONE,"Label ""Người nhận (dòng 12)"" matches NEVER_AUTO pattern.",,TEXT
BM-186,"recipients.personLine11","Người nhận (dòng 11)",false,MANUAL,NEVER_AUTO,NONE,"Label ""Người nhận (dòng 11)"" matches NEVER_AUTO pattern.",,TEXT
BM-186,"recipients.personLine10","Người nhận (dòng 10)",false,MANUAL,NEVER_AUTO,NONE,"Label ""Người nhận (dòng 10)"" matches NEVER_AUTO pattern.",,TEXT
BM-186,"recipients.personLine9","Người nhận (dòng 9)",false,MANUAL,NEVER_AUTO,NONE,"Label ""Người nhận (dòng 9)"" matches NEVER_AUTO pattern.",,TEXT
BM-186,"recipients.personLine8","Người nhận (dòng 8)",false,MANUAL,NEVER_AUTO,NONE,"Label ""Người nhận (dòng 8)"" matches NEVER_AUTO pattern.",,TEXT
BM-186,"recipients.personLine7","Người nhận (dòng 7)",false,MANUAL,NEVER_AUTO,NONE,"Label ""Người nhận (dòng 7)"" matches NEVER_AUTO pattern.",,TEXT
BM-186,"recipients.personLine6","Người nhận (dòng 6)",false,MANUAL,NEVER_AUTO,NONE,"Label ""Người nhận (dòng 6)"" matches NEVER_AUTO pattern.",,TEXT
BM-186,"recipients.personLine5","Người nhận (dòng 5)",false,MANUAL,NEVER_AUTO,NONE,"Label ""Người nhận (dòng 5)"" matches NEVER_AUTO pattern.",,TEXT
BM-186,"recipients.personLine4","Người nhận (dòng 4)",false,MANUAL,NEVER_AUTO,NONE,"Label ""Người nhận (dòng 4)"" matches NEVER_AUTO pattern.",,TEXT
BM-186,"recipients.personLine3","Người nhận (dòng 3)",false,MANUAL,NEVER_AUTO,NONE,"Label ""Người nhận (dòng 3)"" matches NEVER_AUTO pattern.",,TEXT
BM-186,"recipients.personLine2","Người nhận (dòng 2)",false,MANUAL,NEVER_AUTO,NONE,"Label ""Người nhận (dòng 2)"" matches NEVER_AUTO pattern.",,TEXT
BM-186,"document.fullDocumentCode","Số văn bản / quyết định",false,MANUAL,NEVER_AUTO,NONE,"Label ""Số văn bản / quyết định"" matches NEVER_AUTO pattern.",,TEXT
BM-187,"agency.name","Tên cơ quan",false,AGENCY,NEVER_AUTO,NONE,"Label ""Tên cơ quan"" matches NEVER_AUTO pattern.",,TEXT
BM-187,"recipients.personLine","Người bị áp dụng",false,MANUAL,NEVER_AUTO,NONE,"Label ""Người bị áp dụng"" matches NEVER_AUTO pattern.",,TEXT
BM-187,"recipients.personLine13","Người nhận (dòng 13)",false,MANUAL,NEVER_AUTO,NONE,"Label ""Người nhận (dòng 13)"" matches NEVER_AUTO pattern.",,TEXT
BM-187,"recipients.personLine12","Người nhận (dòng 12)",false,MANUAL,NEVER_AUTO,NONE,"Label ""Người nhận (dòng 12)"" matches NEVER_AUTO pattern.",,TEXT
BM-187,"recipients.personLine11","Người nhận (dòng 11)",false,MANUAL,NEVER_AUTO,NONE,"Label ""Người nhận (dòng 11)"" matches NEVER_AUTO pattern.",,TEXT
BM-187,"recipients.personLine10","Người nhận (dòng 10)",false,MANUAL,NEVER_AUTO,NONE,"Label ""Người nhận (dòng 10)"" matches NEVER_AUTO pattern.",,TEXT
BM-187,"recipients.personLine9","Người nhận (dòng 9)",false,MANUAL,NEVER_AUTO,NONE,"Label ""Người nhận (dòng 9)"" matches NEVER_AUTO pattern.",,TEXT
BM-187,"recipients.personLine8","Người nhận (dòng 8)",false,MANUAL,NEVER_AUTO,NONE,"Label ""Người nhận (dòng 8)"" matches NEVER_AUTO pattern.",,TEXT
BM-187,"recipients.personLine7","Người nhận (dòng 7)",false,MANUAL,NEVER_AUTO,NONE,"Label ""Người nhận (dòng 7)"" matches NEVER_AUTO pattern.",,TEXT
BM-187,"recipients.personLine6","Người nhận (dòng 6)",false,MANUAL,NEVER_AUTO,NONE,"Label ""Người nhận (dòng 6)"" matches NEVER_AUTO pattern.",,TEXT
BM-187,"recipients.personLine5","Người nhận (dòng 5)",false,MANUAL,NEVER_AUTO,NONE,"Label ""Người nhận (dòng 5)"" matches NEVER_AUTO pattern.",,TEXT
BM-187,"recipients.personLine4","Người nhận (dòng 4)",false,MANUAL,NEVER_AUTO,NONE,"Label ""Người nhận (dòng 4)"" matches NEVER_AUTO pattern.",,TEXT
BM-187,"recipients.personLine3","Người nhận (dòng 3)",false,MANUAL,NEVER_AUTO,NONE,"Label ""Người nhận (dòng 3)"" matches NEVER_AUTO pattern.",,TEXT
BM-187,"recipients.personLine2","Người nhận (dòng 2)",false,MANUAL,NEVER_AUTO,NONE,"Label ""Người nhận (dòng 2)"" matches NEVER_AUTO pattern.",,TEXT
BM-187,"document.issueDate","Ngày ban hành",false,MANUAL,SAFE_GENERIC_PREFILL,GENERIC_TEXT,"Path ""document.issueDate"" is generic/common boilerplate safe for prefill.","2026-01-01",TEXT
BM-187,"document.fullDocumentCode","Số văn bản / quyết định",false,MANUAL,NEVER_AUTO,NONE,"Label ""Số văn bản / quyết định"" matches NEVER_AUTO pattern.",,TEXT
BM-188,"agency.name","Tên cơ quan",false,AGENCY,NEVER_AUTO,NONE,"Label ""Tên cơ quan"" matches NEVER_AUTO pattern.",,TEXT
BM-188,"recipients.personLine","Người bị áp dụng",false,MANUAL,NEVER_AUTO,NONE,"Label ""Người bị áp dụng"" matches NEVER_AUTO pattern.",,TEXT
BM-188,"recipients.personLine15","Người nhận (dòng 15)",false,MANUAL,NEVER_AUTO,NONE,"Label ""Người nhận (dòng 15)"" matches NEVER_AUTO pattern.",,TEXT
BM-188,"recipients.personLine14","Người nhận (dòng 14)",false,MANUAL,NEVER_AUTO,NONE,"Label ""Người nhận (dòng 14)"" matches NEVER_AUTO pattern.",,TEXT
BM-188,"recipients.personLine13","Người nhận (dòng 13)",false,MANUAL,NEVER_AUTO,NONE,"Label ""Người nhận (dòng 13)"" matches NEVER_AUTO pattern.",,TEXT
BM-188,"document.issueDate","Ngày ban hành",false,MANUAL,SAFE_GENERIC_PREFILL,GENERIC_TEXT,"Path ""document.issueDate"" is generic/common boilerplate safe for prefill.","2026-01-01",TEXT
BM-188,"recipients.personLine12","Người nhận (dòng 12)",false,MANUAL,NEVER_AUTO,NONE,"Label ""Người nhận (dòng 12)"" matches NEVER_AUTO pattern.",,TEXT
BM-188,"recipients.personLine11","Người nhận (dòng 11)",false,MANUAL,NEVER_AUTO,NONE,"Label ""Người nhận (dòng 11)"" matches NEVER_AUTO pattern.",,TEXT
BM-188,"recipients.personLine10","Người nhận (dòng 10)",false,MANUAL,NEVER_AUTO,NONE,"Label ""Người nhận (dòng 10)"" matches NEVER_AUTO pattern.",,TEXT
BM-188,"recipients.personLine9","Người nhận (dòng 9)",false,MANUAL,NEVER_AUTO,NONE,"Label ""Người nhận (dòng 9)"" matches NEVER_AUTO pattern.",,TEXT
BM-188,"recipients.personLine8","Người nhận (dòng 8)",false,MANUAL,NEVER_AUTO,NONE,"Label ""Người nhận (dòng 8)"" matches NEVER_AUTO pattern.",,TEXT
BM-188,"recipients.personLine7","Người nhận (dòng 7)",false,MANUAL,NEVER_AUTO,NONE,"Label ""Người nhận (dòng 7)"" matches NEVER_AUTO pattern.",,TEXT
BM-188,"recipients.personLine6","Người nhận (dòng 6)",false,MANUAL,NEVER_AUTO,NONE,"Label ""Người nhận (dòng 6)"" matches NEVER_AUTO pattern.",,TEXT
BM-188,"recipients.personLine5","Người nhận (dòng 5)",false,MANUAL,NEVER_AUTO,NONE,"Label ""Người nhận (dòng 5)"" matches NEVER_AUTO pattern.",,TEXT
BM-188,"recipients.personLine4","Người nhận (dòng 4)",false,MANUAL,NEVER_AUTO,NONE,"Label ""Người nhận (dòng 4)"" matches NEVER_AUTO pattern.",,TEXT
BM-188,"recipients.personLine3","Người nhận (dòng 3)",false,MANUAL,NEVER_AUTO,NONE,"Label ""Người nhận (dòng 3)"" matches NEVER_AUTO pattern.",,TEXT
BM-188,"recipients.personLine2","Người nhận (dòng 2)",false,MANUAL,NEVER_AUTO,NONE,"Label ""Người nhận (dòng 2)"" matches NEVER_AUTO pattern.",,TEXT
BM-188,"document.fullDocumentCode","Số văn bản / quyết định",false,MANUAL,NEVER_AUTO,NONE,"Label ""Số văn bản / quyết định"" matches NEVER_AUTO pattern.",,TEXT
BM-189,"agency.name","Tên cơ quan",false,AGENCY,NEVER_AUTO,NONE,"Label ""Tên cơ quan"" matches NEVER_AUTO pattern.",,TEXT
BM-189,"recipients.personLine","Người bị áp dụng",false,MANUAL,NEVER_AUTO,NONE,"Label ""Người bị áp dụng"" matches NEVER_AUTO pattern.",,TEXT
BM-189,"recipients.personLine15","Người nhận (dòng 15)",false,MANUAL,NEVER_AUTO,NONE,"Label ""Người nhận (dòng 15)"" matches NEVER_AUTO pattern.",,TEXT
BM-189,"recipients.personLine14","Người nhận (dòng 14)",false,MANUAL,NEVER_AUTO,NONE,"Label ""Người nhận (dòng 14)"" matches NEVER_AUTO pattern.",,TEXT
BM-189,"recipients.personLine13","Người nhận (dòng 13)",false,MANUAL,NEVER_AUTO,NONE,"Label ""Người nhận (dòng 13)"" matches NEVER_AUTO pattern.",,TEXT
BM-189,"document.fullDocumentCode","Số văn bản / quyết định",false,MANUAL,NEVER_AUTO,NONE,"Label ""Số văn bản / quyết định"" matches NEVER_AUTO pattern.",,TEXT
BM-189,"recipients.personLine12","Người nhận (dòng 12)",false,MANUAL,NEVER_AUTO,NONE,"Label ""Người nhận (dòng 12)"" matches NEVER_AUTO pattern.",,TEXT
BM-189,"recipients.personLine11","Người nhận (dòng 11)",false,MANUAL,NEVER_AUTO,NONE,"Label ""Người nhận (dòng 11)"" matches NEVER_AUTO pattern.",,TEXT
BM-189,"recipients.personLine10","Người nhận (dòng 10)",false,MANUAL,NEVER_AUTO,NONE,"Label ""Người nhận (dòng 10)"" matches NEVER_AUTO pattern.",,TEXT
BM-189,"recipients.personLine9","Người nhận (dòng 9)",false,MANUAL,NEVER_AUTO,NONE,"Label ""Người nhận (dòng 9)"" matches NEVER_AUTO pattern.",,TEXT
BM-189,"recipients.personLine8","Người nhận (dòng 8)",false,MANUAL,NEVER_AUTO,NONE,"Label ""Người nhận (dòng 8)"" matches NEVER_AUTO pattern.",,TEXT
BM-189,"recipients.personLine7","Người nhận (dòng 7)",false,MANUAL,NEVER_AUTO,NONE,"Label ""Người nhận (dòng 7)"" matches NEVER_AUTO pattern.",,TEXT
BM-189,"recipients.personLine6","Người nhận (dòng 6)",false,MANUAL,NEVER_AUTO,NONE,"Label ""Người nhận (dòng 6)"" matches NEVER_AUTO pattern.",,TEXT
BM-189,"recipients.personLine5","Người nhận (dòng 5)",false,MANUAL,NEVER_AUTO,NONE,"Label ""Người nhận (dòng 5)"" matches NEVER_AUTO pattern.",,TEXT
BM-189,"recipients.personLine4","Người nhận (dòng 4)",false,MANUAL,NEVER_AUTO,NONE,"Label ""Người nhận (dòng 4)"" matches NEVER_AUTO pattern.",,TEXT
BM-189,"recipients.personLine3","Người nhận (dòng 3)",false,MANUAL,NEVER_AUTO,NONE,"Label ""Người nhận (dòng 3)"" matches NEVER_AUTO pattern.",,TEXT
BM-189,"recipients.personLine2","Người nhận (dòng 2)",false,MANUAL,NEVER_AUTO,NONE,"Label ""Người nhận (dòng 2)"" matches NEVER_AUTO pattern.",,TEXT
BM-190,"agency.name","Tên cơ quan",false,AGENCY,NEVER_AUTO,NONE,"Label ""Tên cơ quan"" matches NEVER_AUTO pattern.",,TEXT
BM-190,"recipients.personLine","Người bị áp dụng",false,MANUAL,NEVER_AUTO,NONE,"Label ""Người bị áp dụng"" matches NEVER_AUTO pattern.",,TEXT
BM-190,"recipients.personLine15","Người nhận (dòng 15)",false,MANUAL,NEVER_AUTO,NONE,"Label ""Người nhận (dòng 15)"" matches NEVER_AUTO pattern.",,TEXT
BM-190,"document.issuePlace","Nơi ban hành",false,MANUAL,NEVER_AUTO,NONE,"Label ""Nơi ban hành"" matches NEVER_AUTO pattern.","TP. Hồ Chí Minh",TEXT
BM-190,"recipients.personLine14","Người nhận (dòng 14)",false,MANUAL,NEVER_AUTO,NONE,"Label ""Người nhận (dòng 14)"" matches NEVER_AUTO pattern.",,TEXT
BM-190,"recipients.personLine13","Người nhận (dòng 13)",false,MANUAL,NEVER_AUTO,NONE,"Label ""Người nhận (dòng 13)"" matches NEVER_AUTO pattern.",,TEXT
BM-190,"document.issueDate","Ngày ban hành",false,MANUAL,SAFE_GENERIC_PREFILL,GENERIC_TEXT,"Path ""document.issueDate"" is generic/common boilerplate safe for prefill.","2026-01-01",TEXT
BM-190,"recipients.personLine12","Người nhận (dòng 12)",false,MANUAL,NEVER_AUTO,NONE,"Label ""Người nhận (dòng 12)"" matches NEVER_AUTO pattern.",,TEXT
BM-190,"recipients.personLine11","Người nhận (dòng 11)",false,MANUAL,NEVER_AUTO,NONE,"Label ""Người nhận (dòng 11)"" matches NEVER_AUTO pattern.",,TEXT
BM-190,"recipients.personLine10","Người nhận (dòng 10)",false,MANUAL,NEVER_AUTO,NONE,"Label ""Người nhận (dòng 10)"" matches NEVER_AUTO pattern.",,TEXT
BM-190,"recipients.personLine9","Người nhận (dòng 9)",false,MANUAL,NEVER_AUTO,NONE,"Label ""Người nhận (dòng 9)"" matches NEVER_AUTO pattern.",,TEXT
BM-190,"recipients.personLine8","Người nhận (dòng 8)",false,MANUAL,NEVER_AUTO,NONE,"Label ""Người nhận (dòng 8)"" matches NEVER_AUTO pattern.",,TEXT
BM-190,"recipients.personLine7","Người nhận (dòng 7)",false,MANUAL,NEVER_AUTO,NONE,"Label ""Người nhận (dòng 7)"" matches NEVER_AUTO pattern.",,TEXT
BM-190,"recipients.personLine6","Người nhận (dòng 6)",false,MANUAL,NEVER_AUTO,NONE,"Label ""Người nhận (dòng 6)"" matches NEVER_AUTO pattern.",,TEXT
BM-190,"recipients.personLine5","Người nhận (dòng 5)",false,MANUAL,NEVER_AUTO,NONE,"Label ""Người nhận (dòng 5)"" matches NEVER_AUTO pattern.",,TEXT
BM-190,"recipients.personLine4","Người nhận (dòng 4)",false,MANUAL,NEVER_AUTO,NONE,"Label ""Người nhận (dòng 4)"" matches NEVER_AUTO pattern.",,TEXT
BM-190,"recipients.personLine3","Người nhận (dòng 3)",false,MANUAL,NEVER_AUTO,NONE,"Label ""Người nhận (dòng 3)"" matches NEVER_AUTO pattern.",,TEXT
BM-190,"recipients.personLine2","Người nhận (dòng 2)",false,MANUAL,NEVER_AUTO,NONE,"Label ""Người nhận (dòng 2)"" matches NEVER_AUTO pattern.",,TEXT
BM-190,"document.fullDocumentCode","Số văn bản / quyết định",false,MANUAL,NEVER_AUTO,NONE,"Label ""Số văn bản / quyết định"" matches NEVER_AUTO pattern.",,TEXT
BM-191,"agency.name","Tên cơ quan",false,AGENCY,NEVER_AUTO,NONE,"Label ""Tên cơ quan"" matches NEVER_AUTO pattern.",,TEXT
BM-191,"recipients.personLine","Người bị áp dụng",false,MANUAL,NEVER_AUTO,NONE,"Label ""Người bị áp dụng"" matches NEVER_AUTO pattern.",,TEXT
BM-191,"recipients.personLine13","Người nhận (dòng 13)",false,MANUAL,NEVER_AUTO,NONE,"Label ""Người nhận (dòng 13)"" matches NEVER_AUTO pattern.",,TEXT
BM-191,"document.reasonLine","Căn cứ / lý do (dòng)",false,MANUAL,SAFE_GENERIC_PREFILL,GENERIC_TEXT,"Path ""document.reasonLine"" is generic/common boilerplate safe for prefill.",,TEXT
BM-191,"document.issuePlace","Nơi ban hành",false,MANUAL,NEVER_AUTO,NONE,"Label ""Nơi ban hành"" matches NEVER_AUTO pattern.","TP. Hồ Chí Minh",TEXT
BM-191,"document.issueDate","Ngày ban hành",false,MANUAL,SAFE_GENERIC_PREFILL,GENERIC_TEXT,"Path ""document.issueDate"" is generic/common boilerplate safe for prefill.","2026-01-01",TEXT
BM-191,"recipients.personLine12","Người nhận (dòng 12)",false,MANUAL,NEVER_AUTO,NONE,"Label ""Người nhận (dòng 12)"" matches NEVER_AUTO pattern.",,TEXT
BM-191,"recipients.personLine11","Người nhận (dòng 11)",false,MANUAL,NEVER_AUTO,NONE,"Label ""Người nhận (dòng 11)"" matches NEVER_AUTO pattern.",,TEXT
BM-191,"recipients.personLine10","Người nhận (dòng 10)",false,MANUAL,NEVER_AUTO,NONE,"Label ""Người nhận (dòng 10)"" matches NEVER_AUTO pattern.",,TEXT
BM-191,"recipients.personLine9","Người nhận (dòng 9)",false,MANUAL,NEVER_AUTO,NONE,"Label ""Người nhận (dòng 9)"" matches NEVER_AUTO pattern.",,TEXT
BM-191,"recipients.personLine8","Người nhận (dòng 8)",false,MANUAL,NEVER_AUTO,NONE,"Label ""Người nhận (dòng 8)"" matches NEVER_AUTO pattern.",,TEXT
BM-191,"recipients.personLine7","Người nhận (dòng 7)",false,MANUAL,NEVER_AUTO,NONE,"Label ""Người nhận (dòng 7)"" matches NEVER_AUTO pattern.",,TEXT
BM-191,"recipients.personLine6","Người nhận (dòng 6)",false,MANUAL,NEVER_AUTO,NONE,"Label ""Người nhận (dòng 6)"" matches NEVER_AUTO pattern.",,TEXT
BM-191,"recipients.personLine5","Người nhận (dòng 5)",false,MANUAL,NEVER_AUTO,NONE,"Label ""Người nhận (dòng 5)"" matches NEVER_AUTO pattern.",,TEXT
BM-191,"recipients.personLine4","Người nhận (dòng 4)",false,MANUAL,NEVER_AUTO,NONE,"Label ""Người nhận (dòng 4)"" matches NEVER_AUTO pattern.",,TEXT
BM-191,"recipients.personLine3","Người nhận (dòng 3)",false,MANUAL,NEVER_AUTO,NONE,"Label ""Người nhận (dòng 3)"" matches NEVER_AUTO pattern.",,TEXT
BM-191,"recipients.personLine2","Người nhận (dòng 2)",false,MANUAL,NEVER_AUTO,NONE,"Label ""Người nhận (dòng 2)"" matches NEVER_AUTO pattern.",,TEXT
BM-191,"document.fullDocumentCode","Số văn bản / quyết định",false,MANUAL,NEVER_AUTO,NONE,"Label ""Số văn bản / quyết định"" matches NEVER_AUTO pattern.",,TEXT
BM-192,"agency.name","Tên cơ quan",false,AGENCY,NEVER_AUTO,NONE,"Label ""Tên cơ quan"" matches NEVER_AUTO pattern.",,TEXT
BM-192,"recipients.personLine","Người bị áp dụng",false,MANUAL,NEVER_AUTO,NONE,"Label ""Người bị áp dụng"" matches NEVER_AUTO pattern.",,TEXT
BM-192,"recipients.personLine13","Người nhận (dòng 13)",false,MANUAL,NEVER_AUTO,NONE,"Label ""Người nhận (dòng 13)"" matches NEVER_AUTO pattern.",,TEXT
BM-192,"document.issuePlace","Nơi ban hành",false,MANUAL,NEVER_AUTO,NONE,"Label ""Nơi ban hành"" matches NEVER_AUTO pattern.","TP. Hồ Chí Minh",TEXT
BM-192,"document.issueDate","Ngày ban hành",false,MANUAL,SAFE_GENERIC_PREFILL,GENERIC_TEXT,"Path ""document.issueDate"" is generic/common boilerplate safe for prefill.","2026-01-01",TEXT
BM-192,"recipients.personLine12","Người nhận (dòng 12)",false,MANUAL,NEVER_AUTO,NONE,"Label ""Người nhận (dòng 12)"" matches NEVER_AUTO pattern.",,TEXT
BM-192,"recipients.personLine11","Người nhận (dòng 11)",false,MANUAL,NEVER_AUTO,NONE,"Label ""Người nhận (dòng 11)"" matches NEVER_AUTO pattern.",,TEXT
BM-192,"recipients.personLine10","Người nhận (dòng 10)",false,MANUAL,NEVER_AUTO,NONE,"Label ""Người nhận (dòng 10)"" matches NEVER_AUTO pattern.",,TEXT
BM-192,"recipients.personLine9","Người nhận (dòng 9)",false,MANUAL,NEVER_AUTO,NONE,"Label ""Người nhận (dòng 9)"" matches NEVER_AUTO pattern.",,TEXT
BM-192,"recipients.personLine8","Người nhận (dòng 8)",false,MANUAL,NEVER_AUTO,NONE,"Label ""Người nhận (dòng 8)"" matches NEVER_AUTO pattern.",,TEXT
BM-192,"recipients.personLine7","Người nhận (dòng 7)",false,MANUAL,NEVER_AUTO,NONE,"Label ""Người nhận (dòng 7)"" matches NEVER_AUTO pattern.",,TEXT
BM-192,"recipients.personLine6","Người nhận (dòng 6)",false,MANUAL,NEVER_AUTO,NONE,"Label ""Người nhận (dòng 6)"" matches NEVER_AUTO pattern.",,TEXT
BM-192,"recipients.personLine5","Người nhận (dòng 5)",false,MANUAL,NEVER_AUTO,NONE,"Label ""Người nhận (dòng 5)"" matches NEVER_AUTO pattern.",,TEXT
BM-192,"recipients.personLine4","Người nhận (dòng 4)",false,MANUAL,NEVER_AUTO,NONE,"Label ""Người nhận (dòng 4)"" matches NEVER_AUTO pattern.",,TEXT
BM-192,"recipients.personLine3","Người nhận (dòng 3)",false,MANUAL,NEVER_AUTO,NONE,"Label ""Người nhận (dòng 3)"" matches NEVER_AUTO pattern.",,TEXT
BM-192,"recipients.personLine2","Người nhận (dòng 2)",false,MANUAL,NEVER_AUTO,NONE,"Label ""Người nhận (dòng 2)"" matches NEVER_AUTO pattern.",,TEXT
BM-192,"document.fullDocumentCode","Số văn bản / quyết định",false,MANUAL,NEVER_AUTO,NONE,"Label ""Số văn bản / quyết định"" matches NEVER_AUTO pattern.",,TEXT
BM-193,"agency.name","Tên cơ quan",false,AGENCY,NEVER_AUTO,NONE,"Label ""Tên cơ quan"" matches NEVER_AUTO pattern.",,TEXT
BM-193,"recipients.personLine","Người bị áp dụng",false,MANUAL,NEVER_AUTO,NONE,"Label ""Người bị áp dụng"" matches NEVER_AUTO pattern.",,TEXT
BM-193,"recipients.personLine13","Người nhận (dòng 13)",false,MANUAL,NEVER_AUTO,NONE,"Label ""Người nhận (dòng 13)"" matches NEVER_AUTO pattern.",,TEXT
BM-193,"document.issueDate","Ngày ban hành",false,MANUAL,SAFE_GENERIC_PREFILL,GENERIC_TEXT,"Path ""document.issueDate"" is generic/common boilerplate safe for prefill.","2026-01-01",TEXT
BM-193,"document.fullDocumentCode","Số văn bản / quyết định",false,MANUAL,NEVER_AUTO,NONE,"Label ""Số văn bản / quyết định"" matches NEVER_AUTO pattern.",,TEXT
BM-193,"recipients.personLine12","Người nhận (dòng 12)",false,MANUAL,NEVER_AUTO,NONE,"Label ""Người nhận (dòng 12)"" matches NEVER_AUTO pattern.",,TEXT
BM-193,"recipients.personLine11","Người nhận (dòng 11)",false,MANUAL,NEVER_AUTO,NONE,"Label ""Người nhận (dòng 11)"" matches NEVER_AUTO pattern.",,TEXT
BM-193,"recipients.personLine10","Người nhận (dòng 10)",false,MANUAL,NEVER_AUTO,NONE,"Label ""Người nhận (dòng 10)"" matches NEVER_AUTO pattern.",,TEXT
BM-193,"recipients.personLine9","Người nhận (dòng 9)",false,MANUAL,NEVER_AUTO,NONE,"Label ""Người nhận (dòng 9)"" matches NEVER_AUTO pattern.",,TEXT
BM-193,"recipients.personLine8","Người nhận (dòng 8)",false,MANUAL,NEVER_AUTO,NONE,"Label ""Người nhận (dòng 8)"" matches NEVER_AUTO pattern.",,TEXT
BM-193,"recipients.personLine7","Người nhận (dòng 7)",false,MANUAL,NEVER_AUTO,NONE,"Label ""Người nhận (dòng 7)"" matches NEVER_AUTO pattern.",,TEXT
BM-193,"recipients.personLine6","Người nhận (dòng 6)",false,MANUAL,NEVER_AUTO,NONE,"Label ""Người nhận (dòng 6)"" matches NEVER_AUTO pattern.",,TEXT
BM-193,"recipients.personLine5","Người nhận (dòng 5)",false,MANUAL,NEVER_AUTO,NONE,"Label ""Người nhận (dòng 5)"" matches NEVER_AUTO pattern.",,TEXT
BM-193,"recipients.personLine4","Người nhận (dòng 4)",false,MANUAL,NEVER_AUTO,NONE,"Label ""Người nhận (dòng 4)"" matches NEVER_AUTO pattern.",,TEXT
BM-193,"recipients.personLine3","Người nhận (dòng 3)",false,MANUAL,NEVER_AUTO,NONE,"Label ""Người nhận (dòng 3)"" matches NEVER_AUTO pattern.",,TEXT
BM-193,"recipients.personLine2","Người nhận (dòng 2)",false,MANUAL,NEVER_AUTO,NONE,"Label ""Người nhận (dòng 2)"" matches NEVER_AUTO pattern.",,TEXT
BM-194,"agency.name","Tên cơ quan",false,AGENCY,NEVER_AUTO,NONE,"Label ""Tên cơ quan"" matches NEVER_AUTO pattern.",,TEXT
BM-194,"document.issueDate","Ngày ban hành",false,MANUAL,SAFE_GENERIC_PREFILL,GENERIC_TEXT,"Path ""document.issueDate"" is generic/common boilerplate safe for prefill.","2026-01-01",TEXT
BM-194,"document.fullDocumentCode","Số văn bản / quyết định",false,MANUAL,NEVER_AUTO,NONE,"Label ""Số văn bản / quyết định"" matches NEVER_AUTO pattern.",,TEXT
BM-195,"agency.name","Tên cơ quan",false,AGENCY,NEVER_AUTO,NONE,"Label ""Tên cơ quan"" matches NEVER_AUTO pattern.",,TEXT
BM-195,"document.issueDate","Ngày ban hành",false,MANUAL,SAFE_GENERIC_PREFILL,GENERIC_TEXT,"Path ""document.issueDate"" is generic/common boilerplate safe for prefill.","2026-01-01",TEXT
BM-195,"document.fullDocumentCode","Số văn bản / quyết định",false,MANUAL,NEVER_AUTO,NONE,"Label ""Số văn bản / quyết định"" matches NEVER_AUTO pattern.",,TEXT
BM-196,"agency.name","Tên cơ quan",false,AGENCY,NEVER_AUTO,NONE,"Label ""Tên cơ quan"" matches NEVER_AUTO pattern.",,TEXT
BM-196,"recipients.personLine","Người bị áp dụng",false,MANUAL,NEVER_AUTO,NONE,"Label ""Người bị áp dụng"" matches NEVER_AUTO pattern.",,TEXT
BM-196,"recipients.personLine15","Người nhận (dòng 15)",false,MANUAL,NEVER_AUTO,NONE,"Label ""Người nhận (dòng 15)"" matches NEVER_AUTO pattern.",,TEXT
BM-196,"document.reasonLine","Căn cứ / lý do (dòng)",false,MANUAL,SAFE_GENERIC_PREFILL,GENERIC_TEXT,"Path ""document.reasonLine"" is generic/common boilerplate safe for prefill.",,TEXT
BM-196,"document.issuePlace","Nơi ban hành",false,MANUAL,NEVER_AUTO,NONE,"Label ""Nơi ban hành"" matches NEVER_AUTO pattern.","TP. Hồ Chí Minh",TEXT
BM-196,"recipients.personLine14","Người nhận (dòng 14)",false,MANUAL,NEVER_AUTO,NONE,"Label ""Người nhận (dòng 14)"" matches NEVER_AUTO pattern.",,TEXT
BM-196,"document.issueDate","Ngày ban hành",false,MANUAL,SAFE_GENERIC_PREFILL,GENERIC_TEXT,"Path ""document.issueDate"" is generic/common boilerplate safe for prefill.","2026-01-01",TEXT
BM-196,"document.fullDocumentCode","Số văn bản / quyết định",false,MANUAL,NEVER_AUTO,NONE,"Label ""Số văn bản / quyết định"" matches NEVER_AUTO pattern.",,TEXT
BM-196,"recipients.personLine13","Người nhận (dòng 13)",false,MANUAL,NEVER_AUTO,NONE,"Label ""Người nhận (dòng 13)"" matches NEVER_AUTO pattern.",,TEXT
BM-196,"recipients.personLine12","Người nhận (dòng 12)",false,MANUAL,NEVER_AUTO,NONE,"Label ""Người nhận (dòng 12)"" matches NEVER_AUTO pattern.",,TEXT
BM-196,"recipients.personLine11","Người nhận (dòng 11)",false,MANUAL,NEVER_AUTO,NONE,"Label ""Người nhận (dòng 11)"" matches NEVER_AUTO pattern.",,TEXT
BM-196,"recipients.personLine10","Người nhận (dòng 10)",false,MANUAL,NEVER_AUTO,NONE,"Label ""Người nhận (dòng 10)"" matches NEVER_AUTO pattern.",,TEXT
BM-196,"recipients.personLine9","Người nhận (dòng 9)",false,MANUAL,NEVER_AUTO,NONE,"Label ""Người nhận (dòng 9)"" matches NEVER_AUTO pattern.",,TEXT
BM-196,"recipients.personLine8","Người nhận (dòng 8)",false,MANUAL,NEVER_AUTO,NONE,"Label ""Người nhận (dòng 8)"" matches NEVER_AUTO pattern.",,TEXT
BM-196,"recipients.personLine7","Người nhận (dòng 7)",false,MANUAL,NEVER_AUTO,NONE,"Label ""Người nhận (dòng 7)"" matches NEVER_AUTO pattern.",,TEXT
BM-196,"recipients.personLine6","Người nhận (dòng 6)",false,MANUAL,NEVER_AUTO,NONE,"Label ""Người nhận (dòng 6)"" matches NEVER_AUTO pattern.",,TEXT
BM-196,"recipients.personLine5","Người nhận (dòng 5)",false,MANUAL,NEVER_AUTO,NONE,"Label ""Người nhận (dòng 5)"" matches NEVER_AUTO pattern.",,TEXT
BM-196,"recipients.personLine4","Người nhận (dòng 4)",false,MANUAL,NEVER_AUTO,NONE,"Label ""Người nhận (dòng 4)"" matches NEVER_AUTO pattern.",,TEXT
BM-196,"recipients.personLine3","Người nhận (dòng 3)",false,MANUAL,NEVER_AUTO,NONE,"Label ""Người nhận (dòng 3)"" matches NEVER_AUTO pattern.",,TEXT
BM-196,"recipients.personLine2","Người nhận (dòng 2)",false,MANUAL,NEVER_AUTO,NONE,"Label ""Người nhận (dòng 2)"" matches NEVER_AUTO pattern.",,TEXT
BM-197,"agency.name","Tên cơ quan",false,AGENCY,NEVER_AUTO,NONE,"Label ""Tên cơ quan"" matches NEVER_AUTO pattern.",,TEXT
BM-197,"decision.decisionLine","Nội dung quyết định",false,MANUAL,NEVER_AUTO,NONE,"Path ""decision.decisionLine"" starts with NEVER_AUTO path prefix.",,TEXT
BM-197,"recipients.personLine8","Người nhận (dòng 8)",false,MANUAL,NEVER_AUTO,NONE,"Label ""Người nhận (dòng 8)"" matches NEVER_AUTO pattern.",,TEXT
BM-197,"recipients.personLine7","Người nhận (dòng 7)",false,MANUAL,NEVER_AUTO,NONE,"Label ""Người nhận (dòng 7)"" matches NEVER_AUTO pattern.",,TEXT
BM-197,"recipients.personLine6","Người nhận (dòng 6)",false,MANUAL,NEVER_AUTO,NONE,"Label ""Người nhận (dòng 6)"" matches NEVER_AUTO pattern.",,TEXT
BM-197,"recipients.personLine5","Người nhận (dòng 5)",false,MANUAL,NEVER_AUTO,NONE,"Label ""Người nhận (dòng 5)"" matches NEVER_AUTO pattern.",,TEXT
BM-197,"recipients.personLine4","Người nhận (dòng 4)",false,MANUAL,NEVER_AUTO,NONE,"Label ""Người nhận (dòng 4)"" matches NEVER_AUTO pattern.",,TEXT
BM-197,"recipients.personLine3","Người nhận (dòng 3)",false,MANUAL,NEVER_AUTO,NONE,"Label ""Người nhận (dòng 3)"" matches NEVER_AUTO pattern.",,TEXT
BM-197,"recipients.personLine2","Người nhận (dòng 2)",false,MANUAL,NEVER_AUTO,NONE,"Label ""Người nhận (dòng 2)"" matches NEVER_AUTO pattern.",,TEXT
BM-197,"document.reasonLine","Căn cứ / lý do (dòng)",false,MANUAL,SAFE_GENERIC_PREFILL,GENERIC_TEXT,"Path ""document.reasonLine"" is generic/common boilerplate safe for prefill.",,TEXT
BM-197,"document.issuePlace","Nơi ban hành",false,MANUAL,NEVER_AUTO,NONE,"Label ""Nơi ban hành"" matches NEVER_AUTO pattern.","TP. Hồ Chí Minh",TEXT
BM-197,"document.issueDate","Ngày ban hành",false,MANUAL,SAFE_GENERIC_PREFILL,GENERIC_TEXT,"Path ""document.issueDate"" is generic/common boilerplate safe for prefill.","2026-01-01",TEXT
BM-197,"document.fullDocumentCode","Số văn bản / quyết định",false,MANUAL,NEVER_AUTO,NONE,"Label ""Số văn bản / quyết định"" matches NEVER_AUTO pattern.",,TEXT
BM-198,"agency.name","Tên cơ quan",false,AGENCY,NEVER_AUTO,NONE,"Label ""Tên cơ quan"" matches NEVER_AUTO pattern.",,TEXT
BM-198,"document.issueDate","Ngày ban hành",false,MANUAL,SAFE_GENERIC_PREFILL,GENERIC_TEXT,"Path ""document.issueDate"" is generic/common boilerplate safe for prefill.","2026-01-01",TEXT
BM-198,"document.fullDocumentCode","Số văn bản / quyết định",false,MANUAL,NEVER_AUTO,NONE,"Label ""Số văn bản / quyết định"" matches NEVER_AUTO pattern.",,TEXT
BM-199,"agency.name","Tên cơ quan",false,AGENCY,NEVER_AUTO,NONE,"Label ""Tên cơ quan"" matches NEVER_AUTO pattern.",,TEXT
BM-199,"recipients.personLine","Người bị áp dụng",false,MANUAL,NEVER_AUTO,NONE,"Label ""Người bị áp dụng"" matches NEVER_AUTO pattern.",,TEXT
BM-199,"decision.decisionLine","Nội dung quyết định",false,MANUAL,NEVER_AUTO,NONE,"Path ""decision.decisionLine"" starts with NEVER_AUTO path prefix.",,TEXT
BM-199,"decision.decisionLine2","Cơ quan ra quyết định (dòng 2)",false,MANUAL,NEVER_AUTO,NONE,"Path ""decision.decisionLine2"" starts with NEVER_AUTO path prefix.",,TEXT
BM-199,"document.issuePlace","Nơi ban hành",false,MANUAL,NEVER_AUTO,NONE,"Label ""Nơi ban hành"" matches NEVER_AUTO pattern.","TP. Hồ Chí Minh",TEXT
BM-199,"recipients.personLine14","Người nhận (dòng 14)",false,MANUAL,NEVER_AUTO,NONE,"Label ""Người nhận (dòng 14)"" matches NEVER_AUTO pattern.",,TEXT
BM-199,"recipients.personLine13","Người nhận (dòng 13)",false,MANUAL,NEVER_AUTO,NONE,"Label ""Người nhận (dòng 13)"" matches NEVER_AUTO pattern.",,TEXT
BM-199,"document.issueDate","Ngày ban hành",false,MANUAL,SAFE_GENERIC_PREFILL,GENERIC_TEXT,"Path ""document.issueDate"" is generic/common boilerplate safe for prefill.","2026-01-01",TEXT
BM-199,"recipients.personLine12","Người nhận (dòng 12)",false,MANUAL,NEVER_AUTO,NONE,"Label ""Người nhận (dòng 12)"" matches NEVER_AUTO pattern.",,TEXT
BM-199,"recipients.personLine11","Người nhận (dòng 11)",false,MANUAL,NEVER_AUTO,NONE,"Label ""Người nhận (dòng 11)"" matches NEVER_AUTO pattern.",,TEXT
BM-199,"recipients.personLine10","Người nhận (dòng 10)",false,MANUAL,NEVER_AUTO,NONE,"Label ""Người nhận (dòng 10)"" matches NEVER_AUTO pattern.",,TEXT
BM-199,"recipients.personLine9","Người nhận (dòng 9)",false,MANUAL,NEVER_AUTO,NONE,"Label ""Người nhận (dòng 9)"" matches NEVER_AUTO pattern.",,TEXT
BM-199,"recipients.personLine8","Người nhận (dòng 8)",false,MANUAL,NEVER_AUTO,NONE,"Label ""Người nhận (dòng 8)"" matches NEVER_AUTO pattern.",,TEXT
BM-199,"recipients.personLine7","Người nhận (dòng 7)",false,MANUAL,NEVER_AUTO,NONE,"Label ""Người nhận (dòng 7)"" matches NEVER_AUTO pattern.",,TEXT
BM-199,"recipients.personLine6","Người nhận (dòng 6)",false,MANUAL,NEVER_AUTO,NONE,"Label ""Người nhận (dòng 6)"" matches NEVER_AUTO pattern.",,TEXT
BM-199,"recipients.personLine5","Người nhận (dòng 5)",false,MANUAL,NEVER_AUTO,NONE,"Label ""Người nhận (dòng 5)"" matches NEVER_AUTO pattern.",,TEXT
BM-199,"recipients.personLine4","Người nhận (dòng 4)",false,MANUAL,NEVER_AUTO,NONE,"Label ""Người nhận (dòng 4)"" matches NEVER_AUTO pattern.",,TEXT
BM-199,"recipients.personLine3","Người nhận (dòng 3)",false,MANUAL,NEVER_AUTO,NONE,"Label ""Người nhận (dòng 3)"" matches NEVER_AUTO pattern.",,TEXT
BM-199,"recipients.personLine2","Người nhận (dòng 2)",false,MANUAL,NEVER_AUTO,NONE,"Label ""Người nhận (dòng 2)"" matches NEVER_AUTO pattern.",,TEXT
BM-199,"document.fullDocumentCode","Số văn bản / quyết định",false,MANUAL,NEVER_AUTO,NONE,"Label ""Số văn bản / quyết định"" matches NEVER_AUTO pattern.",,TEXT
BM-200,"agency.name","Tên cơ quan",false,AGENCY,NEVER_AUTO,NONE,"Label ""Tên cơ quan"" matches NEVER_AUTO pattern.",,TEXT
BM-200,"document.fullDocumentCode","Số văn bản / quyết định",false,MANUAL,NEVER_AUTO,NONE,"Label ""Số văn bản / quyết định"" matches NEVER_AUTO pattern.",,TEXT
BM-201,"agency.name","Tên cơ quan",false,AGENCY,NEVER_AUTO,NONE,"Label ""Tên cơ quan"" matches NEVER_AUTO pattern.",,TEXT
BM-201,"recipients.personLine","Người bị áp dụng",false,MANUAL,NEVER_AUTO,NONE,"Label ""Người bị áp dụng"" matches NEVER_AUTO pattern.",,TEXT
BM-201,"recipients.personLine14","Người nhận (dòng 14)",false,MANUAL,NEVER_AUTO,NONE,"Label ""Người nhận (dòng 14)"" matches NEVER_AUTO pattern.",,TEXT
BM-201,"recipients.personLine13","Người nhận (dòng 13)",false,MANUAL,NEVER_AUTO,NONE,"Label ""Người nhận (dòng 13)"" matches NEVER_AUTO pattern.",,TEXT
BM-201,"recipients.personLine12","Người nhận (dòng 12)",false,MANUAL,NEVER_AUTO,NONE,"Label ""Người nhận (dòng 12)"" matches NEVER_AUTO pattern.",,TEXT
BM-201,"document.issueDate","Ngày ban hành",false,MANUAL,SAFE_GENERIC_PREFILL,GENERIC_TEXT,"Path ""document.issueDate"" is generic/common boilerplate safe for prefill.","2026-01-01",TEXT
BM-201,"recipients.personLine11","Người nhận (dòng 11)",false,MANUAL,NEVER_AUTO,NONE,"Label ""Người nhận (dòng 11)"" matches NEVER_AUTO pattern.",,TEXT
BM-201,"recipients.personLine10","Người nhận (dòng 10)",false,MANUAL,NEVER_AUTO,NONE,"Label ""Người nhận (dòng 10)"" matches NEVER_AUTO pattern.",,TEXT
BM-201,"recipients.personLine9","Người nhận (dòng 9)",false,MANUAL,NEVER_AUTO,NONE,"Label ""Người nhận (dòng 9)"" matches NEVER_AUTO pattern.",,TEXT
BM-201,"recipients.personLine8","Người nhận (dòng 8)",false,MANUAL,NEVER_AUTO,NONE,"Label ""Người nhận (dòng 8)"" matches NEVER_AUTO pattern.",,TEXT
BM-201,"recipients.personLine7","Người nhận (dòng 7)",false,MANUAL,NEVER_AUTO,NONE,"Label ""Người nhận (dòng 7)"" matches NEVER_AUTO pattern.",,TEXT
BM-201,"recipients.personLine6","Người nhận (dòng 6)",false,MANUAL,NEVER_AUTO,NONE,"Label ""Người nhận (dòng 6)"" matches NEVER_AUTO pattern.",,TEXT
BM-201,"recipients.personLine5","Người nhận (dòng 5)",false,MANUAL,NEVER_AUTO,NONE,"Label ""Người nhận (dòng 5)"" matches NEVER_AUTO pattern.",,TEXT
BM-201,"recipients.personLine4","Người nhận (dòng 4)",false,MANUAL,NEVER_AUTO,NONE,"Label ""Người nhận (dòng 4)"" matches NEVER_AUTO pattern.",,TEXT
BM-201,"recipients.personLine3","Người nhận (dòng 3)",false,MANUAL,NEVER_AUTO,NONE,"Label ""Người nhận (dòng 3)"" matches NEVER_AUTO pattern.",,TEXT
BM-201,"recipients.personLine2","Người nhận (dòng 2)",false,MANUAL,NEVER_AUTO,NONE,"Label ""Người nhận (dòng 2)"" matches NEVER_AUTO pattern.",,TEXT
BM-201,"document.fullDocumentCode","Số văn bản / quyết định",false,MANUAL,NEVER_AUTO,NONE,"Label ""Số văn bản / quyết định"" matches NEVER_AUTO pattern.",,TEXT
BM-202,"agency.name","Tên cơ quan",false,AGENCY,NEVER_AUTO,NONE,"Label ""Tên cơ quan"" matches NEVER_AUTO pattern.",,TEXT
BM-202,"decision.decisionLine","Cơ quan ra quyết định (dòng)",false,MANUAL,NEVER_AUTO,NONE,"Path ""decision.decisionLine"" starts with NEVER_AUTO path prefix.",,TEXT
BM-202,"document.issueDate","Ngày ban hành",false,MANUAL,SAFE_GENERIC_PREFILL,GENERIC_TEXT,"Path ""document.issueDate"" is generic/common boilerplate safe for prefill.","2026-01-01",TEXT
BM-202,"document.fullDocumentCode","Số văn bản / quyết định",false,MANUAL,NEVER_AUTO,NONE,"Label ""Số văn bản / quyết định"" matches NEVER_AUTO pattern.",,TEXT
BM-203,"agency.name","Tên cơ quan",false,AGENCY,NEVER_AUTO,NONE,"Label ""Tên cơ quan"" matches NEVER_AUTO pattern.",,TEXT
BM-203,"recipients.personLine","Người bị áp dụng",false,MANUAL,NEVER_AUTO,NONE,"Label ""Người bị áp dụng"" matches NEVER_AUTO pattern.",,TEXT
BM-203,"recipients.personLine5","Người nhận (dòng 5)",false,MANUAL,NEVER_AUTO,NONE,"Label ""Người nhận (dòng 5)"" matches NEVER_AUTO pattern.",,TEXT
BM-203,"recipients.personLine4","Người nhận (dòng 4)",false,MANUAL,NEVER_AUTO,NONE,"Label ""Người nhận (dòng 4)"" matches NEVER_AUTO pattern.",,TEXT
BM-203,"recipients.personLine15","Người nhận (dòng 15)",false,MANUAL,NEVER_AUTO,NONE,"Label ""Người nhận (dòng 15)"" matches NEVER_AUTO pattern.",,TEXT
BM-203,"recipients.personLine3","Người nhận (dòng 3)",false,MANUAL,NEVER_AUTO,NONE,"Label ""Người nhận (dòng 3)"" matches NEVER_AUTO pattern.",,TEXT
BM-203,"recipients.personLine2","Người nhận (dòng 2)",false,MANUAL,NEVER_AUTO,NONE,"Label ""Người nhận (dòng 2)"" matches NEVER_AUTO pattern.",,TEXT
BM-203,"document.issuePlace","Nơi ban hành",false,MANUAL,NEVER_AUTO,NONE,"Label ""Nơi ban hành"" matches NEVER_AUTO pattern.","TP. Hồ Chí Minh",TEXT
BM-203,"document.issueDate","Ngày ban hành",false,MANUAL,SAFE_GENERIC_PREFILL,GENERIC_TEXT,"Path ""document.issueDate"" is generic/common boilerplate safe for prefill.","2026-01-01",TEXT
BM-203,"case.caseNumber2","Số vụ án (dòng 2)",false,MANUAL,NEVER_AUTO,NONE,"Path ""case.caseNumber2"" starts with NEVER_AUTO path prefix.",,TEXT
BM-203,"case.caseNumber","Số vụ án",false,MANUAL,NEVER_AUTO,NONE,"Path ""case.caseNumber"" starts with NEVER_AUTO path prefix.",,TEXT
BM-203,"recipients.personLine14","Người nhận (dòng 14)",false,MANUAL,NEVER_AUTO,NONE,"Label ""Người nhận (dòng 14)"" matches NEVER_AUTO pattern.",,TEXT
BM-203,"recipients.personLine13","Người nhận (dòng 13)",false,MANUAL,NEVER_AUTO,NONE,"Label ""Người nhận (dòng 13)"" matches NEVER_AUTO pattern.",,TEXT
BM-203,"recipients.personLine12","Người nhận (dòng 12)",false,MANUAL,NEVER_AUTO,NONE,"Label ""Người nhận (dòng 12)"" matches NEVER_AUTO pattern.",,TEXT
BM-203,"recipients.personLine11","Người nhận (dòng 11)",false,MANUAL,NEVER_AUTO,NONE,"Label ""Người nhận (dòng 11)"" matches NEVER_AUTO pattern.",,TEXT
BM-203,"recipients.personLine10","Người nhận (dòng 10)",false,MANUAL,NEVER_AUTO,NONE,"Label ""Người nhận (dòng 10)"" matches NEVER_AUTO pattern.",,TEXT
BM-203,"recipients.personLine9","Người nhận (dòng 9)",false,MANUAL,NEVER_AUTO,NONE,"Label ""Người nhận (dòng 9)"" matches NEVER_AUTO pattern.",,TEXT
BM-203,"recipients.personLine8","Người nhận (dòng 8)",false,MANUAL,NEVER_AUTO,NONE,"Label ""Người nhận (dòng 8)"" matches NEVER_AUTO pattern.",,TEXT
BM-203,"recipients.personLine7","Người nhận (dòng 7)",false,MANUAL,NEVER_AUTO,NONE,"Label ""Người nhận (dòng 7)"" matches NEVER_AUTO pattern.",,TEXT
BM-203,"recipients.personLine6","Người nhận (dòng 6)",false,MANUAL,NEVER_AUTO,NONE,"Label ""Người nhận (dòng 6)"" matches NEVER_AUTO pattern.",,TEXT
BM-203,"document.fullDocumentCode","Số văn bản / quyết định",false,MANUAL,NEVER_AUTO,NONE,"Label ""Số văn bản / quyết định"" matches NEVER_AUTO pattern.",,TEXT
BM-204,"agency.name","Tên cơ quan",false,AGENCY,NEVER_AUTO,NONE,"Label ""Tên cơ quan"" matches NEVER_AUTO pattern.",,TEXT
BM-204,"recipients.personLine7","Người nhận (dòng 7)",false,MANUAL,NEVER_AUTO,NONE,"Label ""Người nhận (dòng 7)"" matches NEVER_AUTO pattern.",,TEXT
BM-204,"recipients.personLine6","Người nhận (dòng 6)",false,MANUAL,NEVER_AUTO,NONE,"Label ""Người nhận (dòng 6)"" matches NEVER_AUTO pattern.",,TEXT
BM-204,"recipients.personLine5","Người nhận (dòng 5)",false,MANUAL,NEVER_AUTO,NONE,"Label ""Người nhận (dòng 5)"" matches NEVER_AUTO pattern.",,TEXT
BM-204,"recipients.personLine4","Người nhận (dòng 4)",false,MANUAL,NEVER_AUTO,NONE,"Label ""Người nhận (dòng 4)"" matches NEVER_AUTO pattern.",,TEXT
BM-204,"recipients.personLine3","Người nhận (dòng 3)",false,MANUAL,NEVER_AUTO,NONE,"Label ""Người nhận (dòng 3)"" matches NEVER_AUTO pattern.",,TEXT
BM-204,"recipients.personLine2","Người nhận (dòng 2)",false,MANUAL,NEVER_AUTO,NONE,"Label ""Người nhận (dòng 2)"" matches NEVER_AUTO pattern.",,TEXT
BM-204,"case.caseNumber","Số vụ án",false,MANUAL,NEVER_AUTO,NONE,"Path ""case.caseNumber"" starts with NEVER_AUTO path prefix.",,TEXT
BM-204,"document.issueDate","Ngày ban hành",false,MANUAL,SAFE_GENERIC_PREFILL,GENERIC_TEXT,"Path ""document.issueDate"" is generic/common boilerplate safe for prefill.","2026-01-01",TEXT
BM-204,"document.fullDocumentCode","Số văn bản / quyết định",false,MANUAL,NEVER_AUTO,NONE,"Label ""Số văn bản / quyết định"" matches NEVER_AUTO pattern.",,TEXT
BM-205,"agency.name","Tên cơ quan",false,AGENCY,NEVER_AUTO,NONE,"Label ""Tên cơ quan"" matches NEVER_AUTO pattern.",,TEXT
BM-205,"recipients.personLine","Người bị áp dụng",false,MANUAL,NEVER_AUTO,NONE,"Label ""Người bị áp dụng"" matches NEVER_AUTO pattern.",,TEXT
BM-205,"recipients.personLine14","Người nhận (dòng 14)",false,MANUAL,NEVER_AUTO,NONE,"Label ""Người nhận (dòng 14)"" matches NEVER_AUTO pattern.",,TEXT
BM-205,"recipients.personLine13","Người nhận (dòng 13)",false,MANUAL,NEVER_AUTO,NONE,"Label ""Người nhận (dòng 13)"" matches NEVER_AUTO pattern.",,TEXT
BM-205,"document.fullDocumentCode","Số văn bản / quyết định",false,MANUAL,NEVER_AUTO,NONE,"Label ""Số văn bản / quyết định"" matches NEVER_AUTO pattern.",,TEXT
BM-205,"recipients.personLine12","Người nhận (dòng 12)",false,MANUAL,NEVER_AUTO,NONE,"Label ""Người nhận (dòng 12)"" matches NEVER_AUTO pattern.",,TEXT
BM-205,"recipients.personLine11","Người nhận (dòng 11)",false,MANUAL,NEVER_AUTO,NONE,"Label ""Người nhận (dòng 11)"" matches NEVER_AUTO pattern.",,TEXT
BM-205,"recipients.personLine10","Người nhận (dòng 10)",false,MANUAL,NEVER_AUTO,NONE,"Label ""Người nhận (dòng 10)"" matches NEVER_AUTO pattern.",,TEXT
BM-205,"recipients.personLine9","Người nhận (dòng 9)",false,MANUAL,NEVER_AUTO,NONE,"Label ""Người nhận (dòng 9)"" matches NEVER_AUTO pattern.",,TEXT
BM-205,"recipients.personLine8","Người nhận (dòng 8)",false,MANUAL,NEVER_AUTO,NONE,"Label ""Người nhận (dòng 8)"" matches NEVER_AUTO pattern.",,TEXT
BM-205,"recipients.personLine7","Người nhận (dòng 7)",false,MANUAL,NEVER_AUTO,NONE,"Label ""Người nhận (dòng 7)"" matches NEVER_AUTO pattern.",,TEXT
BM-205,"recipients.personLine6","Người nhận (dòng 6)",false,MANUAL,NEVER_AUTO,NONE,"Label ""Người nhận (dòng 6)"" matches NEVER_AUTO pattern.",,TEXT
BM-205,"recipients.personLine5","Người nhận (dòng 5)",false,MANUAL,NEVER_AUTO,NONE,"Label ""Người nhận (dòng 5)"" matches NEVER_AUTO pattern.",,TEXT
BM-205,"recipients.personLine4","Người nhận (dòng 4)",false,MANUAL,NEVER_AUTO,NONE,"Label ""Người nhận (dòng 4)"" matches NEVER_AUTO pattern.",,TEXT
BM-205,"recipients.personLine3","Người nhận (dòng 3)",false,MANUAL,NEVER_AUTO,NONE,"Label ""Người nhận (dòng 3)"" matches NEVER_AUTO pattern.",,TEXT
BM-205,"recipients.personLine2","Người nhận (dòng 2)",false,MANUAL,NEVER_AUTO,NONE,"Label ""Người nhận (dòng 2)"" matches NEVER_AUTO pattern.",,TEXT
BM-206,"agency.name","Tên cơ quan",false,AGENCY,NEVER_AUTO,NONE,"Label ""Tên cơ quan"" matches NEVER_AUTO pattern.",,TEXT
BM-206,"recipients.personLine","Người bị áp dụng",false,MANUAL,NEVER_AUTO,NONE,"Label ""Người bị áp dụng"" matches NEVER_AUTO pattern.",,TEXT
BM-206,"recipients.personLine14","Người nhận (dòng 14)",false,MANUAL,NEVER_AUTO,NONE,"Label ""Người nhận (dòng 14)"" matches NEVER_AUTO pattern.",,TEXT
BM-206,"recipients.personLine13","Người nhận (dòng 13)",false,MANUAL,NEVER_AUTO,NONE,"Label ""Người nhận (dòng 13)"" matches NEVER_AUTO pattern.",,TEXT
BM-206,"recipients.personLine12","Người nhận (dòng 12)",false,MANUAL,NEVER_AUTO,NONE,"Label ""Người nhận (dòng 12)"" matches NEVER_AUTO pattern.",,TEXT
BM-206,"recipients.personLine11","Người nhận (dòng 11)",false,MANUAL,NEVER_AUTO,NONE,"Label ""Người nhận (dòng 11)"" matches NEVER_AUTO pattern.",,TEXT
BM-206,"recipients.personLine10","Người nhận (dòng 10)",false,MANUAL,NEVER_AUTO,NONE,"Label ""Người nhận (dòng 10)"" matches NEVER_AUTO pattern.",,TEXT
BM-206,"recipients.personLine9","Người nhận (dòng 9)",false,MANUAL,NEVER_AUTO,NONE,"Label ""Người nhận (dòng 9)"" matches NEVER_AUTO pattern.",,TEXT
BM-206,"recipients.personLine8","Người nhận (dòng 8)",false,MANUAL,NEVER_AUTO,NONE,"Label ""Người nhận (dòng 8)"" matches NEVER_AUTO pattern.",,TEXT
BM-206,"recipients.personLine7","Người nhận (dòng 7)",false,MANUAL,NEVER_AUTO,NONE,"Label ""Người nhận (dòng 7)"" matches NEVER_AUTO pattern.",,TEXT
BM-206,"recipients.personLine6","Người nhận (dòng 6)",false,MANUAL,NEVER_AUTO,NONE,"Label ""Người nhận (dòng 6)"" matches NEVER_AUTO pattern.",,TEXT
BM-206,"recipients.personLine5","Người nhận (dòng 5)",false,MANUAL,NEVER_AUTO,NONE,"Label ""Người nhận (dòng 5)"" matches NEVER_AUTO pattern.",,TEXT
BM-206,"recipients.personLine4","Người nhận (dòng 4)",false,MANUAL,NEVER_AUTO,NONE,"Label ""Người nhận (dòng 4)"" matches NEVER_AUTO pattern.",,TEXT
BM-206,"recipients.personLine3","Người nhận (dòng 3)",false,MANUAL,NEVER_AUTO,NONE,"Label ""Người nhận (dòng 3)"" matches NEVER_AUTO pattern.",,TEXT
BM-206,"recipients.personLine2","Người nhận (dòng 2)",false,MANUAL,NEVER_AUTO,NONE,"Label ""Người nhận (dòng 2)"" matches NEVER_AUTO pattern.",,TEXT
BM-207,"agency.name","Tên cơ quan",false,AGENCY,NEVER_AUTO,NONE,"Label ""Tên cơ quan"" matches NEVER_AUTO pattern.",,TEXT
BM-207,"recipients.personLine","Người bị áp dụng",false,MANUAL,NEVER_AUTO,NONE,"Label ""Người bị áp dụng"" matches NEVER_AUTO pattern.",,TEXT
BM-207,"recipients.personLine13","Người nhận (dòng 13)",false,MANUAL,NEVER_AUTO,NONE,"Label ""Người nhận (dòng 13)"" matches NEVER_AUTO pattern.",,TEXT
BM-207,"recipients.personLine12","Người nhận (dòng 12)",false,MANUAL,NEVER_AUTO,NONE,"Label ""Người nhận (dòng 12)"" matches NEVER_AUTO pattern.",,TEXT
BM-207,"recipients.personLine11","Người nhận (dòng 11)",false,MANUAL,NEVER_AUTO,NONE,"Label ""Người nhận (dòng 11)"" matches NEVER_AUTO pattern.",,TEXT
BM-207,"recipients.personLine10","Người nhận (dòng 10)",false,MANUAL,NEVER_AUTO,NONE,"Label ""Người nhận (dòng 10)"" matches NEVER_AUTO pattern.",,TEXT
BM-207,"recipients.personLine9","Người nhận (dòng 9)",false,MANUAL,NEVER_AUTO,NONE,"Label ""Người nhận (dòng 9)"" matches NEVER_AUTO pattern.",,TEXT
BM-207,"recipients.personLine8","Người nhận (dòng 8)",false,MANUAL,NEVER_AUTO,NONE,"Label ""Người nhận (dòng 8)"" matches NEVER_AUTO pattern.",,TEXT
BM-207,"recipients.personLine7","Người nhận (dòng 7)",false,MANUAL,NEVER_AUTO,NONE,"Label ""Người nhận (dòng 7)"" matches NEVER_AUTO pattern.",,TEXT
BM-207,"recipients.personLine6","Người nhận (dòng 6)",false,MANUAL,NEVER_AUTO,NONE,"Label ""Người nhận (dòng 6)"" matches NEVER_AUTO pattern.",,TEXT
BM-207,"recipients.personLine5","Người nhận (dòng 5)",false,MANUAL,NEVER_AUTO,NONE,"Label ""Người nhận (dòng 5)"" matches NEVER_AUTO pattern.",,TEXT
BM-207,"recipients.personLine4","Người nhận (dòng 4)",false,MANUAL,NEVER_AUTO,NONE,"Label ""Người nhận (dòng 4)"" matches NEVER_AUTO pattern.",,TEXT
BM-207,"recipients.personLine3","Người nhận (dòng 3)",false,MANUAL,NEVER_AUTO,NONE,"Label ""Người nhận (dòng 3)"" matches NEVER_AUTO pattern.",,TEXT
BM-207,"recipients.personLine2","Người nhận (dòng 2)",false,MANUAL,NEVER_AUTO,NONE,"Label ""Người nhận (dòng 2)"" matches NEVER_AUTO pattern.",,TEXT
BM-207,"document.fullDocumentCode","Số văn bản / quyết định",false,MANUAL,NEVER_AUTO,NONE,"Label ""Số văn bản / quyết định"" matches NEVER_AUTO pattern.",,TEXT
BM-208,"agency.name","Tên cơ quan",false,AGENCY,NEVER_AUTO,NONE,"Label ""Tên cơ quan"" matches NEVER_AUTO pattern.",,TEXT
BM-208,"recipients.personLine","Người bị áp dụng",false,MANUAL,NEVER_AUTO,NONE,"Label ""Người bị áp dụng"" matches NEVER_AUTO pattern.",,TEXT
BM-208,"recipients.personLine13","Người nhận (dòng 13)",false,MANUAL,NEVER_AUTO,NONE,"Label ""Người nhận (dòng 13)"" matches NEVER_AUTO pattern.",,TEXT
BM-208,"recipients.personLine12","Người nhận (dòng 12)",false,MANUAL,NEVER_AUTO,NONE,"Label ""Người nhận (dòng 12)"" matches NEVER_AUTO pattern.",,TEXT
BM-208,"recipients.personLine11","Người nhận (dòng 11)",false,MANUAL,NEVER_AUTO,NONE,"Label ""Người nhận (dòng 11)"" matches NEVER_AUTO pattern.",,TEXT
BM-208,"recipients.personLine10","Người nhận (dòng 10)",false,MANUAL,NEVER_AUTO,NONE,"Label ""Người nhận (dòng 10)"" matches NEVER_AUTO pattern.",,TEXT
BM-208,"recipients.personLine9","Người nhận (dòng 9)",false,MANUAL,NEVER_AUTO,NONE,"Label ""Người nhận (dòng 9)"" matches NEVER_AUTO pattern.",,TEXT
BM-208,"recipients.personLine8","Người nhận (dòng 8)",false,MANUAL,NEVER_AUTO,NONE,"Label ""Người nhận (dòng 8)"" matches NEVER_AUTO pattern.",,TEXT
BM-208,"recipients.personLine7","Người nhận (dòng 7)",false,MANUAL,NEVER_AUTO,NONE,"Label ""Người nhận (dòng 7)"" matches NEVER_AUTO pattern.",,TEXT
BM-208,"recipients.personLine6","Người nhận (dòng 6)",false,MANUAL,NEVER_AUTO,NONE,"Label ""Người nhận (dòng 6)"" matches NEVER_AUTO pattern.",,TEXT
BM-208,"recipients.personLine5","Người nhận (dòng 5)",false,MANUAL,NEVER_AUTO,NONE,"Label ""Người nhận (dòng 5)"" matches NEVER_AUTO pattern.",,TEXT
BM-208,"recipients.personLine4","Người nhận (dòng 4)",false,MANUAL,NEVER_AUTO,NONE,"Label ""Người nhận (dòng 4)"" matches NEVER_AUTO pattern.",,TEXT
BM-208,"recipients.personLine3","Người nhận (dòng 3)",false,MANUAL,NEVER_AUTO,NONE,"Label ""Người nhận (dòng 3)"" matches NEVER_AUTO pattern.",,TEXT
BM-208,"recipients.personLine2","Người nhận (dòng 2)",false,MANUAL,NEVER_AUTO,NONE,"Label ""Người nhận (dòng 2)"" matches NEVER_AUTO pattern.",,TEXT
BM-208,"document.fullDocumentCode","Số văn bản / quyết định",false,MANUAL,NEVER_AUTO,NONE,"Label ""Số văn bản / quyết định"" matches NEVER_AUTO pattern.",,TEXT
BM-209,"agency.name","Tên cơ quan",false,AGENCY,NEVER_AUTO,NONE,"Label ""Tên cơ quan"" matches NEVER_AUTO pattern.",,TEXT
BM-209,"recipients.personLine","Người bị áp dụng",false,MANUAL,NEVER_AUTO,NONE,"Label ""Người bị áp dụng"" matches NEVER_AUTO pattern.",,TEXT
BM-209,"recipients.personLine12","Người nhận (dòng 12)",false,MANUAL,NEVER_AUTO,NONE,"Label ""Người nhận (dòng 12)"" matches NEVER_AUTO pattern.",,TEXT
BM-209,"document.fullDocumentCode","Số văn bản / quyết định",false,MANUAL,NEVER_AUTO,NONE,"Label ""Số văn bản / quyết định"" matches NEVER_AUTO pattern.",,TEXT
BM-209,"recipients.personLine11","Người nhận (dòng 11)",false,MANUAL,NEVER_AUTO,NONE,"Label ""Người nhận (dòng 11)"" matches NEVER_AUTO pattern.",,TEXT
BM-209,"recipients.personLine10","Người nhận (dòng 10)",false,MANUAL,NEVER_AUTO,NONE,"Label ""Người nhận (dòng 10)"" matches NEVER_AUTO pattern.",,TEXT
BM-209,"recipients.personLine9","Người nhận (dòng 9)",false,MANUAL,NEVER_AUTO,NONE,"Label ""Người nhận (dòng 9)"" matches NEVER_AUTO pattern.",,TEXT
BM-209,"recipients.personLine8","Người nhận (dòng 8)",false,MANUAL,NEVER_AUTO,NONE,"Label ""Người nhận (dòng 8)"" matches NEVER_AUTO pattern.",,TEXT
BM-209,"recipients.personLine7","Người nhận (dòng 7)",false,MANUAL,NEVER_AUTO,NONE,"Label ""Người nhận (dòng 7)"" matches NEVER_AUTO pattern.",,TEXT
BM-209,"recipients.personLine6","Người nhận (dòng 6)",false,MANUAL,NEVER_AUTO,NONE,"Label ""Người nhận (dòng 6)"" matches NEVER_AUTO pattern.",,TEXT
BM-209,"recipients.personLine5","Người nhận (dòng 5)",false,MANUAL,NEVER_AUTO,NONE,"Label ""Người nhận (dòng 5)"" matches NEVER_AUTO pattern.",,TEXT
BM-209,"recipients.personLine4","Người nhận (dòng 4)",false,MANUAL,NEVER_AUTO,NONE,"Label ""Người nhận (dòng 4)"" matches NEVER_AUTO pattern.",,TEXT
BM-209,"recipients.personLine3","Người nhận (dòng 3)",false,MANUAL,NEVER_AUTO,NONE,"Label ""Người nhận (dòng 3)"" matches NEVER_AUTO pattern.",,TEXT
BM-209,"recipients.personLine2","Người nhận (dòng 2)",false,MANUAL,NEVER_AUTO,NONE,"Label ""Người nhận (dòng 2)"" matches NEVER_AUTO pattern.",,TEXT
BM-210,"agency.name","Tên cơ quan",false,AGENCY,NEVER_AUTO,NONE,"Label ""Tên cơ quan"" matches NEVER_AUTO pattern.",,TEXT
BM-210,"recipients.personLine","Người bị áp dụng",false,MANUAL,NEVER_AUTO,NONE,"Label ""Người bị áp dụng"" matches NEVER_AUTO pattern.",,TEXT
BM-210,"recipients.personLine11","Người nhận (dòng 11)",false,MANUAL,NEVER_AUTO,NONE,"Label ""Người nhận (dòng 11)"" matches NEVER_AUTO pattern.",,TEXT
BM-210,"recipients.personLine10","Người nhận (dòng 10)",false,MANUAL,NEVER_AUTO,NONE,"Label ""Người nhận (dòng 10)"" matches NEVER_AUTO pattern.",,TEXT
BM-210,"recipients.personLine9","Người nhận (dòng 9)",false,MANUAL,NEVER_AUTO,NONE,"Label ""Người nhận (dòng 9)"" matches NEVER_AUTO pattern.",,TEXT
BM-210,"recipients.personLine8","Người nhận (dòng 8)",false,MANUAL,NEVER_AUTO,NONE,"Label ""Người nhận (dòng 8)"" matches NEVER_AUTO pattern.",,TEXT
BM-210,"recipients.personLine7","Người nhận (dòng 7)",false,MANUAL,NEVER_AUTO,NONE,"Label ""Người nhận (dòng 7)"" matches NEVER_AUTO pattern.",,TEXT
BM-210,"recipients.personLine6","Người nhận (dòng 6)",false,MANUAL,NEVER_AUTO,NONE,"Label ""Người nhận (dòng 6)"" matches NEVER_AUTO pattern.",,TEXT
BM-210,"recipients.personLine5","Người nhận (dòng 5)",false,MANUAL,NEVER_AUTO,NONE,"Label ""Người nhận (dòng 5)"" matches NEVER_AUTO pattern.",,TEXT
BM-210,"recipients.personLine4","Người nhận (dòng 4)",false,MANUAL,NEVER_AUTO,NONE,"Label ""Người nhận (dòng 4)"" matches NEVER_AUTO pattern.",,TEXT
BM-210,"recipients.personLine3","Người nhận (dòng 3)",false,MANUAL,NEVER_AUTO,NONE,"Label ""Người nhận (dòng 3)"" matches NEVER_AUTO pattern.",,TEXT
BM-210,"recipients.personLine2","Người nhận (dòng 2)",false,MANUAL,NEVER_AUTO,NONE,"Label ""Người nhận (dòng 2)"" matches NEVER_AUTO pattern.",,TEXT
BM-211,"agency.name","Tên cơ quan",false,AGENCY,NEVER_AUTO,NONE,"Label ""Tên cơ quan"" matches NEVER_AUTO pattern.",,TEXT
BM-211,"recipients.personLine","Người bị áp dụng",false,MANUAL,NEVER_AUTO,NONE,"Label ""Người bị áp dụng"" matches NEVER_AUTO pattern.",,TEXT
BM-211,"recipients.personLine5","Người nhận (dòng 5)",false,MANUAL,NEVER_AUTO,NONE,"Label ""Người nhận (dòng 5)"" matches NEVER_AUTO pattern.",,TEXT
BM-211,"recipients.personLine4","Người nhận (dòng 4)",false,MANUAL,NEVER_AUTO,NONE,"Label ""Người nhận (dòng 4)"" matches NEVER_AUTO pattern.",,TEXT
BM-211,"recipients.personLine16","Người nhận (dòng 16)",false,MANUAL,NEVER_AUTO,NONE,"Label ""Người nhận (dòng 16)"" matches NEVER_AUTO pattern.",,TEXT
BM-211,"recipients.personLine3","Người nhận (dòng 3)",false,MANUAL,NEVER_AUTO,NONE,"Label ""Người nhận (dòng 3)"" matches NEVER_AUTO pattern.",,TEXT
BM-211,"recipients.personLine2","Người nhận (dòng 2)",false,MANUAL,NEVER_AUTO,NONE,"Label ""Người nhận (dòng 2)"" matches NEVER_AUTO pattern.",,TEXT
BM-211,"recipients.personLine15","Người nhận (dòng 15)",false,MANUAL,NEVER_AUTO,NONE,"Label ""Người nhận (dòng 15)"" matches NEVER_AUTO pattern.",,TEXT
BM-211,"document.issueDate","Ngày ban hành",false,MANUAL,SAFE_GENERIC_PREFILL,GENERIC_TEXT,"Path ""document.issueDate"" is generic/common boilerplate safe for prefill.","2026-01-01",TEXT
BM-211,"case.caseNumber2","Số vụ án (dòng 2)",false,MANUAL,NEVER_AUTO,NONE,"Path ""case.caseNumber2"" starts with NEVER_AUTO path prefix.",,TEXT
BM-211,"case.caseNumber","Số vụ án",false,MANUAL,NEVER_AUTO,NONE,"Path ""case.caseNumber"" starts with NEVER_AUTO path prefix.",,TEXT
BM-211,"recipients.personLine14","Người nhận (dòng 14)",false,MANUAL,NEVER_AUTO,NONE,"Label ""Người nhận (dòng 14)"" matches NEVER_AUTO pattern.",,TEXT
BM-211,"recipients.personLine13","Người nhận (dòng 13)",false,MANUAL,NEVER_AUTO,NONE,"Label ""Người nhận (dòng 13)"" matches NEVER_AUTO pattern.",,TEXT
BM-211,"recipients.personLine12","Người nhận (dòng 12)",false,MANUAL,NEVER_AUTO,NONE,"Label ""Người nhận (dòng 12)"" matches NEVER_AUTO pattern.",,TEXT
BM-211,"recipients.personLine11","Người nhận (dòng 11)",false,MANUAL,NEVER_AUTO,NONE,"Label ""Người nhận (dòng 11)"" matches NEVER_AUTO pattern.",,TEXT
BM-211,"recipients.personLine10","Người nhận (dòng 10)",false,MANUAL,NEVER_AUTO,NONE,"Label ""Người nhận (dòng 10)"" matches NEVER_AUTO pattern.",,TEXT
BM-211,"recipients.personLine9","Người nhận (dòng 9)",false,MANUAL,NEVER_AUTO,NONE,"Label ""Người nhận (dòng 9)"" matches NEVER_AUTO pattern.",,TEXT
BM-211,"recipients.personLine8","Người nhận (dòng 8)",false,MANUAL,NEVER_AUTO,NONE,"Label ""Người nhận (dòng 8)"" matches NEVER_AUTO pattern.",,TEXT
BM-211,"recipients.personLine7","Người nhận (dòng 7)",false,MANUAL,NEVER_AUTO,NONE,"Label ""Người nhận (dòng 7)"" matches NEVER_AUTO pattern.",,TEXT
BM-211,"recipients.personLine6","Người nhận (dòng 6)",false,MANUAL,NEVER_AUTO,NONE,"Label ""Người nhận (dòng 6)"" matches NEVER_AUTO pattern.",,TEXT
BM-211,"document.fullDocumentCode","Số văn bản / quyết định",false,MANUAL,NEVER_AUTO,NONE,"Label ""Số văn bản / quyết định"" matches NEVER_AUTO pattern.",,TEXT
BM-212,"agency.name","Tên cơ quan",false,AGENCY,NEVER_AUTO,NONE,"Label ""Tên cơ quan"" matches NEVER_AUTO pattern.",,TEXT
BM-212,"recipients.personLine","Người bị áp dụng",false,MANUAL,NEVER_AUTO,NONE,"Label ""Người bị áp dụng"" matches NEVER_AUTO pattern.",,TEXT
BM-212,"recipients.personLine9","Người nhận (dòng 9)",false,MANUAL,NEVER_AUTO,NONE,"Label ""Người nhận (dòng 9)"" matches NEVER_AUTO pattern.",,TEXT
BM-212,"recipients.personLine8","Người nhận (dòng 8)",false,MANUAL,NEVER_AUTO,NONE,"Label ""Người nhận (dòng 8)"" matches NEVER_AUTO pattern.",,TEXT
BM-212,"recipients.personLine7","Người nhận (dòng 7)",false,MANUAL,NEVER_AUTO,NONE,"Label ""Người nhận (dòng 7)"" matches NEVER_AUTO pattern.",,TEXT
BM-212,"recipients.personLine23","Người nhận (dòng 23)",false,MANUAL,NEVER_AUTO,NONE,"Label ""Người nhận (dòng 23)"" matches NEVER_AUTO pattern.",,TEXT
BM-212,"recipients.personLine22","Người nhận (dòng 22)",false,MANUAL,NEVER_AUTO,NONE,"Label ""Người nhận (dòng 22)"" matches NEVER_AUTO pattern.",,TEXT
BM-212,"recipients.personLine6","Người nhận (dòng 6)",false,MANUAL,NEVER_AUTO,NONE,"Label ""Người nhận (dòng 6)"" matches NEVER_AUTO pattern.",,TEXT
BM-212,"recipients.personLine21","Người nhận (dòng 21)",false,MANUAL,NEVER_AUTO,NONE,"Label ""Người nhận (dòng 21)"" matches NEVER_AUTO pattern.",,TEXT
BM-212,"recipients.personLine20","Người nhận (dòng 20)",false,MANUAL,NEVER_AUTO,NONE,"Label ""Người nhận (dòng 20)"" matches NEVER_AUTO pattern.",,TEXT
BM-212,"recipients.personLine19","Người nhận (dòng 19)",false,MANUAL,NEVER_AUTO,NONE,"Label ""Người nhận (dòng 19)"" matches NEVER_AUTO pattern.",,TEXT
BM-212,"recipients.personLine18","Người nhận (dòng 18)",false,MANUAL,NEVER_AUTO,NONE,"Label ""Người nhận (dòng 18)"" matches NEVER_AUTO pattern.",,TEXT
BM-212,"recipients.personLine17","Người nhận (dòng 17)",false,MANUAL,NEVER_AUTO,NONE,"Label ""Người nhận (dòng 17)"" matches NEVER_AUTO pattern.",,TEXT
BM-212,"recipients.personLine16","Người nhận (dòng 16)",false,MANUAL,NEVER_AUTO,NONE,"Label ""Người nhận (dòng 16)"" matches NEVER_AUTO pattern.",,TEXT
BM-212,"recipients.personLine15","Người nhận (dòng 15)",false,MANUAL,NEVER_AUTO,NONE,"Label ""Người nhận (dòng 15)"" matches NEVER_AUTO pattern.",,TEXT
BM-212,"recipients.personLine14","Người nhận (dòng 14)",false,MANUAL,NEVER_AUTO,NONE,"Label ""Người nhận (dòng 14)"" matches NEVER_AUTO pattern.",,TEXT
BM-212,"recipients.personLine13","Người nhận (dòng 13)",false,MANUAL,NEVER_AUTO,NONE,"Label ""Người nhận (dòng 13)"" matches NEVER_AUTO pattern.",,TEXT
BM-212,"recipients.personLine12","Người nhận (dòng 12)",false,MANUAL,NEVER_AUTO,NONE,"Label ""Người nhận (dòng 12)"" matches NEVER_AUTO pattern.",,TEXT
BM-212,"recipients.personLine11","Người nhận (dòng 11)",false,MANUAL,NEVER_AUTO,NONE,"Label ""Người nhận (dòng 11)"" matches NEVER_AUTO pattern.",,TEXT
BM-212,"recipients.personLine5","Người nhận (dòng 5)",false,MANUAL,NEVER_AUTO,NONE,"Label ""Người nhận (dòng 5)"" matches NEVER_AUTO pattern.",,TEXT
BM-212,"recipients.personLine4","Người nhận (dòng 4)",false,MANUAL,NEVER_AUTO,NONE,"Label ""Người nhận (dòng 4)"" matches NEVER_AUTO pattern.",,TEXT
BM-212,"recipients.personLine3","Người nhận (dòng 3)",false,MANUAL,NEVER_AUTO,NONE,"Label ""Người nhận (dòng 3)"" matches NEVER_AUTO pattern.",,TEXT
BM-212,"recipients.personLine2","Người nhận (dòng 2)",false,MANUAL,NEVER_AUTO,NONE,"Label ""Người nhận (dòng 2)"" matches NEVER_AUTO pattern.",,TEXT
BM-212,"document.issueDate","Ngày ban hành",false,MANUAL,SAFE_GENERIC_PREFILL,GENERIC_TEXT,"Path ""document.issueDate"" is generic/common boilerplate safe for prefill.","2026-01-01",TEXT
BM-212,"document.fullDocumentCode","Số văn bản / quyết định",false,MANUAL,NEVER_AUTO,NONE,"Label ""Số văn bản / quyết định"" matches NEVER_AUTO pattern.",,TEXT
BM-213,"agency.parentName","Cơ quan cấp trên",true,MANUAL,SAFE_GENERIC_PREFILL,GENERIC_TEXT,"Path ""agency.parentName"" is generic/common boilerplate safe for prefill.",,TEXT
BM-213,"agency.name","Viện kiểm sát ban hành",true,AGENCY,NEVER_AUTO,NONE,"Label ""Viện kiểm sát ban hành"" matches NEVER_AUTO pattern.",,TEXT
BM-213,"document.documentCode","Số yêu cầu",true,MANUAL,NEVER_AUTO,NONE,"Label ""Số yêu cầu"" matches NEVER_AUTO pattern.",,TEXT
BM-213,"document.issuePlaceAndDateLine","Địa danh, ngày ban hành",true,COMPUTED,REVIEW_REQUIRED,NONE,"Label ""Địa danh, ngày ban hành"" is ambiguous — requires manual classification before auto-fill.","TP. Hồ Chí Minh, ngày 01 tháng 01 năm 2026",TEXT
BM-213,"official.issuerTitle","Chủ thể ban hành",true,MANUAL,NEVER_AUTO,NONE,"Label ""Chủ thể ban hành"" matches NEVER_AUTO pattern.",,TEXT
BM-213,"person.fullName","Họ tên người chưa thành niên",true,MANUAL,NEVER_AUTO,NONE,"Label ""Họ tên người chưa thành niên"" matches NEVER_AUTO pattern.",,TEXT
BM-213,"person.genderLabel","Giới tính",true,MANUAL,NEVER_AUTO,NONE,"Label ""Giới tính"" matches NEVER_AUTO pattern.",,TEXT
BM-213,"person.otherName","Tên gọi khác",false,MANUAL,NEVER_AUTO,NONE,"Label ""Tên gọi khác"" matches NEVER_AUTO pattern.",,TEXT
BM-213,"person.dateOfBirthText","Ngày sinh",true,COMPUTED,NEVER_AUTO,NONE,"Path ""person.dateOfBirthText"" starts with NEVER_AUTO path prefix.",,TEXT
BM-213,"person.placeOfBirth","Nơi sinh",true,MANUAL,NEVER_AUTO,NONE,"Label ""Nơi sinh"" matches NEVER_AUTO pattern.",,TEXT
BM-213,"person.nationality","Quốc tịch",true,MANUAL,NEVER_AUTO,NONE,"Label ""Quốc tịch"" matches NEVER_AUTO pattern.",,TEXT
BM-213,"person.ethnicity","Dân tộc",true,MANUAL,NEVER_AUTO,NONE,"Label ""Dân tộc"" matches NEVER_AUTO pattern.",,TEXT
BM-213,"person.religion","Tôn giáo",false,MANUAL,NEVER_AUTO,NONE,"Label ""Tôn giáo"" matches NEVER_AUTO pattern.",,TEXT
BM-213,"person.occupation","Nghề nghiệp hoặc tình trạng học tập",true,MANUAL,NEVER_AUTO,NONE,"Label ""Nghề nghiệp hoặc tình trạng học tập"" matches NEVER_AUTO pattern.",,TEXT
BM-213,"person.identityDocumentLine","Số giấy tờ tùy thân hoặc số định danh",false,MANUAL,NEVER_AUTO,NONE,"Label ""Số giấy tờ tùy thân hoặc số định danh"" matches NEVER_AUTO pattern.",,TEXT
BM-213,"person.identityIssueLine","Ngày cấp và nơi cấp giấy tờ",false,COMPUTED,NEVER_AUTO,NONE,"Path ""person.identityIssueLine"" starts with NEVER_AUTO path prefix.",,TEXT
BM-213,"person.permanentAddress","Nơi thường trú",true,MANUAL,NEVER_AUTO,NONE,"Label ""Nơi thường trú"" matches NEVER_AUTO pattern.",,TEXT
BM-213,"person.temporaryAddress","Nơi tạm trú",false,MANUAL,NEVER_AUTO,NONE,"Label ""Nơi tạm trú"" matches NEVER_AUTO pattern.",,TEXT
BM-213,"person.currentAddress","Nơi ở hiện tại",true,MANUAL,NEVER_AUTO,NONE,"Label ""Nơi ở hiện tại"" matches NEVER_AUTO pattern.",,TEXT
BM-213,"juvenileProtection.contextLine","Bối cảnh cần bảo vệ",true,MANUAL,NEVER_AUTO,NONE,"Label ""Bối cảnh cần bảo vệ"" matches NEVER_AUTO pattern.",,TEXTAREA
BM-213,"juvenileProtection.article1Line","Biện pháp kỹ thuật được yêu cầu",true,OFFICIAL,NEVER_AUTO,NONE,"Label ""Biện pháp kỹ thuật được yêu cầu"" matches NEVER_AUTO pattern.",,TEXTAREA
BM-213,"juvenileProtection.resultDeadlineLine","Thời hạn thông báo kết quả",true,MANUAL,NEVER_AUTO,NONE,"Label ""Thời hạn thông báo kết quả"" matches NEVER_AUTO pattern.",,TEXTAREA
BM-213,"juvenileProtection.article2Line","Yêu cầu phối hợp",true,OFFICIAL,NEVER_AUTO,NONE,"Label ""Yêu cầu phối hợp"" matches NEVER_AUTO pattern.",,TEXTAREA
BM-213,"recipients.primaryLine","Nơi nhận chính",true,MANUAL,SAFE_GENERIC_PREFILL,GENERIC_TEXT,"Path ""recipients.primaryLine"" is generic/common boilerplate safe for prefill.",,TEXT
BM-213,"recipients.investigationAuthorityLine","Cơ quan thực hiện biện pháp kỹ thuật",true,MANUAL,NEVER_AUTO,NONE,"Label ""Cơ quan thực hiện biện pháp kỹ thuật"" matches NEVER_AUTO pattern.",,TEXT
BM-213,"recipients.otherRecipientsLine","Cơ quan, tổ chức phối hợp khác",false,MANUAL,NEVER_AUTO,NONE,"Label ""Cơ quan, tổ chức phối hợp khác"" matches NEVER_AUTO pattern.",,TEXT
BM-213,"recipients.archiveLine","Lưu hồ sơ",true,MANUAL,SAFE_GENERIC_PREFILL,GENERIC_TEXT,"Path ""recipients.archiveLine"" is generic/common boilerplate safe for prefill.",,TEXT
BM-213,"signature.signerName","Họ tên người ký",true,OFFICIAL,NEVER_AUTO,NONE,"Label ""Họ tên người ký"" matches NEVER_AUTO pattern.",,TEXT